# Protein-1,# Protein-2
4EBP1,AKT1
4EBP1,CCND1
14-3-3-zeta,AKT1
14-3-3-zeta,CSNK1A1
14-3-3-zeta,CTNNB1
14-3-3-zeta,PIK3R1
14-3-3-zeta,RAN
ABL1,CDC42
ABL1,CRK
ABL1,CTNNB1
ABL1,FOS
ABL1,FYN
ABL1,GRB2
ABL1,JUN
ABL1,NUP214
ABL1,SHC1
add1,ABL1
add1,AKT1
add1,CSK
AES,CCND1
AES,CTBP1
AES,CTNNB1
AES,HDAC1
AES,PRMT1
AES,RELA
AKT1,CDC23
AKT1,FYN
AKT1,STAT3
AKT1,STAT5B
AML1,NCOR1
AML1,TBP
ANAPC5,SMAD3
ANAPC5,TGFB1
ARA54,NCOR1
ARA54,RAN
ARA54,UBE2D1
ARA54,UBE2E1
ARA54,UBE2L3
ARA55,CRK
ARA55,CSK
ARA55,FOS
ARA55,FYN
ARA55,GIT1
ARA55,PTK2
ARA55,PTPN12
ARA55,RAN
ARA55,RHOA
ARA55,SMAD3
ARA55,SMAD7
ARA55,TGFBR2
ARA55,TRAF4
ARA70,RAN
ARRB1,HGS
ARRB2,FYN
ARRB2,HGS
BPAG1,CTNNB1
BPAG1,FOS
BPAG1,HDAC6
BRCA1,CCNB1
BRCA1,CCND1
BRCA1,CCNH
BRCA1,CDK4
BRCA1,FOS
BRCA1,FYN
BRCA1,GIT1
BRCA1,HDAC1
BRCA1,JUN
BRCA1,JUNB
BRCA1,MTA2
BRCA1,SMAD3
BRCA1,STAT3
BRCA1,STAT5B
CAMK2D,SMAD3
CAMK2D,STAT3
CAMK2D,STAT5B
CASP3,CASP7
CASP3,CRK
CASP3,CSK
CASP3,CTNNB1
CASP3,FLNA
CASP3,FYN
CASP3,JUP
CASP3,NOTCH3
CASP3,SHC1
CASP3,SNCA
CASP3,VAV1
CASP7,CSK
CAV1,CSK
CAV1,RHOA
CAV1,STAT5B
CAV1,VAV1
CCNB1,CDC23
CCNB1,CDC42
CCNB1,CDK4
CCNB1,CTNNB1
CCNB1,FLNA
CCNB1,FOXO1A
CCNB1,GIT1
CCNB1,HDAC6
CCNB1,HSPA8
CCNB1,ID2
CCNB1,PKN1
CCND1,CDK4
CCND1,CDKN1A
CCND1,HDAC1
CCND1,SMAD3
CCND1,TGFBR1
CCNH,CTNNB1
CCNH,ITGB4BP
CCNH,MCM5
CDC23,FOXO1A
CDC23,SNCA
CDC23,VAV1
CDC23,VIM
CDC37,HDAC1
CDC42,AKT1
CDC42,PIK3R1
CDC42,TNK2
CDC42,VAV1
CDK4,CDKN1A
CDK4,MCM5
CDK4,PRKACA
CDK4,SMAD3
CDK4,TGFB1
CDK4,TGFBR1
CDKN1A,HDAC1
CHK,CCND1
CHK,CDK4
CHK,CDKN1A
CHK,CSNK1A1
CHK,CSNK1D
CIAP2,CASP3
CIAP2,CASP7
CIAP2,NFKB1
CIAP2,RELA
CIN85,AP2B1
CIN85,CDC42
CIN85,DAB2
CIN85,GRB2
CIN85,HGS
CIN85,MAP3K4
CIN85,PIK3R1
CIR,HDAC1
CIR,HDAC6
CIR,MTA2
CIR,NCOR1
CIR,SAP18
CIR,SAP30
CIR,SNW1
CK2B,CSNK1A1
CK2B,CSNK1D
CK2B,FAF1
CLTC,HDAC1
CLTC,HGS
CLTC,PAPOLA
CLTC,SMAD3
CRK,CSK
CRK,FYN
CRK,GRB2
CRK,PTK2
CRK,STAT3
CRK,TNK2
CSK,ABL1
CSK,CTBP1
CSK,DAB2
CSK,EPOR
CSK,FYN
CSK,GRB2
CSK,KPNA2
CSK,PIK3CD
CSK,PRKAR1A
CSK,PTK2
CSK,SHC1
CSK,SMAD3
CSK,SNCA
CSK,STAT2
CSK,STAT3
CSK,STAT5B
CSK,TGFBR1
CSK,VAV1
CSNK1D,CSNK1A1
CTBP1,DAXX
CTBP1,HDAC1
CTBP1,PIK3CD
CTBP1,RELA
CTBP1,STAT2
CTBP1,ZFHX1B
CTBP2,HDAC1
CTNNB1,FYN
CTNNB1,HDAC1
CTNNB1,JUP
CTNNB1,SMAD3
CTNNB1,SMURF2
CTNNB1,TGFBR1
DAB2,FYN
DAB2,SMAD3
DAB2,TGFB1
DAP,PML
DAP,TNIP1
DAXX,HDAC1
DAXX,KPNA2
DAXX,SMAD3
DVL1,ARRB2
DVL1,CTNNB1
DVL1,CTNND1
DVL1,FZD4
DVL1,FZD5
DVL1,FZD6
DVL1,WNT5A
EBP1,KPNA3
EBP1,RPL30
EBP1,RPL4
EBP1,RPL8
EIF3S2,PSMD1
EIF3S2,SMARCA4
ENG,TGFB1
ENG,TGFBR1
ENG,TGFBR2
EPOR,ABL1
EPOR,FYN
EPOR,GRB2
EPOR,STAT3
EPOR,STAT5B
EPOR,VAV1
ERK1,AKT1
ERK1,ARRB2
ERK1,BRCA1
ERK1,CDC23
ERK1,CDK4
ERK1,CSK
ERK1,CTNNB1
ERK1,EPOR
ERK1,FOS
ERK1,FYN
ERK1,HDAC1
ERK1,HGS
ERK1,HSPA8
ERK1,ID2
ERK1,JUN
ERK1,JUNB
ERK1,MEF2A
ERK1,NUP214
ERK1,PLCG2
ERK1,PRKACA
ERK1,RAN
ERK1,RELA
ERK1,SF1
ERK1,SHC1
ERK1,SMAD3
ERK1,SMARCA4
ERK1,STAT3
ERK1,STAT5B
ERK1,TCF8
ERK1,TGFBR1
ERK1,VAV1
ERK1,VDR
FAF1,HDAC1
FBL,ITGB4BP
FBL,PRMT1
FBL,PSMD3
FKBP12,CCNB1
FKBP12,FYN
FKBP12,JUN
FKBP51,EIF3S2
FKBP51,SMAD3
FKBP51,TGFBR1
FLNA,FYN
FOS,HDAC1
FOS,JUN
FOS,JUNB
FOS,JUND
FOS,RELA
FOS,SMAD3
FOS,STAT3
FOS,STAT5B
FOS,VDR
FOS,ZFHX1B
FOXO1A,KPNA2
FOXO1A,SMAD3
FOXO1A,ZFHX1B
FRP2,FZD6
FYN,CDC42
FYN,GJA1
FYN,GRB2
FYN,HSPA8
FYN,MEF2A
FYN,PKN1
FYN,PTK2
FYN,PTPN12
FYN,RELA
FYN,RPL8
FYN,SHC1
FYN,SNCA
FYN,SOCS5
FYN,STAT2
FYN,STAT3
FYN,STAT5B
FYN,TGFB1
FYN,TGFBR2
FYN,VAV1
FYN,VIM
FZD4,WNT5A
GAPDH,SNCA
GAS1,GLI2
GAS1,RAB23
GIT1,GRB2
GIT1,KPNB1
GRB2,CDC42
GRB2,JUP
GRB2,PTK2
GRB2,PTPN12
GRB2,RELA
GRB2,SHC1
GRB2,STAT2
GRB2,STAT3
GRB2,STAT5B
GRB2,VAV1
HDAC1,HDAC6
HDAC1,JUN
HDAC1,KPNA2
HDAC1,MTA2
HDAC1,NCOR1
HDAC1,PAPOLA
HDAC1,PML
HDAC1,RELA
HDAC1,SMAD3
HDAC1,SMARCE1
HDAC1,SNCA
HDAC1,STAT2
HDAC1,STAT5B
HDAC6,ITGB4BP
HERP1,DAXX
HERP1,NFKB1
HGS,KPNB1
HGS,PLCG2
HGS,PRKACA
HGS,RAN
HGS,SMAD3
HGS,SMURF2
HGS,SNRPD2
HGS,TGFBR1
HGS,ZFHX1B
HSP90A,ANAPC5
HSP90A,CDC23
HSP90A,CDC37
HSP90A,CSK
HSP90A,HDAC1
HSP90A,HSPA8
HSP90A,RELA
HSP90A,STAT5B
HSP90A,STUB1
HSP90A,SUMO1
HSP90B,AP2B1
HSP90B,HSPA8
HSP90B,SUMO1
HSP90B,TBP
HSPA8,CLTC
HSPA8,RAN
HSPA8,STAT5B
HSPA8,STUB1
HSPA8,VAV1
ID2,ID3
ID3,TCF4
IKBA,BRCA1
IKBA,CASP3
IKBA,FAF1
IKBA,FOS
IKBA,FYN
IKBA,HDAC1
IKBA,JUN
IKBA,KPNA2
IKBA,PRKACA
IKBA,RELA
IKBA,STAT3
IKBA,STAT5B
IKKE,AKT1
IKKE,CDC37
IKKE,HSPA8
IKKE,STUB1
ITGB4BP,RPL4
ITGB4BP,RPL8
ITGB4BP,WDR12
JUN,JUNB
JUN,JUND
JUN,KPNA2
JUN,PRKACA
JUN,RELA
JUN,SMAD3
JUN,STAT3
JUN,STAT5B
JUN,TBP
JUN,TGFBR1
JUNB,JUND
JUNB,PRKACA
JUNB,RELA
JUNB,SMAD3
JUNB,TGFBR1
JUNB,ZFHX1B
JUND,TBP
JUND,TGFBR1
JUND,ZFHX1B
JUP,CSNK1A1
JUP,PRKACA
JUP,SMAD3
KPNA2,KPNB1
KPNA2,PIK3CD
KPNA2,RAN
KPNA2,RELA
KPNA2,SMAD3
KPNA2,STAT2
KPNA2,VDR
KPNA3,RAN
KPNB1,ABL1
KPNB1,RAN
KPNB1,RPL4
KPNB1,SMARCC2
MAIL,NFKB1
MAIL,RELA
MAML1,CCND1
MAML1,CTNNB1
MAML1,NOTCH3
MAML1,SNW1
MAP3K4,CDC42
MAP3K4,DVL1
MAP3K4,FLNA
MAP3K4,JUN
MAP3K4,TRAF4
MEF2A,SMAD3
MEK5,FOS
MEK5,JUN
MEK5,MEF2A
MEK5,STAT3
NCOR1,TBP
NIK,AKT1
NIK,HSPA8
NIK,NFKB1
NIK,RELA
NKIRAS2,AKT1
NKIRAS2,CTNNB1
NKIRAS2,GLI2
NKIRAS2,NFKB1
NKIRAS2,PSMD3
NKIRAS2,RELA
NR3C1,CALR
NR3C1,FOS
NR3C1,HDAC6
NR3C1,JUN
NR3C1,NCOR1
NR3C1,NFKB1
NR3C1,RELA
NR3C1,SMARCA4
NR3C1,STAT3
NR3C1,STAT5B
PAPOLA,CTBP1
PAPOLA,KPNB1
PEN2,APH1B
PEN2,CTNNB1
PEN2,NOTCH3
PIK3CD,SMAD3
PIK3CD,VAV1
PKN1,RELA
PLCG2,ABL1
PRKACA,CTNNB1
PRKACA,PRKAR1A
PRKACA,RELA
PSMC1,PSMC3
PSMC1,PSMD1
PSMC1,PSMD13
PSMC1,PSMD3
PSMC3,PSMD1
PSMC3,PSMD13
PSMC3,TBP
PSMD1,CLTC
PSMD1,PSMD13
PSMD1,PSMD3
PSMD3,PSMD13
PSMD13,ANAPC5
PSMD13,PSMB5
PTK2,ABL1
PTK2,SHC1
PTK2,STAT2
PTK2,STAT3
PTK2,STAT5B
PTK2,VAV1
PTPN12,PRKAR1A
PTPN12,STAT5B
PTPN12,STUB1
RAB23,EPS8
RACK1,FYN
RACK1,GRB2
RACK1,RPL4
RACK1,RPS13
RACK1,SDC2
RACK1,SHC1
RAI,JUP
RAI,NFKB1
RAI,RELA
RAN,HDAC1
RAN,NUP214
RAN,RELA
RAN,SUMO1
RAP74,TBP
RELA,SMAD3
RELA,SNCA
RELA,STAT3
RELA,STAT5B
REPS1,CRK
REPS1,GRB2
REQ,CASP7
REQ,SMARCE1
RHOA,PRKAR1A
RHOA,SMAD3
RHOA,TGFB1
RHOA,VAV1
RKIP,NFKB1
RPL4,RPL8
RSK1,AP2B1
RSK1,FOS
RSK1,GRB2
SAM68,CRK
SAM68,CSK
SAM68,FYN
SAM68,GRB2
SAM68,PIK3R1
SAM68,PRMT1
SAM68,STAT3
SHC1,TNK2
SHOC2,PAPOLA
SMAD3,NUP214
SMAD3,RAN
SMAD3,SMAD7
SMAD3,SMURF2
SMAD3,STAT2
SMAD3,STAT3
SMAD3,STUB1
SMAD3,TCF8
SMAD3,TGFB1
SMAD3,TGFBR1
SMAD3,TGFBR2
SMAD3,UBE2E1
SMAD3,VDR
SMAD3,ZFHX1B
SMAD7,TGFB1
SMARCC2,SMARCA4
SMARCC2,TBP
SMOH,ABL1
SMOH,ARRB1
SMOH,ARRB2
SMOH,CCND1
SMOH,CSNK1A1
SMOH,GAS1
SMOH,GLI2
SMOH,RAB23
SMURF2,NUP214
SMURF2,RAN
SNCA,VAV1
SNW1,NOTCH3
SNW1,SMAD3
SNW1,VDR
SNX1,HGS
SNX1,SNX6
SOCS5,STAT5B
SOCS5,VAV1
STAT2,ABL1
STAT2,STAT3
STAT2,STAT5B
STAT2,TNK2
STAT2,VAV1
STAT3,CCND1
STAT5B,ABL1
STAT5B,STAT3
STAT5B,TGFB1
STAT5B,VAV1
STAT5B,VAV3
STAT5B,VDR
STUB1,TGFB1
SUMO1,SMARCA4
TBP,SMARCA4
TCF8,ZFHX1B
TGFB1,RAN
TGFB1,TGFBR1
TGFB1,TGFBR2
TGFBR1,NUP214
TGFBR1,RAN
TGFBR1,TGFBR2
TGFBR1,VAV1
TGFBR1,VDR
TGFBR2,VAV1
TIP1,CTNNB1
TNFR1,CASP3
TNFR1,NFKB1
TNFR1,RELA
TNFR2,CSNK1A1
TNFR2,NFKB1
TNIP1,NFKB1
TNK2,CLTC
TNK2,FYN
TNK2,GRB2
TNK2,SHOC2
TPL2,AKT1
TPL2,JUN
TPL2,NFKB1
TPL2,RELA
TRUSS,APH1B
TRUSS,CTNNB1
TRUSS,NCOR1
TRUSS,RBX1
TRUSS,UBE2D1
UBCH5C,RAN
USP9,CCND1
USP9,SUMO1
VAV1,ABL1
VAV1,RAN
VAV1,STAT3
VDR,STAT3
VIM,PRKAR1A
ZIN,STAT3
ZIN,UBE2L3
ZNF216,RELA
