# Protein-1,# Protein-2
4EBP1,AKT1
4EBP1,CCND1
4EBP1,MAPK14
4EBP1,TFDP1
14-3-3-zeta,AKT1
14-3-3-zeta,BAD
14-3-3-zeta,CSNK1A1
14-3-3-zeta,CTNNB1
14-3-3-zeta,KRT18
14-3-3-zeta,PRKCA
14-3-3-zeta,RAN
ABIN2,FLNA
ABIN2,LYN
ABIN2,NFKB1
ABIN2,NFKB2
ABIN2,RELA
ABIN2,RIPK1
ABIN2,STK11
ABIN2,TAB2
ABIN2,TRAF2
ABL1,APP
ABL1,CBL
ABL1,CCNA2
ABL1,CDC42
ABL1,CRK
ABL1,CRKL
ABL1,CTNNB1
ABL1,FOS
ABL1,FYN
ABL1,GRB2
ABL1,MYC
ABL1,SHC1
ABL1,SRC
ABL1,TP53
ABL1,YAP1
add1,ABL1
add1,AKT1
add1,CSK
add1,CSNK1E
add1,HIPK2
add1,JAK1
add1,LYN
add1,PRKCA
add1,STK11
AIP4,ARRB2
AIP4,HGS
AIP4,JUNB
AIP4,LYN
AIP4,MET
AIP4,NUMB
AIP4,SMAD3
AKAP95,CASP3
AKAP95,CCND1
AKAP95,MYC
AKT1,CCNA2
AKT1,FYN
AKT1,PRKCA
AKT1,PRKCI
AKT1,STAT3
AKT1,STAT5B
AML1,CTCF
AML1,HAT1
AML1,NCOR1
AML1,PPP2CA
AML1,RUVBL1
ANAPC2,ANAPC4
ANAPC2,ANAPC5
ANAPC2,CCNB1
ANAPC2,CDC16
ANAPC2,CDK2
ANAPC2,FZR1
ANAPC2,PSMB5
ANAPC2,PSMC2
ANAPC2,PSMC3
ANAPC2,PSMD1
ANAPC2,PSMD13
ANAPC2,UBE2E1
ANAPC4,ANAPC5
ANAPC4,CCNB1
ANAPC4,CDC16
ANAPC4,CDK2
ANAPC4,FZR1
ANAPC4,PSMB5
ANAPC4,PSMC2
ANAPC4,PSMC3
ANAPC4,PSMD1
ANAPC4,PSMD13
ANAPC4,UBE2E1
ANAPC5,SMAD1
ANAPC5,SMAD3
ANAPC5,TGFB1
AO7,RELA
AO7,RNF4
AO7,UBE2D1
APH1A,APP
APH1A,CTNNB1
APH1A,NOTCH2
APH1A,NOTCH3
APH2,APH1A
APH2,APP
APH2,CTNNB1
APH2,NOTCH2
APH2,NOTCH3
APP,CRKL
APP,FYN
APPL2,HDAC1
APPL2,HDAC2
APPL2,RBBP7
ARA54,FHL2
ARA54,NCOA3
ARA54,NCOR1
ARA54,PIAS1
ARA54,RAN
ARA54,UBE2D1
ARA54,UBE2E1
ARA54,UBE2L3
ARA55,CRK
ARA55,CRKL
ARA55,CSK
ARA55,FOS
ARA55,FYN
ARA55,GIT1
ARA55,NCOA3
ARA55,PAK1
ARA55,PTK2
ARA55,PTPN12
ARA55,PXN
ARA55,RAN
ARA55,RHOA
ARA55,SMAD3
ARA55,SRC
ARA55,TGFBR2
ARA70,FHL2
ARA70,HRAS
ARA70,NCOA3
ARA70,RAN
ARAF1,HRAS
ARAF1,PRKCA
ARAF1,PRKCB
ARF4,PLD2
ARNIP,ARRB2
ARNIP,CAV1
ARNIP,GIT1
ARNIP,PRKCA
ARNIP,PRKCB
ARRB2,DVL3
ARRB2,FYN
ARRB2,HGS
ASE1,CCNA2
ASE1,CCNB1
ASE1,CDC16
ASE1,NCOR1
BAF53A,HAT1
BAF53A,MYC
BAF53A,RUVBL1
BAF53A,SMARCA4
BAF53A,SMARCB1
BAF53A,SMARCC1
BAF53A,SMARCC2
BAF53A,SMARCE1
BAG1,HSPA8
BP75,CCNH
BP75,PCAF
BPAG1,CTNNB1
BPAG1,FOS
BPAG1,HDAC6
BTRC2,APH1A
BTRC2,BTRC
BTRC2,CTNNB1
BTRC2,CUL1
BTRC2,FBXW7
BTRC2,GSK3B
BTRC2,RBX1
BTRC2,SKP1
BTRC2,SKP2
BTRC2,UBE2L3
CAMK2D,SMAD3
CAMK2D,STAT3
CAMK2D,STAT5B
CASP2,CDK7
CASP2,FADD
CASP2,FYN
CASP2,HDAC1
CASP2,HDAC2
CASP2,NFKB2
CASP2,RIPK1
CASP3,CASP7
CASP3,CBL
CASP3,CBLB
CASP3,CD44
CASP3,CRK
CASP3,CSK
CASP3,CTNNB1
CASP3,EPS15
CASP3,FLNA
CASP3,FYN
CASP3,NOTCH2
CASP3,NOTCH3
CASP3,PIK3R2
CASP3,PLD2
CASP3,PRKCI
CASP3,SHC1
CASP3,STAT1
CASP3,TRAF2
CASP7,CSK
CAV1,CBL
CAV1,CRKL
CAV1,CSK
CAV1,ERBB2
CAV1,GRB10
CAV1,LYN
CAV1,RHOA
CAV1,SRC
CAV1,STAT1
CAV1,STAT5B
CBL,APC
CBL,CBLB
CBL,CDC25C
CBL,CRK
CBL,CRKL
CBL,CSK
CBL,CTNNB1
CBL,DAB2
CBL,EPOR
CBL,ERBB2
CBL,FLNA
CBL,FYN
CBL,GRB10
CBL,GRB2
CBL,HD
CBL,JAK1
CBL,KRT18
CBL,LYN
CBL,MET
CBL,NCK2
CBL,PIK3R2
CBL,PTPN12
CBL,SHC1
CBL,SRC
CBL,STAT1
CBL,STAT3
CBL,STAT5B
CBL,WASL
CBLB,ABL1
CBLB,APC
CBLB,CRK
CBLB,CRKL
CBLB,CSK
CBLB,DAB2
CBLB,EPOR
CBLB,ERBB2
CBLB,FLNA
CBLB,FYN
CBLB,GRB10
CBLB,GRB2
CBLB,HD
CBLB,JAK1
CBLB,LYN
CBLB,MET
CBLB,PIK3R2
CBLB,PTK2
CBLB,PTPN12
CBLB,SHC1
CBLB,SRC
CBLB,STAT1
CBLB,STAT3
CBLB,STAT5B
CBLB,WASL
CCNA2,CCNB1
CCNA2,CCNB2
CCNA2,CCND1
CCNA2,CCNH
CCNA2,CDK2
CCNA2,CDK4
CCNA2,CDK7
CCNA2,E2F4
CCNA2,HDAC1
CCNA2,ID2
CCNA2,MCM7
CCNA2,SP1
CCNB1,CCNB2
CCNB1,CDC25C
CCNB1,CDC42
CCNB1,CDK2
CCNB1,CDK4
CCNB1,CTNNB1
CCNB1,FLNA
CCNB1,FOXO1A
CCNB1,FZR1
CCNB1,GIT1
CCNB1,HDAC6
CCNB1,HES1
CCNB1,HSPA8
CCNB1,ID2
CCNB1,MCM7
CCNB1,PKN1
CCNB1,PRKCA
CCNB1,PSMC2
CCNB1,RAC1
CCNB1,TP53
CCNB1,TRAF2
CCNB2,ABL1
CCNB2,CCNH
CCNB2,CDC25C
CCNB2,CDK2
CCNB2,CDK7
CCNB2,CDKN1A
CCNB2,ETS1
CCNB2,FOXO1A
CCNB2,FZR1
CCNB2,ID3
CCNB2,MCM5
CCNB2,MCM7
CCNB2,PRKCA
CCNB2,PSMC2
CCNB2,RBL2
CCNB2,RPS11
CCND1,CDK4
CCND1,CDKN1A
CCND1,DYRK1A
CCND1,HDAC1
CCND1,HDAC2
CCND1,PRKCI
CCND1,SMAD3
CCNH,CDK2
CCNH,CDK7
CCNH,CTNNB1
CCNH,FZR1
CCNH,ITGB4BP
CCNH,LYN
CCNH,MCM5
CD44,ERBB2
CD44,PRKCI
CD44,SMAD3
CD44,TGFB1
CDC16,CCNA2
CDC16,CCNB2
CDC16,CDK2
CDC16,CDK7
CDC16,CTNNB1
CDC16,FZR1
CDC16,ITGB4BP
CDC16,LYN
CDC16,MCM5
CDC16,PSMC2
CDC25C,CAMK2D
CDC25C,CCNA2
CDC25C,CDK2
CDC25C,CDKN1A
CDC25C,FLNA
CDC25C,MAPK14
CDC25C,PIN1
CDC25C,PKN1
CDC25C,TP53
CDC37,FZR1
CDC37,HDAC1
CDC37,HDAC2
CDC42,AKT1
CDC42,PAK1
CDC42,PRKCI
CDC42,SRC
CDC42,WASL
CDK2,CDK4
CDK2,CDK7
CDK2,CDKN1A
CDK2,CTNNB1
CDK2,FZR1
CDK2,GIT1
CDK2,HDAC2
CDK2,ID2
CDK2,MCM5
CDK2,MCM7
CDK2,PRKCA
CDK2,PSMC2
CDK2,SMAD1
CDK2,STAT1
CDK4,CDKN1A
CDK4,CTCF
CDK4,MCM5
CDK4,MCM7
CDK4,PRKACA
CDK4,SMAD1
CDK4,SMAD3
CDK4,SP1
CDK4,TGFB1
CDK7,APC
CDK7,FRAP1
CDK7,FZR1
CDK7,ID2
CDK7,ID3
CDK7,MAPK14
CDK7,TP53
CDKN1A,FZR1
CDKN1A,HDAC1
CDKN1A,HDAC2
CIAP1,AKT1
CIAP1,CASP3
CIAP1,CASP7
CIAP1,FADD
CIAP1,NFKB1
CIAP1,RIPK1
CIAP1,TRAF2
CIN85,AP2B1
CIN85,CBL
CIN85,CBLB
CIN85,CDC42
CIN85,DAB2
CIN85,EPS15
CIN85,GRB2
CIN85,HGS
CIN85,MAP3K4
CIN85,MET
CIN85,SPRY2
CIN85,SRC
CIR,HDAC1
CIR,HDAC2
CIR,HDAC6
CIR,NCOR1
CIR,SAP18
CIR,SNW1
CK2A1,APPL2
CK2A1,CTNNB1
CK2A1,DVL1
CK2A1,DVL2
CK2A1,DVL3
CK2A1,FOS
CK2A1,HDAC1
CK2A1,HDAC2
CK2A1,MYC
CK2A1,PLD2
CK2A1,RBBP7
CK2A1,RELA
CK2A2,CDC37
CK2A2,CTNNB1
CK2A2,DVL1
CK2A2,DVL2
CK2A2,DVL3
CK2A2,FOS
CK2A2,HDAC1
CK2A2,MYC
CK2A2,PIN1
CK2A2,RELA
CK2B,CSNK1A1
CK2B,CSNK1D
CK2B,CSNK1E
CK2B,FAF1
CK2B,GSK3B
CK2B,MTIF2
CLTC,EPS15
CLTC,HDAC1
CLTC,HDAC2
CLTC,HGS
CLTC,KRT18
CLTC,NUP153
CLTC,PAPOLA
CLTC,SMAD3
CLTC,WASL
COPS3,COPS5
COPS3,PSMD4
COPS3,SMAD1
COPS5,SMAD3
CRK,CSK
CRK,ERBB2
CRK,FYN
CRK,GRB2
CRK,JAK1
CRK,LYN
CRK,MET
CRK,PTK2
CRK,SRC
CRK,STAT1
CRK,STAT3
CRKL,CDC42
CRKL,CSK
CRKL,CSNK1E
CRKL,EPOR
CRKL,FYN
CRKL,GIT1
CRKL,GRB10
CRKL,GRB2
CRKL,JAK1
CRKL,LYN
CRKL,MET
CRKL,NCK2
CRKL,PIK3R2
CRKL,PPP2CA
CRKL,PRKCA
CRKL,PTK2
CRKL,PTPN12
CRKL,RAC1
CRKL,SMAD3
CRKL,SOCS5
CRKL,SRC
CRKL,STAT1
CRKL,STAT2
CRKL,STAT3
CRKL,STAT5B
CRKL,TRAF2
CRKL,WASL
CRM1,APC
CRM1,CCNB1
CRM1,CRK
CRM1,CTNNB1
CRM1,HDAC1
CRM1,NFKB1
CRM1,NUP153
CRM1,RAN
CRM1,RELA
CRM1,STAT1
CRM1,TP53
CSK,ABL1
CSK,CTBP1
CSK,DAB2
CSK,EPOR
CSK,FYN
CSK,GRB10
CSK,GRB2
CSK,HD
CSK,JAK1
CSK,KPNA2
CSK,LYN
CSK,MET
CSK,NCK2
CSK,PIK3CD
CSK,PIK3R2
CSK,PLD2
CSK,PRKAR1A
CSK,PRKCA
CSK,PTK2
CSK,SHC1
CSK,SMAD1
CSK,SMAD3
CSK,SRC
CSK,STAT1
CSK,STAT2
CSK,STAT3
CSK,STAT5B
CSNK1D,CSNK1A1
CSNK1D,DVL2
CSNK1D,DVL3
CSNK1D,IKBKAP
CSNK1E,APC
CSNK1E,EPS15
CSNK1E,FYN
CSNK1E,IKBKAP
CSNK1E,STAT5B
CTBP1,DAXX
CTBP1,ETS1
CTBP1,HD
CTBP1,HDAC1
CTBP1,NCOA3
CTBP1,PIK3CD
CTBP1,RELA
CTBP1,SPEN
CTBP1,STAT1
CTBP1,STAT2
CTBP2,HDAC1
CTBP2,HDAC2
CTCF,SP1
CTNNB1,APC
CTNNB1,FYN
CTNNB1,HDAC1
CTNNB1,HDAC2
CTNNB1,NOTCH2
CTNNB1,SMAD1
CTNNB1,SMAD3
CUL1,BTRC
CUL1,CDK2
CUL1,CDKN1A
CUL1,COPS5
CUL1,CTNNB1
CUL1,FBXW7
CUL1,FZR1
CUL1,NFKB1
CUL1,PSMD7
CUL1,RBX1
CUL1,SKP1
CUL1,SKP2
CUL1,SMAD3
DAB2,FYN
DAB2,LYN
DAB2,PIK3R2
DAB2,SMAD1
DAB2,SMAD3
DAB2,STAT1
DAB2,TGFB1
DAB2,WASL
DAP,FADD
DAP,PML
DAXX,FADD
DAXX,HDAC1
DAXX,KPNA2
DAXX,RIPK1
DAXX,SMAD3
DAXX,SP1
DAXX,STAT1
DDEF1,ARF4
DDEF1,CBL
DDEF1,CBLB
DDEF1,CRK
DDEF1,GRB2
DDEF1,PTK2
DDEF1,PXN
DDEF1,SRC
DDX3,CCNA2
DDX3,G3BP2
DDX3,GSK3B
DDX3,SP1
DVL1,APC
DVL1,ARRB2
DVL1,CSNK1E
DVL1,CTNNB1
DVL1,CTNND1
DVL1,DVL2
DVL1,DVL3
DVL1,FZD1
DVL1,FZD4
DVL1,FZD5
DVL1,FZD6
DVL1,FZD7
DVL1,GSK3B
DVL1,NOTCH2
DVL1,RAC1
DVL1,WNT5A
DVL2,CSNK1A1
DVL2,DVL3
DVL3,CSNK1A1
DVL3,SMAD3
DYRK1A,HGS
DYRK1A,SMAD1
DYRK1A,SMAD3
DYRK1A,TGFB1
E2F5,CCNA2
E2F5,E2F4
E2F5,SMARCA4
E2F5,STAT2
E2F5,TP53
E3B1,ABL1
E3B1,AKT1
E3B1,CDC42
E3B1,CRK
E3B1,EPS8
E3B1,LYN
E3B1,MYC
E3B1,RAC1
E3B1,SRC
E3B1,WASL
EBP1,ERBB2
EBP1,HDAC2
EBP1,KPNA3
EBP1,PAK1
EBP1,PRKCA
EBP1,RPL30
EBP1,RPL4
EBP1,RPL8
EF1A,BAD
EF1A,UBE3A
EIF3S2,PPP2CA
EIF3S2,PSMD1
EIF3S2,SMARCA4
ENG,CD44
ENG,SMAD1
ENG,SP1
ENG,TGFB1
ENG,TGFB3
ENG,TGFBR2
EPOR,ABL1
EPOR,FYN
EPOR,GRB2
EPOR,JAK1
EPOR,LYN
EPOR,PIK3R2
EPOR,SRC
EPOR,STAT1
EPOR,STAT3
EPOR,STAT5B
EPOR,WASL
EPS15,ERBB2
EPS15,GRB2
EPS15,HGS
EPS15,RPL8
ERBB2,ABL1
ERBB2,APC
ERBB2,FYN
ERBB2,GRB10
ERBB2,GRB2
ERBB2,HGS
ERBB2,KRT18
ERBB2,KRT8
ERBB2,LYN
ERBB2,MET
ERBB2,NCK2
ERBB2,PIK3R2
ERBB2,PLD2
ERBB2,PRKCA
ERBB2,PTK2
ERBB2,RIPK1
ERBB2,SHC1
ERBB2,SRC
ERBB2,STAT1
ERBB2,STAT3
ERBB2,STAT5B
ERBB2,WASL
ERK1,AKT1
ERK1,ARRB2
ERK1,BAD
ERK1,CBL
ERK1,CD44
ERK1,CDK2
ERK1,CDK4
ERK1,COPS3
ERK1,CRKL
ERK1,CSK
ERK1,CTNNB1
ERK1,DYRK1A
ERK1,EPOR
ERK1,ETS1
ERK1,FOS
ERK1,FYN
ERK1,GRB10
ERK1,HDAC1
ERK1,HGS
ERK1,HSPA8
ERK1,ID2
ERK1,JAK1
ERK1,JUNB
ERK1,KRT18
ERK1,LYN
ERK1,NCK2
ERK1,NCOA3
ERK1,NUP153
ERK1,PCAF
ERK1,PIK3R2
ERK1,PPP2CA
ERK1,PRKACA
ERK1,PRKCA
ERK1,PRKCI
ERK1,RAN
ERK1,RBL2
ERK1,RELA
ERK1,RIPK1
ERK1,SF1
ERK1,SHC1
ERK1,SMAD3
ERK1,SMARCA4
ERK1,SP1
ERK1,SRC
ERK1,STAT1
ERK1,STAT3
ERK1,STAT5B
ERK1,TP53
ERK1,VDR
ERK1,WASL
ERK2,AKT1
ERK2,CBL
ERK2,CBLB
ERK2,CDK2
ERK2,CRKL
ERK2,EPOR
ERK2,FYN
ERK2,GRB2
ERK2,HDAC1
ERK2,JAK1
ERK2,JUNB
ERK2,PRKCI
ERK2,PSMD4
ERK2,SMAD1
ERK2,SMAD3
ERK2,STAT1
ERK2,STAT2
ERK2,STAT3
ERK2,STAT5B
ERK2,TP53
ERM,CCND1
ERM,PKN1
ERM,PRKACA
ERM,PRKCA
ETS1,FOS
ETS1,HDAC1
ETS1,JUNB
ETS1,KPNA2
ETS1,RBL2
ETS1,SMAD1
ETS1,SMAD3
ETS1,STAT1
ETS1,STAT3
FADD,FYN
FADD,HSPA8
FADD,KRT18
FADD,NFKB2
FADD,RIPK1
FADD,STAT3
FADD,STAT5B
FAF1,HDAC1
FAF1,HDAC2
FANCD2,NCOA3
FANCD2,TP53
FBL,ITGB4BP
FBL,PRMT1
FBL,PSMD3
FBXW7,RBX1
FHL2,CCND1
FHL2,CTNNB1
FHL2,HIPK2
FHL2,NFKB1
FHL2,PTK2
FHL2,SMAD3
FHL2,TP53
FKBP12,CCNB1
FKBP12,FYN
FKBP51,EIF3S2
FKBP51,FZR1
FKBP51,SMAD3
FLNA,FYN
FLNA,NOTCH2
FOS,HDAC1
FOS,HDAC2
FOS,JUNB
FOS,NCOA3
FOS,PRKCA
FOS,RELA
FOS,RIPK1
FOS,SMAD1
FOS,SMAD3
FOS,SP1
FOS,STAT1
FOS,STAT3
FOS,STAT5B
FOS,VDR
FOXO1A,APC
FOXO1A,KPNA2
FOXO1A,PIAS1
FOXO1A,SMAD1
FOXO1A,SMAD3
FOXO1A,STAT1
FYN,APC
FYN,CDC42
FYN,GJA1
FYN,GRB10
FYN,GRB2
FYN,HD
FYN,HES1
FYN,HSPA8
FYN,JAK1
FYN,KRT18
FYN,LYN
FYN,MET
FYN,NCK2
FYN,PIK3R2
FYN,PKN1
FYN,PPP2CA
FYN,PRKCA
FYN,PTK2
FYN,PTPN12
FYN,RAC1
FYN,RELA
FYN,RPL8
FYN,SHC1
FYN,SOCS5
FYN,SRC
FYN,STAT1
FYN,STAT2
FYN,STAT3
FYN,STAT5B
FYN,TGFB1
FYN,TGFBR2
FYN,VIM
FYN,WASL
FZD1,WNT5A
FZD4,WNT5A
FZR1,CDC25C
FZR1,ID3
G3BP2,RELA
G3BP2,RPL8
GAPDH,APP
GAPDH,MYC
GAPDH,PLD2
GAS1,HIP1
GAS1,MYC
GAS1,RAB23
GIPC,AKT1
GIPC,CLTC
GIPC,DAB2
GIPC,ENG
GIPC,FZD1
GIPC,ITGA6
GIPC,PRKCA
GIPC,RAC1
GIT1,GRB2
GIT1,KPNB1
GIT1,MCM7
GIT1,NUP153
GJA1,LYN
GP130,ERBB2
GP130,FYN
GP130,JAK1
GP130,LYN
GP130,STAT1
GP130,STAT5B
GRB2,CDC42
GRB2,GRB10
GRB2,JAK1
GRB2,LYN
GRB2,MET
GRB2,NCK2
GRB2,PIK3R2
GRB2,PRKCA
GRB2,PRKCI
GRB2,PTK2
GRB2,PTPN12
GRB2,RAC1
GRB2,RANBP9
GRB2,RELA
GRB2,SHC1
GRB2,SRC
GRB2,STAT1
GRB2,STAT2
GRB2,STAT3
GRB2,STAT5B
GRB2,WASL
GRB10,ABL1
GRB10,JAK1
GRB10,LYN
GRB10,MET
GRB10,NCK2
GRB10,PIK3R2
GRB10,PTK2
GRB10,SRC
GRB10,STAT1
GRB10,STAT3
GRB10,STAT5B
GRIM19,STAT3
HAT1,RBBP7
HBO1,E2F4
HBO1,HDAC6
HBO1,SMARCA4
HD,HDAC1
HD,KPNA2
HD,SMAD3
HD,STAT1
HD,WASL
HDAC1,APC
HDAC1,HDAC2
HDAC1,HDAC6
HDAC1,KPNA2
HDAC1,NCOR1
HDAC1,PAPOLA
HDAC1,PML
HDAC1,RELA
HDAC1,SMAD3
HDAC1,SMARCE1
HDAC1,SP1
HDAC1,SPEN
HDAC1,STAT1
HDAC1,STAT2
HDAC1,STAT5B
HDAC1,TP53
HDAC1,YY1
HDAC2,MAPK14
HDAC2,MCM5
HDAC2,MCM7
HDAC2,RELA
HDAC2,SP1
HDAC2,STAT1
HDAC2,STAT2
HDAC2,STAT5B
HDAC2,TP53
HDAC6,ITGB4BP
HES1,ID1
HES1,ID2
HES1,ID3
HES1,ID4
HES1,JUNB
HES1,LYN
HES1,MYC
HES1,NCOA3
HES1,STAT1
HES1,STAT5B
HES1,TCF12
HGS,JAK1
HGS,KPNB1
HGS,PRKACA
HGS,RAN
HGS,SMAD1
HGS,SMAD3
HGS,SNRPD2
HGS,STK11
HIP1,ABL1
HIP1,CLTC
HIP1,CRK
HIP1,EPS15
HIP1,SRC
HIP1,WASL
HIPK2,SMAD3
HIPK2,SUMO2
HSP90A,ANAPC5
HSP90A,CBL
HSP90A,CDC37
HSP90A,COPS3
HSP90A,CSK
HSP90A,HDAC1
HSP90A,HDAC2
HSP90A,HSPA8
HSP90A,MAPK14
HSP90A,NUP153
HSP90A,RELA
HSP90A,STAT1
HSP90A,STAT5B
HSP90A,STUB1
HSP90A,SUMO1
HSP90A,SUMO2
HSP90B,AP2B1
HSP90B,HSPA8
HSP90B,KPNA6
HSP90B,MAPK14
HSP90B,NUP153
HSP90B,RUVBL1
HSP90B,SUMO1
HSPA8,APC
HSPA8,CLTC
HSPA8,LYN
HSPA8,NUP153
HSPA8,PRKCI
HSPA8,RAN
HSPA8,STAT1
HSPA8,STAT5B
HSPA8,STUB1
HSPA8,WASL
ID1,ID2
ID1,ID3
ID1,ID4
ID2,ID3
ID2,MITF
ID2,MYC
ID2,NCOA3
ID3,ID4
ID3,MITF
ID3,MYC
ID3,NCOA3
ID3,TCF12
ID4,TCF12
IKBA,CASP3
IKBA,FAF1
IKBA,FOS
IKBA,FYN
IKBA,HDAC1
IKBA,HDAC2
IKBA,KPNA2
IKBA,PCAF
IKBA,PPP2CA
IKBA,PRKACA
IKBA,RELA
IKBA,SP1
IKBA,STAT1
IKBA,STAT3
IKBA,STAT5B
IKBKAP,CSNK1A1
IKKB,CSK
IKKB,CTBP1
IKKB,KPNA2
IKKB,RELA
IKKB,SMAD3
IKKB,STAT1
ITGB4BP,POLR1B
ITGB4BP,RPL4
ITGB4BP,RPL8
ITGB4BP,WDR12
JAK1,ABL1
JAK1,LYN
JAK1,MET
JAK1,NCK2
JAK1,PIK3R2
JAK1,PTK2
JAK1,PTPN12
JAK1,SHC1
JAK1,SRC
JAK1,STAT1
JAK1,STAT2
JAK1,STAT3
JAK1,STAT5B
JAK1,WASL
JNK1,FOS
JNK1,SMAD1
JNK1,SMAD3
JNK1,STAT1
JNK1,STAT5B
JUNB,GSK3B
JUNB,MITF
JUNB,PRKACA
JUNB,RELA
JUNB,SMAD1
JUNB,SMAD3
JUNB,STAT1
KPNA2,APC
KPNA2,KPNA6
KPNA2,KPNB1
KPNA2,NCOA3
KPNA2,NUP153
KPNA2,PCAF
KPNA2,PIK3CD
KPNA2,RAN
KPNA2,RELA
KPNA2,SMAD3
KPNA2,SPEN
KPNA2,STAT1
KPNA2,STAT2
KPNA2,TP53
KPNA2,VDR
KPNA3,KPNA6
KPNA3,RAN
KPNA6,AP2B1
KPNA6,KPNB1
KPNA6,RAN
KPNA6,SNIP1
KPNA6,STAT5B
KPNA6,TP53
KPNB1,ABL1
KPNB1,LAMR1
KPNB1,NUP153
KPNB1,RAN
KPNB1,RPL4
KPNB1,SMARCC2
KPNB1,STAT1
KPNB1,TRAF2
KRT8,KRT18
KRT17,KRT18
KRT17,SFN
KRT18,RIPK1
LAMR1,NCOA3
LAMR1,PSMC2
LAMR1,RAN
LAMR1,RPL4
LAMR1,RPL8
LAMR1,SMAD3
LAMR1,TP53
LYN,ABL1
LYN,MET
LYN,NCK2
LYN,PIK3CD
LYN,PIK3R2
LYN,PLD2
LYN,PRKCA
LYN,PTK2
LYN,PTPN12
LYN,SHC1
LYN,SOCS5
LYN,SRC
LYN,STAT1
LYN,STAT2
LYN,STAT3
LYN,STAT5B
LYN,TGFB1
LYN,TGFBR2
MAML1,CCND1
MAML1,CTNNB1
MAML1,HES1
MAML1,NOTCH2
MAML1,NOTCH3
MAML1,PIAS1
MAML1,SNW1
MAML1,TP53
MAP1B,PLD2
MAP3K4,CDC42
MAP3K4,DVL1
MAP3K4,FLNA
MAP3K4,PRKCA
MAP3K4,PRKCB
MAP3K4,RAC1
MAPK14,ATF2
MAPK14,CDC42
MAPK14,KRT8
MAPK14,MITF
MAPK14,NCOA3
MAPK14,NFKB1
MAPK14,RAC1
MAPK14,RELA
MAPK14,SHC1
MAPK14,SMAD3
MAPK14,STAT1
MAPK14,STAT3
MAPK14,TAB2
MAPK14,TP53
MCM5,MCM7
MCM5,STAT1
MCM5,TFDP1
MCM7,TFDP1
MCM7,TRAF2
MEK1,AKT1
MEK1,CDC42
MEK1,HES1
MEK1,MAPK14
MEK1,SMAD3
MEK1,WNT5A
MEK2,MAPK14
MEK3,ATF2
MEK3,MAP3K4
MEK3,MAPK14
MEK3,NFKB1
MEK3,PKN1
MEK3,RAC1
MEK3,RIPK1
MEK3,TAB2
MEK3,TP53
MET,ABL1
MET,APC
MET,NCK2
MET,PIK3R2
MET,RAN
MET,SHC1
MET,SRC
MET,STAT1
MET,STAT3
MET,STAT5B
MET,WASL
MIG6,RPL30
MIG6,RPL4
MIG6,RPL6
MIG6,RPL8
MIG6,RPS11
MIG6,UXT
MITF,MYC
MITF,NCOA3
MKP1,FOS
MKP1,JUNB
MKP1,MAPK14
MKP1,NFKB1
MKP1,RAC1
MKP1,SKP2
MKP1,TP53
MYC,NCOA3
NCK2,ABL1
NCK2,PIK3R2
NCK2,PTK2
NCK2,SMAD1
NCK2,SMAD3
NCK2,SRC
NCK2,STAT1
NCK2,STAT3
NCK2,STAT5B
NCK2,TGFB1
NCK2,WASL
NFKB2,AKT1
NFKB2,APP
NFKB2,BTRC
NFKB2,CCND1
NFKB2,NFKB1
NFKB2,RELA
NFKB2,SP1
NFKB2,TRAF2
NGAP,AKT1
NGAP,CAV2
NGAP,CDK7
NGAP,DAB2
NGAP,HRAS
NGAP,NFKB2
NIK,AKT1
NIK,CASP2
NIK,FADD
NIK,HSPA8
NIK,NFKB1
NIK,NFKB2
NIK,RELA
NIK,RIPK1
NIK,SP1
NIK,TP53
NIK,TRAF2
NKIRAS1,AKT1
NKIRAS1,NFKB1
NKIRAS1,NFKB2
NKIRAS1,RELA
NKIRAS1,TRAF2
NOTCH2,NOTCH3
NOTCH2,SMAD3
NR3C1,BAG1
NR3C1,CALR
NR3C1,FOS
NR3C1,HDAC2
NR3C1,HDAC6
NR3C1,NCOA3
NR3C1,NCOR1
NR3C1,NFKB1
NR3C1,RELA
NR3C1,SMARCA4
NR3C1,SP1
NR3C1,STAT3
NR3C1,STAT5B
NR3C1,TP53
NSMAF,GRB10
NSMAF,MAP3K4
NSMAF,TRAF2
NUP153,EPS15
NUP153,ERBB2
NUP153,RANBP9
P204,LYN
PAF53,POLR1B
PAK1,AKT1
PAK1,CASP3
PAK1,FLNA
PAK1,GIT1
PAK1,GRB10
PAK1,GRB2
PAK1,NCK2
PAK1,PXN
PAK1,RAC1
PAK1,RHOA
PAPOLA,CTBP1
PAPOLA,CUL1
PAPOLA,KPNB1
PCAF,SMAD1
PCAF,SMAD3
PCAF,SMARCA4
PCAF,STAT1
PCAF,STK11
PCAF,TRAF2
PEN2,APH1A
PEN2,APP
PEN2,CTNNB1
PEN2,NOTCH2
PEN2,NOTCH3
PFDN2,SUMO1
PIAS1,NCOA3
PIAS1,PIK3CD
PIAS1,SMAD3
PIAS1,SPEN
PIAS1,STAT1
PIAS1,STAT5B
PIAS1,SUMO2
PIAS3,SMAD1
PIAS4,SMAD3
PIAS4,SMARCC2
PIAS4,STAT5B
PIAS4,SUMO1
PIK3CD,SMAD3
PIK3CD,STAT1
PIK3R2,ABL1
PIK3R2,PTK2
PIK3R2,SMAD1
PIK3R2,SMAD3
PIK3R2,SRC
PIK3R2,STAT1
PIK3R2,STAT3
PIK3R2,STAT5B
PIK3R2,WASL
PITPN,ARRB2
PITPN,CAMK2D
PITPN,CRK
PKN1,APC
PKN1,RELA
PLD2,RAC1
PLD2,SMAD3
POLR2H,POLR2L
POLR2H,STAT5B
PPP2CA,STAT1
PPP2CA,STAT3
PPP2CA,STAT5B
PRKACA,BAD
PRKACA,CTNNB1
PRKACA,GSK3B
PRKACA,PRKAR1A
PRKACA,PRKCA
PRKACA,RELA
PRKCA,SRC
PRKCA,STAT5B
PRKCB,GJA1
PRKCB,JAK1
PRKCB,PRKCA
PRKCB,RHOA
PSMB5,PSMD4
PSMC2,PSMC3
PSMC2,PSMD1
PSMC2,PSMD13
PSMC2,PSMD3
PSMC2,PSMD4
PSMC2,PSMD7
PSMC3,PSMD1
PSMC3,PSMD13
PSMC3,PSMD4
PSMC3,PSMD7
PSMD1,CLTC
PSMD1,PSMD13
PSMD1,PSMD3
PSMD1,PSMD4
PSMD1,PSMD7
PSMD3,COPS3
PSMD3,PSMD13
PSMD3,PSMD4
PSMD3,PSMD7
PSMD4,PSMD13
PSMD4,PSMD7
PSMD4,RELA
PSMD4,SUMO2
PSMD4,TRAF2
PSMD7,PSMD13
PSMD13,ANAPC5
PSMD13,PSMB5
PTK2,ABL1
PTK2,SHC1
PTK2,SRC
PTK2,STAT1
PTK2,STAT2
PTK2,STAT3
PTK2,STAT5B
PTPN12,APC
PTPN12,PRKAR1A
PTPN12,SRC
PTPN12,STAT1
PTPN12,STAT5B
PTPN12,STUB1
PTPN12,WASL
RAB5,AKT1
RAB5,APPL2
RAB5,CAV1
RAB5,CTNNB1
RAB5,EPS8
RAB5,MAPK14
RAB23,EPS8
RAC1,SMAD3
RACK1,FYN
RACK1,GRB2
RACK1,HRAS
RACK1,NSMAF
RACK1,PRKCA
RACK1,PRKCB
RACK1,RPL4
RACK1,RPS13
RACK1,SDC2
RACK1,SHC1
RACK1,SRC
RAI,NFKB1
RAI,RELA
RAI,SP1
RAI,TP53
RAIDD,CASP2
RAIDD,DAXX
RAIDD,FADD
RAIDD,GRB10
RAIDD,NFKB1
RAIDD,RIPK1
RAIDD,TP53
RAIDD,TRAF2
RALBP1,ABL1
RALBP1,CDC42
RALBP1,CSK
RALBP1,FYN
RALBP1,JAK1
RALBP1,LYN
RALBP1,MTIF2
RALBP1,RAC1
RALBP1,RALB
RALBP1,RAN
RALBP1,RHOA
RAN,HDAC1
RAN,RANBP9
RAN,RELA
RAN,SUMO1
RAP30,CCNH
RAP30,CDK9
RAP30,POLR2H
RAP30,POLR2L
RAP74,CDK9
RAP74,POLR2H
RB,FHL2
RBL2,RELA
RBL2,SP1
RBPSUH,CTBP1
RBPSUH,CTBP2
RBPSUH,FHL1
RBPSUH,HDAC1
RBPSUH,HDAC2
RBPSUH,HES1
RBPSUH,MAML1
RBPSUH,NFKB1
RBPSUH,NOTCH2
RBPSUH,NOTCH3
RBPSUH,SNW1
RBPSUH,SPEN
RBX1,ANAPC2
RBX1,ZNF259
RELA,PRKCI
RELA,SMAD3
RELA,SP1
RELA,SRC
RELA,STAT1
RELA,STAT3
RELA,STAT5B
RELA,TP53
REQ,CASP7
REQ,FADD
REQ,FHL2
REQ,SMARCE1
RHOA,PRKAR1A
RHOA,SMAD1
RHOA,SMAD3
RHOA,TGFB1
RIP2,AKT1
RIP2,CDC42
RIP2,PTK2
RIP2,RAC1
RIP2,RHOA
RIP2,SRC
RIPK1,NFKB2
RIPK1,STAT1
RIPK1,TRAF2
RKIP,CDK2
RKIP,GSK3B
RKIP,NFKB1
RKIP,PRKCA
RKIP,PRKCB
RKIP,YY1
RNF4,UBE2E1
RPA5,POLR1B
RPA5,POLR1D
RPA5,POLR2H
RPA5,POLR2L
RPL4,RPL8
RPL6,RPL8
RSK2,ETS1
SAM68,CBL
SAM68,CD44
SAM68,CRK
SAM68,CSK
SAM68,FYN
SAM68,GRB10
SAM68,GRB2
SAM68,LYN
SAM68,PIK3R2
SAM68,PRMT1
SAM68,SRC
SAM68,STAT3
SAP97,CDK2
SAP97,SRC
SAP97,UBE3A
SCF,APH1A
SCF,BTRC
SCF,CTNNB1
SCF,CUL1
SCF,FBXW7
SCF,GSK3B
SCF,RBX1
SCF,SKP1
SCF,SKP2
SCF,UBE2L3
SF1,APC
SF1,PRKCI
SHC1,SRC
SHP2,AKT1
SHP2,ERBB2
SHP2,FYN
SHP2,GRB2
SHP2,HRAS
SHP2,JAK1
SHP2,MET
SHP2,PIK3R2
SHP2,PTK2
SHP2,PXN
SHP2,STAT1
SHP2,STAT3
SINK,AKT1
SINK,ATF2
SINK,PPP2CA
SINK,RELA
SKP1,BTRC
SKP1,CCNA2
SKP1,CDK2
SKP1,CDKN1A
SKP1,CTNNB1
SKP1,FBXW7
SKP1,NFKB1
SKP1,PSMC2
SKP1,RBX1
SKP1,SKP2
SMAD1,COPS5
SMAD1,NUP153
SMAD1,RAN
SMAD1,SMAD3
SMAD1,SP1
SMAD1,STUB1
SMAD1,TGFB1
SMAD1,TGFBR2
SMAD1,TP53
SMAD1,VDR
SMAD1,VIM
SMAD3,NCOA3
SMAD3,NUP153
SMAD3,PRKCI
SMAD3,RAN
SMAD3,SP1
SMAD3,SPEN
SMAD3,STAT1
SMAD3,STAT2
SMAD3,STAT3
SMAD3,STUB1
SMAD3,TGFB1
SMAD3,TGFBR2
SMAD3,TP53
SMAD3,UBE2E1
SMAD3,VDR
SMARCB1,CCND1
SMARCB1,CDKN1A
SMARCB1,HDAC1
SMARCB1,MYC
SMARCB1,NCOR1
SMARCB1,SMARCA4
SMARCB1,SMARCC1
SMARCB1,SMARCC2
SMARCB1,SMARCE1
SMARCB1,TP53
SMARCB1,VIM
SMARCC1,FOXO1A
SMARCC1,HDAC1
SMARCC1,HDAC2
SMARCC1,HDAC6
SMARCC1,NCOR1
SMARCC1,PCAF
SMARCC1,SMARCA4
SMARCC1,VDR
SMARCC2,SMARCA4
SMARCC2,SMARCC1
SMRT,CTBP1
SMRT,NCOR1
SNW1,CDK9
SNW1,MYC
SNW1,NOTCH2
SNW1,NOTCH3
SNW1,RBL2
SNW1,SMAD3
SNW1,VDR
SNX1,EPS15
SNX1,HGS
SNX1,RAC1
SNX1,SNX2
SNX1,SNX6
SNX4,ABL1
SNX4,AKT1
SNX4,CDK9
SNX4,CSK
SNX4,FYN
SNX4,JAK1
SNX4,LYN
SNX4,RIPK1
SNX4,SRC
SNX6,JAK1
SOCS5,STAT5B
SP1,SPEN
SP1,STAT2
SP1,STAT3
SP1,SUMO2
SPEN,STAT1
SPRY2,LRP1
SRC,APC
SRC,STAT1
SRC,STAT2
SRC,STAT3
SRC,STAT5B
SRC,WASL
STAMBPL1,CLTC
STAMBPL1,COPS5
STAMBPL1,GRB2
STAT1,ABL1
STAT1,NCOA3
STAT1,PAPOLA
STAT1,RAC1
STAT1,RAN
STAT1,STAT2
STAT1,STAT3
STAT1,STAT5B
STAT1,TP53
STAT1,VDR
STAT2,ABL1
STAT2,STAT3
STAT2,STAT5B
STAT3,CCND1
STAT3,MYC
STAT3,PIAS3
STAT3,RAC1
STAT5B,ABL1
STAT5B,NUP153
STAT5B,RAC1
STAT5B,STAT3
STAT5B,TGFB1
STAT5B,VDR
STUB1,TGFB1
SUMO1,SMARCA4
SUMO1,SUMO2
SUMO1,ZNF259
T2BP,DVL2
T2BP,NFKB1
T2BP,TRAF2
TAB2,HIPK2
TAB2,NCOR1
TAB2,NFKB1
TAB2,NLK
TAB2,RIPK1
TAB2,TGFBR2
TAB2,TRAF2
TAK1,TAB2
TAK1,TRAF2
TAK1,VDR
TFDP2,CDC25C
TGFB1,RAN
TGFB1,TGFB3
TGFB1,TGFBR2
TIEG2,FAF1
TIEG2,HDAC6
TIP1,CTNNB1
TNFR1,CASP2
TNFR1,CASP3
TNFR1,FADD
TNFR1,JAK1
TNFR1,NFKB1
TNFR1,NSMAF
TNFR1,RELA
TNFR1,RIPK1
TNFR1,STAT1
TNFR1,TRAF2
TNFR2,CSNK1A1
TNFR2,NFKB1
TNFR2,RIPK1
TNFR2,STAT1
TNFR2,TRAF2
TP53,COPS5
TP53,NUP153
TP53,RAN
TRAF2,NUP153
TRAF2,WASL
TRUSS,APH1A
TRUSS,APP
TRUSS,CTNNB1
TRUSS,MYC
TRUSS,NCOR1
TRUSS,RBX1
TRUSS,RIPK1
TRUSS,TRAF2
TRUSS,UBE2D1
UBC9,CASP3
UBC9,GAS1
UBCH5B,BTRC
UBCH5B,CBL
UBCH5B,CUL1
UBCH5B,RBX1
UBCH5B,STUB1
UBCH5B,SUMO1
UBCH5B,UBE3A
UBCH5C,PFDN2
UBCH5C,PPP2CA
UBCH5C,RAN
UBE3A,HDAC1
UBE3A,MCM7
UBE3A,RBBP7
UBE3A,SAP18
UBE3A,TP53
UBE3A,UBE2D1
UBE3A,UBE2E1
UBE3A,UBE2L3
USP9,CCND1
USP9,SUMO1
USP9,SUMO2
UXT,RPL4
VDR,STAT3
VIM,PRKAR1A
WASL,ABL1
WASL,APC
WASL,CRK
WASL,RAC1
WASL,SHC1
WASL,SNX1
WASL,STAT3
WNT5A,FZD7
YES,ABL1
YES,CBLB
YES,CSK
YES,CTNND1
YES,FYN
YES,LYN
YES,MAPK14
YES,RAC1
YES,SRC
YY1,PAPOLA
ZIN,RIPK1
ZIN,STAT3
ZIN,UBE2L3
ZNF216,RELA
ZNF216,RIPK1
