# Protein-1,# Protein-2
4EBP1,AKT1
4EBP1,CCND1
4EBP1,EIF4E
4EBP1,MAPK14
4EBP1,TFDP1
14-3-3-zeta,AKT1
14-3-3-zeta,BAD
14-3-3-zeta,CDC25A
14-3-3-zeta,CDC25B
14-3-3-zeta,CSNK1A1
14-3-3-zeta,CTNNB1
14-3-3-zeta,FOXO4
14-3-3-zeta,KRT18
14-3-3-zeta,MST1R
14-3-3-zeta,PIK3R1
14-3-3-zeta,PRKCA
14-3-3-zeta,RAF1
14-3-3-zeta,RAN
A20,G3BP2
ABIN2,FLNA
ABIN2,LYN
ABIN2,NFKB1
ABIN2,NFKB2
ABIN2,REL
ABIN2,RELA
ABIN2,RIPK1
ABIN2,STK11
ABIN2,TAB2
ABIN2,TRAF2
ABL1,APP
ABL1,BCAR1
ABL1,CBL
ABL1,CCNA2
ABL1,CDC42
ABL1,CRK
ABL1,CRKL
ABL1,CTNNB1
ABL1,DOK1
ABL1,FOS
ABL1,FYN
ABL1,GRB2
ABL1,MDM2
ABL1,MYC
ABL1,NUP214
ABL1,PLCG1
ABL1,PLSCR1
ABL1,SHC1
ABL1,STAT5A
ABL1,TP53
ADAM10,ADAM17
ADAM10,APP
ADAM10,CD44
ADAM10,CDH1
ADAM10,CTNNB1
ADAM10,DLL4
ADAM10,EGF
ADAM10,EGFR
ADAM10,FHL2
ADAM10,FURIN
ADAM10,JAG1
ADAM10,JAG2
ADAM10,NOTCH1
ADAM10,NOTCH2
ADAM10,NOTCH3
ADAM10,PSEN1
ADAM17,APP
ADAM17,EGF
ADAM17,EGFR
ADAM17,ERBB2
ADAM17,FHL2
ADAM17,FURIN
ADAM17,NOTCH1
ADAM17,NOTCH2
ADAM17,NOTCH3
ADD1,ABL1
ADD1,AKT1
ADD1,BTK
ADD1,CSK
ADD1,CSNK1E
ADD1,FGR
ADD1,HIPK2
ADD1,JAK1
ADD1,LCK
ADD1,LYN
ADD1,PKN2
ADD1,PRKCA
ADD1,PRKCZ
ADD1,RAF1
ADD1,STK11
ADD1,TBK1
AES,AR
AES,CCND1
AES,CTBP1
AES,CTNNB1
AES,HDAC1
AES,LEF1
AES,MYC
AES,NOTCH1
AES,PRMT1
AES,RELA
AES,TLE1
AIP4,ARRB1
AIP4,ARRB2
AIP4,EGFR
AIP4,HGS
AIP4,JUNB
AIP4,KIT
AIP4,LYN
AIP4,MET
AIP4,NOTCH1
AIP4,NUMB
AIP4,SMAD3
AIP4,SMAD7
AKAP95,CASP3
AKAP95,CCND1
AKAP95,MYC
AKAP95,PRKAR2A
AKT1,CCNA2
AKT1,CDC23
AKT1,FYN
AKT1,NRAS
AKT1,PRKCA
AKT1,PRKCI
AKT1,PSEN1
AKT1,STAT3
AKT1,STAT5A
AML1,CTCF
AML1,HAT1
AML1,NCOR1
AML1,PPP2CA
AML1,RUVBL1
AML1,TBP
ANAPC1,ANAPC10
ANAPC1,ANAPC2
ANAPC1,CDC23
ANAPC2,ANAPC10
ANAPC2,ANAPC4
ANAPC2,ANAPC5
ANAPC2,ANAPC7
ANAPC2,CCNB1
ANAPC2,CDC16
ANAPC2,CDC23
ANAPC2,CDC27
ANAPC2,CDK2
ANAPC2,FZR1
ANAPC2,PSMB5
ANAPC2,PSMC2
ANAPC2,PSMC3
ANAPC2,PSMD1
ANAPC2,PSMD12
ANAPC2,PSMD13
ANAPC2,UBE2E1
ANAPC4,ANAPC1
ANAPC4,ANAPC10
ANAPC4,ANAPC5
ANAPC4,ANAPC7
ANAPC4,CCNB1
ANAPC4,CDC16
ANAPC4,CDC23
ANAPC4,CDC27
ANAPC4,CDK2
ANAPC4,FZR1
ANAPC4,PSMB5
ANAPC4,PSMC2
ANAPC4,PSMC3
ANAPC4,PSMD1
ANAPC4,PSMD12
ANAPC4,PSMD13
ANAPC4,UBE2E1
ANAPC5,SMAD1
ANAPC5,SMAD2
ANAPC5,SMAD3
ANAPC5,TGFB1
AO7,CDC34
AO7,RELA
AO7,RNF4
AO7,UBE2D1
APC,CDH1
APH1A,APP
APH1A,CTNNB1
APH1A,DLL4
APH1A,NOTCH1
APH1A,NOTCH2
APH1A,NOTCH3
APH1A,PLD1
APH1A,PSEN1
APH1A,PSEN2
APH2,ADAM10
APH2,APH1A
APH2,APP
APH2,CTNNB1
APH2,DLL4
APH2,NOTCH1
APH2,NOTCH2
APH2,NOTCH3
APH2,PLD1
APH2,PSEN1
APH2,PSEN2
APP,CRKL
APP,FYN
APP,STAT5A
APPL2,AKT2
APPL2,EGF
APPL2,HDAC1
APPL2,HDAC2
APPL2,MTA2
APPL2,PIK3CB
APPL2,PIK3R1
APPL2,RBBP7
APS,ABL1
APS,APC
APS,BCAR1
APS,BTK
APS,CAMK2G
APS,CASP3
APS,CAV1
APS,CBL
APS,CBLB
APS,CRKL
APS,CSK
APS,DOK1
APS,EGFR
APS,ERBB2
APS,FGR
APS,FYN
APS,GRAP
APS,GRB10
APS,GRB2
APS,GRB7
APS,ITGB4
APS,JAK1
APS,KIT
APS,LCK
APS,LYN
APS,MET
APS,MST1R
APS,NCK2
APS,PIK3R2
APS,PSEN1
APS,PSEN2
APS,PTK2
APS,PTK6
APS,SNCA
APS,SOCS3
APS,STAT1
APS,STAT2
APS,STAT3
APS,STAT5A
APS,TEC
APS,WASL
AR,AKT1
AR,BAG1
AR,BRCA1
AR,CCND1
AR,CTNNB1
AR,EGFR
AR,ERBB2
AR,FHL2
AR,NCOA2
AR,NCOA3
AR,NCOR1
AR,SMAD3
AR,SP1
AR,STAT3
AR,TP53
AR,UXT
ARA54,AR
ARA54,ESR1
ARA54,FHL2
ARA54,NCOA3
ARA54,NCOR1
ARA54,PIAS1
ARA54,RAN
ARA54,SPDEF
ARA54,SVIL
ARA54,UBE2D1
ARA54,UBE2E1
ARA54,UBE2L3
ARA55,AR
ARA55,CRK
ARA55,CRKL
ARA55,CSK
ARA55,FOS
ARA55,FYN
ARA55,GIT1
ARA55,NCOA2
ARA55,NCOA3
ARA55,PAK1
ARA55,PTK2
ARA55,PTPN12
ARA55,PXN
ARA55,RAN
ARA55,RHOA
ARA55,SMAD3
ARA55,SMAD7
ARA55,SPDEF
ARA55,SVIL
ARA55,TGFBR2
ARA55,TRAF4
ARA70,AR
ARA70,ESR1
ARA70,FHL2
ARA70,HRAS
ARA70,NCOA2
ARA70,NCOA3
ARA70,NRAS
ARA70,RAN
ARA70,SPDEF
ARA70,SVIL
ARA160,AR
ARA160,FHL2
ARA160,PIAS1
ARA160,RAN
ARA160,SMARCA4
ARA160,SPDEF
ARAF1,HRAS
ARAF1,NRAS
ARAF1,PIK3R1
ARAF1,PRKCA
ARAF1,PRKCB
ARAF1,PRKCD
ARF4,PLD2
ARNIP,AR
ARNIP,ARRB1
ARNIP,ARRB2
ARNIP,CAV1
ARNIP,GIT1
ARNIP,PRKCA
ARNIP,PRKCB
ARNIP,PRKCD
ARNIP,SNCA
ARRB1,HGS
ARRB2,DVL3
ARRB2,FYN
ARRB2,HGS
ARRB2,NRAS
ASE1,CCNA2
ASE1,CCNB1
ASE1,CDC16
ASE1,CDC27
ASE1,NCOR1
ATF1,CAPN3
ATF1,CTBP1
ATF1,FOS
ATF1,HDAC1
ATF1,HDAC2
ATF1,KPNA2
ATF1,PIAS1
ATF1,PKN2
ATF1,SMAD2
ATF1,SMAD3
ATF1,STAT1
ATF1,TCF3
ATF1,YY1
ATF3,FOS
ATF3,FOSB
AXAM2,AXIN1
AXAM2,DVL1
AXAM2,DVL3
AXAM2,KPNB1
AXAM2,NUP153
AXAM2,PML
AXAM2,RAN
AXAM2,SUMO1
AXAM2,SUMO2
AXIN1,APC
AXIN1,DOK1
AXIN1,GRB2
AXIN1,JUP
AXIN1,SMAD1
AXIN1,SMAD2
AXIN1,SMAD3
AXIN1,TGFBR1
BAD,CDC23
BAD,CDC25A
BAD,NRAS
BAD,RAF1
BAF53A,HAT1
BAF53A,MYC
BAF53A,RUVBL1
BAF53A,SMARCA4
BAF53A,SMARCB1
BAF53A,SMARCC1
BAF53A,SMARCC2
BAF53A,SMARCE1
BAF53A,SVIL
BAG1,HSPA8
BCAR1,BTK
BCAR1,CASP3
BCAR1,CASP8
BCAR1,CAV1
BCAR1,CBL
BCAR1,CBLB
BCAR1,CD44
BCAR1,CDC2
BCAR1,CRK
BCAR1,CRKL
BCAR1,CSK
BCAR1,CTNNB1
BCAR1,DOK1
BCAR1,FGR
BCAR1,FYN
BCAR1,GRAP
BCAR1,GRB10
BCAR1,GRB2
BCAR1,ITGB4
BCAR1,JUP
BCAR1,KIT
BCAR1,LYN
BCAR1,NCK2
BCAR1,PIK3R2
BCAR1,PLD2
BCAR1,PRKCI
BCAR1,PRKCZ
BCAR1,PTK2
BCAR1,RAF1
BCAR1,SHC1
BCAR1,SMAD2
BCAR1,SMAD3
BCAR1,SNCA
BCAR1,SNX2
BCAR1,STAT1
BCAR1,STAT3
BCAR1,STAT5A
BCAR1,WASL
BCL3,NOTCH2
BCL3,REL
BCL3,RELA
BCL3,RELB
BCL3,UBE2D1
BCL7A,CDC25A
BCL7A,FOXO4
BCL7A,PDCD2
BP75,CCNH
BP75,PCAF
BP75,TBP
BPAG1,CTNNB1
BPAG1,FOS
BPAG1,HDAC6
BPAG1,ITGB4
BRCA1,CCNB1
BRCA1,CCNB2
BRCA1,CCND1
BRCA1,CCNH
BRCA1,CDC25A
BRCA1,CDC25C
BRCA1,CDK4
BRCA1,CRKL
BRCA1,FOS
BRCA1,FYN
BRCA1,FZR1
BRCA1,GIT1
BRCA1,HDAC1
BRCA1,HDAC2
BRCA1,JUNB
BRCA1,KIT
BRCA1,MTA2
BRCA1,PCAF
BRCA1,POLR2H
BRCA1,RBL1
BRCA1,RELB
BRCA1,SMAD1
BRCA1,SMAD2
BRCA1,SMAD3
BRCA1,SP1
BRCA1,STAT1
BRCA1,STAT3
BRCA1,STAT5A
BRCA1,TP53
BTK,ABL1
BTK,CASP3
BTK,CASP7
BTK,CASP9
BTK,CBL
BTK,CBLB
BTK,CDC2
BTK,CDK2
BTK,CDK7
BTK,CRK
BTK,CRKL
BTK,CSK
BTK,DOK1
BTK,EGFR
BTK,FGR
BTK,FYN
BTK,GRAP
BTK,GRB10
BTK,GRB2
BTK,HES1
BTK,ITGB4
BTK,JAK1
BTK,KIT
BTK,LCK
BTK,LYN
BTK,MET
BTK,MST1R
BTK,NCK2
BTK,PIK3R2
BTK,PLCG1
BTK,PRKCA
BTK,PTK2
BTK,PTK6
BTK,SHC1
BTK,SNCA
BTK,SOCS3
BTK,SOCS5
BTK,STAT1
BTK,STAT2
BTK,STAT3
BTK,STAT5A
BTK,TEC
BTK,VAV2
BTRC,SMAD6
BTRC,SMAD7
BTRC2,APH1A
BTRC2,BRCA1
BTRC2,BTRC
BTRC2,CTNNB1
BTRC2,CUL1
BTRC2,FBXW7
BTRC2,GLI3
BTRC2,GSK3B
BTRC2,RBX1
BTRC2,SKP1
BTRC2,UBE2L3
CAMK2G,LYN
CAMK2D,SMAD3
CAMK2D,STAT3
CAMK2D,STAT5A
CAPN3,RELA
CAPN3,RPL8
CASP2,CASP8
CASP2,CASP9
CASP2,CDK7
CASP2,FADD
CASP2,FYN
CASP2,HDAC1
CASP2,HDAC2
CASP2,NFKB2
CASP2,PSEN1
CASP2,PSMD12
CASP2,RIPK1
CASP2,TRADD
CASP3,CASP7
CASP3,CASP8
CASP3,CASP9
CASP3,CBL
CASP3,CBLB
CASP3,CD44
CASP3,CDC2
CASP3,CRK
CASP3,CSK
CASP3,CTNNB1
CASP3,DOK1
CASP3,EIF4E
CASP3,FGR
CASP3,FLNA
CASP3,FYN
CASP3,ITGB4
CASP3,JAG2
CASP3,JUP
CASP3,KIT
CASP3,MEF2C
CASP3,NOTCH2
CASP3,NOTCH3
CASP3,PIK3R2
CASP3,PLCG1
CASP3,PLD2
CASP3,PRKCI
CASP3,PRKCZ
CASP3,PSEN1
CASP3,RAF1
CASP3,SHC1
CASP3,SNCA
CASP3,STAT1
CASP3,TRAF2
CASP7,CSK
CASP8,CASP9
CASP8,FADD
CASP8,FYN
CASP8,NFKB2
CASP8,PSEN1
CASP8,PSMD12
CASP8,RIPK1
CASP8,TRADD
CASP9,CSK
CASP9,FADD
CASP9,FYN
CASP9,NFKB2
CASP9,PRKCI
CASP9,PSEN1
CASP9,PSMD12
CASP9,RAF1
CASP9,RIPK1
CASP9,SMAD2
CASP9,STAT5A
CASP9,STUB1
CASP9,TRADD
CAV1,CBL
CAV1,CRKL
CAV1,CSK
CAV1,EGFR
CAV1,ERBB2
CAV1,FGR
CAV1,GRB10
CAV1,KIT
CAV1,LYN
CAV1,RHOA
CAV1,STAT1
CAV1,STAT5A
CBL,APC
CBL,CBLB
CBL,CDC23
CBL,CDC25A
CBL,CDC25C
CBL,CRK
CBL,CRKL
CBL,CSK
CBL,CTNNB1
CBL,DAB2
CBL,DOK1
CBL,EGF
CBL,EGFR
CBL,ERBB2
CBL,FGR
CBL,FLNA
CBL,FYN
CBL,GRAP
CBL,GRB10
CBL,GRB14
CBL,GRB2
CBL,GRB7
CBL,HD
CBL,ITGB4
CBL,JAK1
CBL,KIT
CBL,KRT18
CBL,LCK
CBL,LYN
CBL,MET
CBL,MST1R
CBL,NCK2
CBL,PARD3
CBL,PIK3R2
CBL,PRKCZ
CBL,PTK6
CBL,PTPN12
CBL,RAF1
CBL,SHC1
CBL,SNCA
CBL,STAT1
CBL,STAT3
CBL,STAT5A
CBL,SVIL
CBL,TEC
CBL,TGFBR1
CBL,VAV2
CBL,WASL
CBLB,ABL1
CBLB,APC
CBLB,CRK
CBLB,CRKL
CBLB,CSK
CBLB,DAB2
CBLB,DOK1
CBLB,EGF
CBLB,EGFR
CBLB,ERBB2
CBLB,FGR
CBLB,FLNA
CBLB,FYN
CBLB,GRAP
CBLB,GRB10
CBLB,GRB2
CBLB,GRB7
CBLB,HD
CBLB,ITGB4
CBLB,JAK1
CBLB,KIT
CBLB,LCK
CBLB,LYN
CBLB,MET
CBLB,MST1R
CBLB,PIK3R2
CBLB,PTK2
CBLB,PTK6
CBLB,PTPN12
CBLB,SHC1
CBLB,STAT1
CBLB,STAT3
CBLB,STAT5A
CBLB,SVIL
CBLB,TEC
CBLB,VAV2
CBLB,WASL
CCNA2,CCNB1
CCNA2,CCNB2
CCNA2,CCND1
CCNA2,CCNH
CCNA2,CDC25A
CCNA2,CDK2
CCNA2,CDK4
CCNA2,CDK7
CCNA2,E2F4
CCNA2,HDAC1
CCNA2,ID2
CCNA2,MCM7
CCNA2,MYB
CCNA2,RBL1
CCNA2,SP1
CCNB1,CCNB2
CCNB1,CDC2
CCNB1,CDC23
CCNB1,CDC25A
CCNB1,CDC25C
CCNB1,CDC42
CCNB1,CDK2
CCNB1,CDK4
CCNB1,CTNNB1
CCNB1,FLNA
CCNB1,FOXO1A
CCNB1,FOXO3A
CCNB1,FZR1
CCNB1,GIT1
CCNB1,HDAC6
CCNB1,HES1
CCNB1,HSPA8
CCNB1,ID2
CCNB1,LCK
CCNB1,MCM7
CCNB1,PKN1
CCNB1,PRKCA
CCNB1,PSMC2
CCNB1,RAC1
CCNB1,RGS16
CCNB1,TP53
CCNB1,TRAF2
CCNB2,ABL1
CCNB2,CCNH
CCNB2,CDC23
CCNB2,CDC25A
CCNB2,CDC25B
CCNB2,CDC25C
CCNB2,CDK2
CCNB2,CDK7
CCNB2,CDKN1A
CCNB2,ETS1
CCNB2,FOXO1A
CCNB2,FOXO3A
CCNB2,FZR1
CCNB2,ID3
CCNB2,MCM5
CCNB2,MCM7
CCNB2,PRKCA
CCNB2,PSMC2
CCNB2,RBL1
CCNB2,RBL2
CCNB2,RPS11
CCND1,CDK4
CCND1,CDKN1A
CCND1,DYRK1A
CCND1,HDAC1
CCND1,HDAC2
CCND1,LCK
CCND1,PRKCI
CCND1,RBL1
CCND1,SMAD2
CCND1,SMAD3
CCND1,TGFBR1
CCNH,AR
CCNH,CDC2
CCNH,CDC25A
CCNH,CDK2
CCNH,CDK7
CCNH,CTNNB1
CCNH,FZR1
CCNH,ITGB4BP
CCNH,LYN
CCNH,MCM5
CCNH,TCF3
CD44,ERBB2
CD44,GRAP
CD44,KIT
CD44,MMP7
CD44,PRKCI
CD44,RAF1
CD44,SMAD2
CD44,SMAD3
CD44,STAT5A
CD44,TGFB1
CDC2,CDC25C
CDC2,CDK2
CDC2,GRAP
CDC2,HDAC1
CDC2,HDAC2
CDC2,KIT
CDC2,STAT1
CDC2,STAT5A
CDC16,ANAPC10
CDC16,AR
CDC16,BRCA1
CDC16,CCNA2
CDC16,CCNB2
CDC16,CDC2
CDC16,CDC23
CDC16,CDC25A
CDC16,CDK2
CDC16,CDK7
CDC16,CTNNB1
CDC16,FZR1
CDC16,ITGB4BP
CDC16,LYN
CDC16,MCM5
CDC16,PSMC2
CDC16,TCF3
CDC23,CDC25A
CDC23,CDC25C
CDC23,CDC27
CDC23,CDK2
CDC23,FOXO1A
CDC23,FOXO3A
CDC23,FZR1
CDC23,KRT18
CDC23,MST1R
CDC23,PARD3
CDC23,PIK3R2
CDC23,PRKCA
CDC23,PRKCI
CDC23,PSMC2
CDC23,RAF1
CDC23,SNCA
CDC23,VIM
CDC25A,CDC25C
CDC25A,CDK2
CDC25A,CDK7
CDC25A,CDKN1A
CDC25A,CSK
CDC25A,ERBB2
CDC25A,ETS1
CDC25A,FZR1
CDC25A,ID3
CDC25A,KRT18
CDC25A,MST1R
CDC25A,NFYA
CDC25A,NRAS
CDC25A,PARD3
CDC25A,PIK3R2
CDC25A,PRKACA
CDC25A,PRKCZ
CDC25A,RAF1
CDC25A,RBL1
CDC25A,RBL2
CDC25A,SALL1
CDC25A,SMAD1
CDC25A,SMAD2
CDC25A,SNCA
CDC25A,TGFBR1
CDC25B,FGR
CDC25B,LYN
CDC25C,CAMK2D
CDC25C,CCNA2
CDC25C,CDC25B
CDC25C,CDK2
CDC25C,CDKN1A
CDC25C,FLNA
CDC25C,MAPK14
CDC25C,PIN1
CDC25C,PKN1
CDC25C,TP53
CDC27,FZR1
CDC34,CUL1
CDC34,RAN
CDC34,RBX1
CDC34,RELA
CDC37,FZR1
CDC37,HDAC1
CDC37,HDAC2
CDC42,AKT1
CDC42,PAK1
CDC42,PIK3R1
CDC42,PLD1
CDC42,PRKCI
CDC42,PRKCZ
CDC42,TNK2
CDC42,WASL
CDK2,CDK4
CDK2,CDK7
CDK2,CDKN1A
CDK2,CTNNB1
CDK2,FGR
CDK2,FOXO3A
CDK2,FZR1
CDK2,GIT1
CDK2,HDAC2
CDK2,ID2
CDK2,MCM5
CDK2,MCM7
CDK2,PRKCA
CDK2,PSMC2
CDK2,RBL1
CDK2,SMAD1
CDK2,SMAD2
CDK2,STAT1
CDK2,STAT5A
CDK2,TCF3
CDK2,TGFBR1
CDK4,AR
CDK4,CDK6
CDK4,CDKN1A
CDK4,CTCF
CDK4,ESR1
CDK4,MCM5
CDK4,MCM7
CDK4,PKN2
CDK4,PRKACA
CDK4,RBL1
CDK4,SIN3A
CDK4,SMAD1
CDK4,SMAD2
CDK4,SMAD3
CDK4,SP1
CDK4,TGFB1
CDK4,TGFBR1
CDK6,SMAD1
CDK6,SMAD2
CDK6,SMAD3
CDK6,TGFB1
CDK7,APC
CDK7,AR
CDK7,ESR1
CDK7,FRAP1
CDK7,FZR1
CDK7,ID2
CDK7,ID3
CDK7,MAPK14
CDK7,RBL1
CDK7,TP53
CDKN1A,FZR1
CDKN1A,HDAC1
CDKN1A,HDAC2
CEACAM1,CRKL
CEACAM1,ERBB2
CEACAM1,STAT5A
CHK,AXIN1
CHK,CCNA2
CHK,CCND1
CHK,CDK2
CHK,CDK4
CHK,CDKN1A
CHK,CSNK1A1
CHK,CSNK1D
CHK,CSNK1E
CHK,PRKAR2A
CIAP1,AKT1
CIAP1,CASP3
CIAP1,CASP7
CIAP1,CASP8
CIAP1,CASP9
CIAP1,CYLD
CIAP1,FADD
CIAP1,NFKB1
CIAP1,RIPK1
CIAP1,TRADD
CIAP1,TRAF1
CIAP1,TRAF2
CIAP1,TRAF3
CIAP2,CASP2
CIAP2,CASP3
CIAP2,CASP7
CIAP2,CASP8
CIAP2,CASP9
CIAP2,FADD
CIAP2,MYB
CIAP2,NFKB1
CIAP2,RELA
CIAP2,RIPK1
CIAP2,TRADD
CIAP2,TRAF1
CIAP2,TRAF2
CIAP2,TRAF3
CIN85,AP2A1
CIN85,AP2B1
CIN85,BCAR1
CIN85,CBL
CIN85,CBLB
CIN85,CDC42
CIN85,DAB2
CIN85,EGF
CIN85,EGFR
CIN85,GRB2
CIN85,HGS
CIN85,KIT
CIN85,MET
CIN85,PIK3R1
CIN85,SPRY2
CIN85,TRADD
CIR,HDAC1
CIR,HDAC2
CIR,HDAC6
CIR,MTA2
CIR,NCOR1
CIR,NOTCH1
CIR,SAP18
CIR,SAP30
CIR,SNW1
CK2A1,APPL2
CK2A1,CTNNB1
CK2A1,DVL1
CK2A1,DVL3
CK2A1,FOS
CK2A1,HDAC1
CK2A1,HDAC2
CK2A1,MTA2
CK2A1,MYC
CK2A1,PLD2
CK2A1,RBBP7
CK2A1,RELA
CK2A1,SIN3A
CK2B,CSNK1A1
CK2B,CSNK1D
CK2B,CSNK1E
CK2B,FAF1
CK2B,GSK3B
CK2B,MTIF2
CK2B,PRKAR2A
CLTC,HDAC1
CLTC,HDAC2
CLTC,HGS
CLTC,KRT18
CLTC,NUP153
CLTC,PAPOLA
CLTC,SMAD2
CLTC,SMAD3
CLTC,WASL
COPS3,COPS5
COPS3,EIF4E
COPS3,NRAS
COPS3,PSMD12
COPS3,PSMD4
COPS3,SMAD1
COPS5,PSMD12
COPS5,SMAD2
COPS5,SMAD3
CREB,ATF2
CREB,BRCA1
CREB,CAMK2G
CREB,FOS
CREB,HIPK2
CREB,JUND
CREB,MITF
CREB,PRKACA
CREB,PRKAR2A
CREB,SP1
CRK,CSK
CRK,EGFR
CRK,ERBB2
CRK,FGR
CRK,FYN
CRK,GRB2
CRK,JAK1
CRK,KIT
CRK,LCK
CRK,LYN
CRK,MET
CRK,MST1R
CRK,PTK2
CRK,PTK6
CRK,STAT1
CRK,STAT3
CRK,STAT5A
CRK,TEC
CRK,TNK2
CRKL,CDC42
CRKL,CSK
CRKL,CSNK1E
CRKL,DOK1
CRKL,EGFR
CRKL,FGR
CRKL,FYN
CRKL,GIT1
CRKL,GLG1
CRKL,GRAP
CRKL,GRB10
CRKL,GRB14
CRKL,GRB2
CRKL,GRB7
CRKL,JAK1
CRKL,KIT
CRKL,LCK
CRKL,LYN
CRKL,MET
CRKL,NCK2
CRKL,PIK3R2
CRKL,PPP2CA
CRKL,PRKCA
CRKL,PTK2
CRKL,PTK6
CRKL,PTPN12
CRKL,RAC1
CRKL,RAF1
CRKL,SMAD3
CRKL,SNCA
CRKL,SOCS3
CRKL,SOCS5
CRKL,STAT1
CRKL,STAT2
CRKL,STAT3
CRKL,STAT5A
CRKL,TEC
CRKL,TGFBR1
CRKL,TRAF2
CRKL,VAV3
CRKL,WASL
CRM1,APC
CRM1,CCNB1
CRM1,CRK
CRM1,CTNNB1
CRM1,FOXO4
CRM1,HDAC1
CRM1,NFKB1
CRM1,NUP153
CRM1,NUP214
CRM1,RAN
CRM1,RELA
CRM1,STAT1
CRM1,TP53
CSK,ABL1
CSK,CTBP1
CSK,DAB2
CSK,DOK1
CSK,EGFR
CSK,FGR
CSK,FYN
CSK,GRAP
CSK,GRB10
CSK,GRB2
CSK,HD
CSK,ITGB4
CSK,JAK1
CSK,KIT
CSK,KPNA2
CSK,LCK
CSK,LYN
CSK,MET
CSK,NCK2
CSK,PIK3R2
CSK,PLCG1
CSK,PLD2
CSK,PRKAR1A
CSK,PRKCA
CSK,PTK2
CSK,PTK6
CSK,RAF1
CSK,SHC1
CSK,SMAD1
CSK,SMAD2
CSK,SMAD3
CSK,SNCA
CSK,SOCS3
CSK,STAT1
CSK,STAT2
CSK,STAT3
CSK,STAT5A
CSK,TCF3
CSK,TEC
CSK,TGFBR1
CSNK1D,CSNK1A1
CSNK1D,DCP1A
CSNK1D,DVL3
CSNK1D,IKBKAP
CSNK1E,APC
CSNK1E,DCP1A
CSNK1E,FYN
CSNK1E,GRAP
CSNK1E,IKBKAP
CSNK1E,JUP
CSNK1E,STAT5A
CTBP1,DAXX
CTBP1,ETS1
CTBP1,HD
CTBP1,HDAC1
CTBP1,MYB
CTBP1,NCOA3
CTBP1,RELA
CTBP1,SMAD2
CTBP1,SPEN
CTBP1,STAT1
CTBP1,STAT2
CTBP1,TCF3
CTBP1,ZFHX1B
CTBP2,CDH1
CTBP2,HDAC1
CTBP2,HDAC2
CTBP2,LEF1
CTBP2,MDM2
CTCF,SP1
CTNNB1,APC
CTNNB1,FYN
CTNNB1,HDAC1
CTNNB1,HDAC2
CTNNB1,JUP
CTNNB1,KIT
CTNNB1,LEF1
CTNNB1,NOTCH2
CTNNB1,PSEN1
CTNNB1,SMAD1
CTNNB1,SMAD2
CTNNB1,SMAD3
CTNNB1,TGFBR1
CUL1,AXIN1
CUL1,BTRC
CUL1,CDK2
CUL1,CDKN1A
CUL1,COPS5
CUL1,CTNNB1
CUL1,FBXW7
CUL1,FZR1
CUL1,NFKB1
CUL1,PSMD7
CUL1,RBX1
CUL1,SKP1
CUL1,SMAD3
DAAM1,APC
DAAM1,ARF4
DAB2,FGR
DAB2,FYN
DAB2,LYN
DAB2,PIK3R2
DAB2,SMAD1
DAB2,SMAD2
DAB2,SMAD3
DAB2,STAT1
DAB2,STAT5A
DAB2,TGFB1
DAB2,WASL
DAP,FADD
DAP,PML
DAP,TNIP1
DAXX,FADD
DAXX,HDAC1
DAXX,KPNA2
DAXX,RIPK1
DAXX,SIN3A
DAXX,SMAD2
DAXX,SMAD3
DAXX,SP1
DAXX,STAT1
DAXX,TCF3
DCP1A,HSPA8
DCP1A,NCK2
DDEF1,ARF4
DDEF1,CBL
DDEF1,CBLB
DDEF1,CRK
DDEF1,GRB2
DDEF1,PTK2
DDEF1,PXN
DDEF1,REPS2
DDX3,CCNA2
DDX3,G3BP2
DDX3,GSK3B
DDX3,SP1
DDX3,TBK1
DNM,ARRB2
DNM,CAV1
DNM,DLL4
DNM,EGF
DNM,EGFR
DNM,GRB2
DNM,JAG1
DNM,JAG2
DNM,NOTCH1
DNM,PIAS1
DNM,PIK3R1
DNM,PLCG1
DNM,SP1
DOK1,EGFR
DOK1,FGR
DOK1,FYN
DOK1,GRAP
DOK1,GRB10
DOK1,KIT
DOK1,LCK
DOK1,LYN
DOK1,NCK2
DOK1,PIK3R2
DOK1,PKN2
DOK1,STAT5A
DOK1,TGFBR1
DOK1,TRAF2
DOK1,WASL
DSP,APC
DSP,FOS
DVL1,APC
DVL1,ARRB2
DVL1,AXIN1
DVL1,CSNK1E
DVL1,CTNNB1
DVL1,CTNND1
DVL1,DAAM1
DVL1,DVL3
DVL1,FZD4
DVL1,FZD6
DVL1,GSK3B
DVL1,NOTCH1
DVL1,NOTCH2
DVL1,RAC1
DVL3,CSNK1A1
DVL3,JUP
DVL3,SMAD3
DYRK1A,HGS
DYRK1A,JUP
DYRK1A,SMAD1
DYRK1A,SMAD2
DYRK1A,SMAD3
DYRK1A,TGFB1
E2F5,BRCA1
E2F5,CCNA2
E2F5,E2F4
E2F5,REL
E2F5,RELB
E2F5,SMARCA4
E2F5,STAT2
E2F5,TP53
E3B1,ABL1
E3B1,AKT1
E3B1,CDC42
E3B1,CRK
E3B1,EGF
E3B1,EGFR
E3B1,EPS8
E3B1,FGR
E3B1,LYN
E3B1,MYC
E3B1,RAC1
E3B1,WASL
EBP1,AR
EBP1,EGFR
EBP1,ERBB2
EBP1,HDAC2
EBP1,KPNA3
EBP1,PAK1
EBP1,PRKCA
EBP1,RPL30
EBP1,RPL4
EBP1,RPL8
EBP1,SIN3A
EF1A,BAD
EF1A,UBE3A
EGF,EGFR
EGF,ERBB2
EGF,GRB7
EGF,RAF1
EGF,WASL
EGFR,ABL1
EGFR,ERBB2
EGFR,ESR1
EGFR,FGR
EGFR,FYN
EGFR,GRAP
EGFR,GRB10
EGFR,GRB2
EGFR,GRB7
EGFR,HGS
EGFR,ITGB4
EGFR,JAG2
EGFR,JAK1
EGFR,JUP
EGFR,KIT
EGFR,LCK
EGFR,LYN
EGFR,MET
EGFR,NCK2
EGFR,PIK3R2
EGFR,PLCG1
EGFR,PRKCI
EGFR,PRKCZ
EGFR,PTK2
EGFR,PTK6
EGFR,SHC1
EGFR,SOCS3
EGFR,STAT1
EGFR,STAT3
EGFR,STAT5A
EGFR,TEC
EGFR,WASL
EIF3S2,PPP2CA
EIF3S2,PSMD1
EIF3S2,SMARCA4
EIF4E,FBL
EIF4E,G3BP2
EIF4E,GSK3B
ELK1,HES1
ELK1,JUNB
ELK1,JUND
ELK1,KPNA2
ELK1,RAF1
ELK1,SMAD2
ELK1,SMAD3
ELK1,STAT1
ELK1,STAT5A
ELK1,TCF3
ELK3,ATF1
ELK3,CCNB1
ELK3,CCND1
ELK3,CCNH
ELK3,FOS
ELK3,JUNB
ELK3,JUND
ELK3,PCAF
ELK3,RBL1
ELK3,RBL2
ELK3,SMARCA4
ENG,CD44
ENG,KIT
ENG,SMAD1
ENG,SMAD2
ENG,SMAD4
ENG,SP1
ENG,TGFB1
ENG,TGFB2
ENG,TGFB3
ENG,TGFBR1
ENG,TGFBR2
EPS8,SMAD2
EPS15R,AP2A1
EPS15R,AP2B1
EPS15R,CBL
EPS15R,CLTC
EPS15R,EGF
EPS15R,EGFR
EPS15R,HGS
EPS15R,NUMB
EPS15R,SPRY2
ERBB2,ABL1
ERBB2,APC
ERBB2,ESR1
ERBB2,FGR
ERBB2,FYN
ERBB2,GRB10
ERBB2,GRB14
ERBB2,GRB2
ERBB2,GRB7
ERBB2,HGS
ERBB2,KIT
ERBB2,KRT18
ERBB2,KRT8
ERBB2,LCK
ERBB2,LYN
ERBB2,MET
ERBB2,MST1R
ERBB2,NCK2
ERBB2,PIK3R2
ERBB2,PLCG1
ERBB2,PLD1
ERBB2,PLD2
ERBB2,PLSCR1
ERBB2,PRKCA
ERBB2,PTK2
ERBB2,PTK6
ERBB2,RIPK1
ERBB2,SHC1
ERBB2,SOCS3
ERBB2,STAT1
ERBB2,STAT3
ERBB2,STAT5A
ERBB2,TEC
ERBB2,VAV3
ERBB2,WASL
ERK1,AKT1
ERK1,AR
ERK1,ARRB2
ERK1,ATF1
ERK1,ATF3
ERK1,AXIN1
ERK1,BAD
ERK1,BRCA1
ERK1,BTK
ERK1,CASP9
ERK1,CBL
ERK1,CD44
ERK1,CDC23
ERK1,CDC25A
ERK1,CDK2
ERK1,CDK4
ERK1,COPS3
ERK1,CRKL
ERK1,CSK
ERK1,CTNNB1
ERK1,DYRK1A
ERK1,EGFR
ERK1,ESR1
ERK1,ETS1
ERK1,FOS
ERK1,FOXO3A
ERK1,FYN
ERK1,GRB10
ERK1,HDAC1
ERK1,HGS
ERK1,HSPA8
ERK1,ID2
ERK1,JAK1
ERK1,JUNB
ERK1,KIT
ERK1,KRT18
ERK1,LCK
ERK1,LEF1
ERK1,LYN
ERK1,MEF2A
ERK1,MEF2C
ERK1,NCK2
ERK1,NCOA3
ERK1,NFYA
ERK1,NRAS
ERK1,NUP153
ERK1,NUP214
ERK1,PCAF
ERK1,PIK3R2
ERK1,PKN2
ERK1,PLCG2
ERK1,PPP2CA
ERK1,PRKACA
ERK1,PRKCA
ERK1,PRKCI
ERK1,PRKCZ
ERK1,RAF1
ERK1,RAN
ERK1,RBL1
ERK1,RBL2
ERK1,RELA
ERK1,RIPK1
ERK1,SF1
ERK1,SHC1
ERK1,SMAD2
ERK1,SMAD3
ERK1,SMAD4
ERK1,SMARCA4
ERK1,SP1
ERK1,STAT1
ERK1,STAT3
ERK1,STAT5A
ERK1,SVIL
ERK1,TCF8
ERK1,TGFBR1
ERK1,TP53
ERK1,VDR
ERK1,WASL
ERK2,AKT1
ERK2,CBL
ERK2,CBLB
ERK2,CDK2
ERK2,CRKL
ERK2,FGR
ERK2,FYN
ERK2,GRB2
ERK2,HDAC1
ERK2,JAK1
ERK2,JUNB
ERK2,KIT
ERK2,MEF2C
ERK2,NRAS
ERK2,NUP214
ERK2,PRKCI
ERK2,PSMD4
ERK2,RAF1
ERK2,SMAD1
ERK2,SMAD2
ERK2,SMAD3
ERK2,STAT1
ERK2,STAT2
ERK2,STAT3
ERK2,STAT5A
ERK2,SVIL
ERK2,TGFBR1
ERK2,TP53
ERM,CCND1
ERM,PKN1
ERM,PRKACA
ERM,PRKCA
ERM,PRKCZ
ERM,RBL1
ERT,EGFR
ERT,ERBB2
ERT,ESR1
ERT,JAK1
ERT,MYC
ERT,NFKB1
ERT,PAK1
ESR1,FOS
ESR1,HDAC1
ESR1,KPNA2
ESR1,LAMR1
ESR1,RAF1
ESR1,RELA
ESR1,RELB
ESR1,SMAD1
ESR1,SMAD2
ESR1,SMAD3
ESR1,STAT1
ESR1,STAT5A
ESR1,TCF3
ETS1,FOS
ETS1,HDAC1
ETS1,JUNB
ETS1,JUND
ETS1,KPNA2
ETS1,RAF1
ETS1,RBL2
ETS1,SMAD1
ETS1,SMAD2
ETS1,SMAD3
ETS1,STAT1
ETS1,STAT3
ETS1,STAT5A
ETS1,TCF3
ETS1,TGFBR1
FADD,FYN
FADD,HSPA8
FADD,KRT18
FADD,NFKB2
FADD,PSMD12
FADD,RIPK1
FADD,STAT3
FADD,STAT5A
FADD,TGFBR1
FADD,TRADD
FADD,TRAF1
FAF1,HDAC1
FAF1,HDAC2
FAF1,TRADD
FANCD2,NCOA3
FANCD2,TP53
FBL,ITGB4BP
FBL,POLR1A
FBL,PRMT1
FBL,PSMD3
FBXW7,RBX1
FGR,ABL1
FGR,CASP8
FGR,CDC42
FGR,FYN
FGR,GIT1
FGR,GJA1
FGR,GRB10
FGR,GRB2
FGR,JAK1
FGR,KIT
FGR,LCK
FGR,LYN
FGR,MET
FGR,NCK2
FGR,PIK3R2
FGR,PLCG1
FGR,PLD2
FGR,PRKCA
FGR,PTK2
FGR,PTK6
FGR,PTPN12
FGR,RAC1
FGR,SHC1
FGR,SNCA
FGR,SOCS3
FGR,SOCS5
FGR,STAT1
FGR,STAT2
FGR,STAT3
FGR,STAT5A
FGR,TEC
FGR,VAV2
FGR,WASL
FHL2,BRCA1
FHL2,CCND1
FHL2,CDH1
FHL2,CTNNB1
FHL2,ESR1
FHL2,HIPK2
FHL2,NFKB1
FHL2,PSEN2
FHL2,PTK2
FHL2,SMAD2
FHL2,SMAD3
FHL2,SMAD4
FHL2,TP53
FKBP12,CCNB1
FKBP12,FYN
FKBP12,PSEN1
FKBP12,RAF1
FKBP12,SMAD2
FKBP12,STAT5A
FKBP51,CDC25A
FKBP51,EIF3S2
FKBP51,FZR1
FKBP51,SMAD3
FKBP51,TGFBR1
FLNA,FYN
FLNA,LCK
FLNA,NOTCH2
FOS,AR
FOS,FOSB
FOS,HDAC1
FOS,HDAC2
FOS,JUNB
FOS,JUND
FOS,MYB
FOS,NCOA3
FOS,NFYA
FOS,PRKCA
FOS,RAF1
FOS,RELA
FOS,RIPK1
FOS,SALL1
FOS,SMAD1
FOS,SMAD2
FOS,SMAD3
FOS,SMAD4
FOS,SP1
FOS,STAT1
FOS,STAT3
FOS,STAT5A
FOS,VDR
FOS,ZFHX1B
FOSB,JUNB
FOSB,JUND
FOXO1A,APC
FOXO1A,KPNA2
FOXO1A,PIAS1
FOXO1A,SMAD1
FOXO1A,SMAD2
FOXO1A,SMAD3
FOXO1A,STAT1
FOXO1A,TCF3
FOXO1A,ZFHX1B
FOXO3A,JUP
FOXO3A,PCAF
FOXO3A,RAN
FOXO3A,SMAD1
FOXO3A,SMAD2
FOXO3A,SMAD3
FOXO3A,ZFHX1B
FOXO4,APC
FOXO4,CDK2
FOXO4,RAN
FOXO4,SMAD1
FOXO4,SMAD2
FOXO4,ZFHX1B
FRP2,FZD6
FYN,APC
FYN,CDC42
FYN,GJA1
FYN,GRAP
FYN,GRB10
FYN,GRB14
FYN,GRB2
FYN,GRB7
FYN,HD
FYN,HES1
FYN,HSPA8
FYN,JAK1
FYN,KIT
FYN,KRT18
FYN,LCK
FYN,LYN
FYN,MEF2A
FYN,MET
FYN,MST1R
FYN,NCK2
FYN,NRAS
FYN,PIK3CB
FYN,PIK3R2
FYN,PKN1
FYN,PKN2
FYN,PLCG1
FYN,PPP2CA
FYN,PRKCA
FYN,PRKCD
FYN,PRKCZ
FYN,PSEN1
FYN,PSEN2
FYN,PTK2
FYN,PTK6
FYN,PTPN12
FYN,RAC1
FYN,RAF1
FYN,RELA
FYN,RPL8
FYN,SHC1
FYN,SNCA
FYN,SOCS3
FYN,SOCS5
FYN,STAT1
FYN,STAT2
FYN,STAT3
FYN,STAT5A
FYN,TEC
FYN,TGFB1
FYN,TGFBR2
FYN,TRAF1
FYN,VIM
FYN,WASL
FZR1,CDC25C
FZR1,ID3
FZR1,SALL1
G3BP2,RELA
G3BP2,RPL8
GAB2,GRB2
GAB2,PRKCA
GAB2,RELA
GAB2,SMAD3
GAB2,TGFBR1
GAPDH,APP
GAPDH,AR
GAPDH,MYC
GAPDH,PLD2
GAPDH,SNCA
GIPC,AKT1
GIPC,CLTC
GIPC,DAB2
GIPC,ENG
GIPC,ITGA6
GIPC,PRKCA
GIPC,RAC1
GIPC,TGFBR3
GIT1,GRB2
GIT1,KPNB1
GIT1,MCM7
GIT1,NUP153
GJA1,LYN
GJA1,RAF1
GJA1,STAT5A
GLG1,WASL
GP130,BTK
GP130,EGFR
GP130,ERBB2
GP130,FYN
GP130,JAK1
GP130,LYN
GP130,NRAS
GP130,STAT1
GP130,STAT5A
GRAP,ABL1
GRAP,GRB10
GRAP,GRB2
GRAP,GRB7
GRAP,ITGB4
GRAP,JUP
GRAP,KIT
GRAP,LCK
GRAP,LYN
GRAP,MET
GRAP,NCK2
GRAP,PIK3R2
GRAP,PLD2
GRAP,PRKCA
GRAP,PRKCZ
GRAP,PTK2
GRAP,RAF1
GRAP,RPL6
GRAP,SNCA
GRAP,SOCS5
GRAP,STAT1
GRAP,STAT5A
GRAP,TBK1
GRAP,TEC
GRAP,WASL
GRB2,CDC42
GRB2,GRB10
GRB2,GRB14
GRB2,GRB7
GRB2,JAK1
GRB2,JUP
GRB2,KIT
GRB2,LCK
GRB2,LYN
GRB2,MET
GRB2,MST1R
GRB2,NCK2
GRB2,PIK3R2
GRB2,PLCG1
GRB2,PRKCA
GRB2,PRKCI
GRB2,PTK2
GRB2,PTK6
GRB2,PTPN12
GRB2,RAC1
GRB2,RAF1
GRB2,RANBP9
GRB2,RELA
GRB2,SHC1
GRB2,SOCS3
GRB2,STAT1
GRB2,STAT2
GRB2,STAT3
GRB2,STAT5A
GRB2,TBK1
GRB2,TEC
GRB2,WASL
GRB7,GRB14
GRB7,NCK2
GRB7,PIK3R2
GRB7,PTK6
GRB7,SOCS3
GRB7,STAT1
GRB7,STAT5A
GRB7,TEC
GRB7,WASL
GRB10,ABL1
GRB10,JAK1
GRB10,KIT
GRB10,LCK
GRB10,LYN
GRB10,MET
GRB10,MST1R
GRB10,NCK2
GRB10,NRAS
GRB10,PIK3R2
GRB10,PTK2
GRB10,PTK6
GRB10,RAF1
GRB10,SOCS3
GRB10,STAT1
GRB10,STAT3
GRB10,STAT5A
GRB10,TEC
GRB10,TNK2
GRB14,NCK2
GRB14,PIK3R2
GRB14,SOCS3
GRB14,STAT1
GRB14,STAT5A
GRB14,TEC
GRIM19,STAT3
GTFII-I,BTK
GTFII-I,FOS
GTFII-I,HDAC1
GTFII-I,HDAC2
GTFII-I,MYC
GTFII-I,SMAD2
GTFII-I,SP1
GTFII-I,STAT1
GTFII-I,STAT3
GTFII-I,YY1
HAT1,RBBP7
HBO1,E2F4
HBO1,ELK1
HBO1,HDAC6
HBO1,SMARCA4
HD,HDAC1
HD,KPNA2
HD,MEF2C
HD,PSEN1
HD,SMAD2
HD,SMAD3
HD,STAT1
HD,TCF3
HD,WASL
HDAC1,APC
HDAC1,AR
HDAC1,HDAC2
HDAC1,HDAC6
HDAC1,KPNA2
HDAC1,MTA2
HDAC1,MYB
HDAC1,NCOR1
HDAC1,NFYA
HDAC1,PAPOLA
HDAC1,PML
HDAC1,RBL1
HDAC1,RELA
HDAC1,RELB
HDAC1,SIN3A
HDAC1,SMAD2
HDAC1,SMAD3
HDAC1,SMAD4
HDAC1,SMARCE1
HDAC1,SNCA
HDAC1,SP1
HDAC1,SPEN
HDAC1,STAT1
HDAC1,STAT2
HDAC1,STAT5A
HDAC1,TCF3
HDAC1,TP53
HDAC1,YY1
HDAC2,MAPK14
HDAC2,MCM5
HDAC2,MCM7
HDAC2,MTA2
HDAC2,MYB
HDAC2,RELA
HDAC2,RELB
HDAC2,SALL1
HDAC2,SIN3A
HDAC2,SMAD2
HDAC2,SNCA
HDAC2,SP1
HDAC2,STAT1
HDAC2,STAT2
HDAC2,STAT5A
HDAC2,TP53
HDAC6,ITGB4BP
HES1,HES6
HES1,ID1
HES1,ID2
HES1,ID3
HES1,ID4
HES1,JUNB
HES1,LYN
HES1,MYC
HES1,NCOA3
HES1,STAT1
HES1,STAT5A
HES1,TCF12
HES1,TCF3
HES1,TEC
HES6,ID1
HES6,ID2
HES6,ID3
HES6,ID4
HES6,MITF
HES6,MYC
HES6,NCOA3
HES6,TCF3
HGS,JAK1
HGS,KPNB1
HGS,MYB
HGS,PLCG2
HGS,PRKACA
HGS,RAN
HGS,SMAD1
HGS,SMAD2
HGS,SMAD3
HGS,SNRPD2
HGS,STK11
HGS,SVIL
HGS,TGFBR1
HGS,ZFHX1B
HIP1,ABL1
HIP1,CLTC
HIP1,CRK
HIP1,WASL
HIPK2,SMAD2
HIPK2,SMAD3
HIPK2,SUMO2
HIPK2,TGFBR1
HIVEP3,FHL1
HIVEP3,GRB10
HIVEP3,NFKB2
HIVEP3,REL
HIVEP3,RING1
HIVEP3,STXBP1
HIVEP3,TRAF1
HIVEP3,TRAF2
HRAS,NRAS
HRAS,PIK3CB
HSP90A,ANAPC5
HSP90A,ATF1
HSP90A,CBL
HSP90A,CDC23
HSP90A,CDC37
HSP90A,COPS3
HSP90A,CSK
HSP90A,EGFR
HSP90A,FOXO3A
HSP90A,HDAC1
HSP90A,HDAC2
HSP90A,HSPA8
HSP90A,MAPK14
HSP90A,NRAS
HSP90A,NUP153
HSP90A,PRKCZ
HSP90A,RELA
HSP90A,SMAD4
HSP90A,STAT1
HSP90A,STAT5A
HSP90A,STUB1
HSP90A,SUMO1
HSP90A,SUMO2
HSP90B,AP2B1
HSP90B,FOXO3A
HSP90B,GLI3
HSP90B,HSPA8
HSP90B,KPNA6
HSP90B,MAPK14
HSP90B,NUP153
HSP90B,RUVBL1
HSP90B,SUMO1
HSP90B,TBP
HSPA8,APC
HSPA8,CLTC
HSPA8,LYN
HSPA8,NUP153
HSPA8,PRKCI
HSPA8,RAF1
HSPA8,RAN
HSPA8,STAT1
HSPA8,STAT5A
HSPA8,STUB1
HSPA8,TEC
HSPA8,WASL
ICAT,APC
ICAT,AXIN1
ICAT,CTNNB1
ICAT,GSK3B
ICAT,LEF1
ID1,ID2
ID1,ID3
ID1,ID4
ID1,TCF3
ID2,ID3
ID2,MITF
ID2,MYC
ID2,NCOA3
ID2,TCF3
ID3,ID4
ID3,MITF
ID3,MYC
ID3,NCOA3
ID3,TCF12
ID3,TCF3
ID4,TCF12
ID4,TCF3
IKBA,AR
IKBA,BCAR1
IKBA,BRCA1
IKBA,CASP3
IKBA,ESR1
IKBA,FAF1
IKBA,FOS
IKBA,FYN
IKBA,HDAC1
IKBA,HDAC2
IKBA,KIT
IKBA,KPNA2
IKBA,MST1R
IKBA,PCAF
IKBA,PPP2CA
IKBA,PRKACA
IKBA,PRKCZ
IKBA,REL
IKBA,RELA
IKBA,RELB
IKBA,SP1
IKBA,STAT1
IKBA,STAT3
IKBA,STAT5A
IKBA,TEC
IKBB,RELB
IKBE,RELB
IKBKAP,CSNK1A1
IKKB,CSK
IKKB,CTBP1
IKKB,KPNA2
IKKB,RELA
IKKB,SMAD2
IKKB,SMAD3
IKKB,STAT1
IKKB,TCF3
IKKE,AKT1
IKKE,CDC37
IKKE,HSPA8
IKKE,NCK2
IKKE,RAF1
IKKE,RIPK1
IKKE,STUB1
IKKE,TBK1
ITGB4,KIT
ITGB4,WASL
ITGB4BP,POLR1B
ITGB4BP,RPL4
ITGB4BP,RPL8
ITGB4BP,WDR12
JAG1,JAG2
JAG1,MFNG
JAG1,NOTCH2
JAG1,PSEN1
JAG1,PSEN2
JAG2,NOTCH2
JAG2,NOTCH3
JAG2,PSEN1
JAG2,PSEN2
JAK1,ABL1
JAK1,KIT
JAK1,LCK
JAK1,LYN
JAK1,MET
JAK1,MST1R
JAK1,NCK2
JAK1,NRAS
JAK1,PIK3R2
JAK1,PLCG1
JAK1,PTK2
JAK1,PTK6
JAK1,PTPN12
JAK1,SHC1
JAK1,SOCS3
JAK1,STAT1
JAK1,STAT2
JAK1,STAT3
JAK1,STAT5A
JAK1,TEC
JAK1,WASL
JNK1,FOS
JNK1,RAF1
JNK1,SMAD1
JNK1,SMAD2
JNK1,SMAD3
JNK1,STAT1
JNK1,STAT5A
JNK1,TGFBR1
JNKK2,CASP2
JNKK2,CASP8
JNKK2,CDC42
JNKK2,FADD
JNKK2,FYN
JNKK2,PAK1
JNKK2,RAC1
JNKK2,RIPK1
JNKK2,TRADD
JNKK2,TRAF1
JUNB,GSK3B
JUNB,JUND
JUNB,MITF
JUNB,PRKACA
JUNB,RELA
JUNB,SMAD1
JUNB,SMAD2
JUNB,SMAD3
JUNB,STAT1
JUNB,TGFBR1
JUNB,ZFHX1B
JUND,MITF
JUND,RAF1
JUND,SMAD1
JUND,SMAD2
JUND,STAT5A
JUND,TBP
JUND,TGFBR1
JUND,ZFHX1B
JUP,APC
JUP,CSNK1A1
JUP,KIT
JUP,PPP2CA
JUP,PRKACA
JUP,PSEN1
JUP,SMAD3
KIT,ABL1
KIT,CASP8
KIT,LCK
KIT,LYN
KIT,MST1R
KIT,NCK2
KIT,PIK3CB
KIT,PIK3R2
KIT,PLCG1
KIT,PLD2
KIT,PPP2CA
KIT,PRKCZ
KIT,PTK2
KIT,PTK6
KIT,RAF1
KIT,SHC1
KIT,SNCA
KIT,SNX2
KIT,SOCS3
KIT,STAT1
KIT,STAT3
KIT,STAT5A
KIT,TEC
KIT,TGFBR1
KIT,WASL
KPNA2,APC
KPNA2,AR
KPNA2,KPNA6
KPNA2,KPNB1
KPNA2,MYB
KPNA2,NCOA3
KPNA2,NUP153
KPNA2,PCAF
KPNA2,RAN
KPNA2,RELA
KPNA2,RELB
KPNA2,SMAD2
KPNA2,SMAD3
KPNA2,SMAD4
KPNA2,SPEN
KPNA2,STAT1
KPNA2,STAT2
KPNA2,TCF3
KPNA2,TEC
KPNA2,TP53
KPNA2,VDR
KPNA3,KPNA6
KPNA3,RAN
KPNA6,AP2B1
KPNA6,KPNB1
KPNA6,PRKAR2A
KPNA6,RAN
KPNA6,SIN3A
KPNA6,SNIP1
KPNA6,STAT5A
KPNA6,TP53
KPNB1,ABL1
KPNB1,LAMR1
KPNB1,NUP153
KPNB1,PRKAR2A
KPNB1,RAN
KPNB1,RELB
KPNB1,RPL4
KPNB1,SMAD2
KPNB1,SMARCC2
KPNB1,STAT1
KPNB1,STAT5A
KPNB1,TRAF2
KRAS2,SHOC2
KRT7,KRT17
KRT7,KRT18
KRT7,KTN1
KRT8,KRT18
KRT8,RAF1
KRT17,KRT18
KRT18,NRAS
KRT18,RAF1
KRT18,RIPK1
LAMR1,NCOA3
LAMR1,PIK3CB
LAMR1,PSMC2
LAMR1,RAN
LAMR1,RPL4
LAMR1,RPL8
LAMR1,SMAD3
LAMR1,TP53
LCK,ABL1
LCK,LYN
LCK,MET
LCK,MST1R
LCK,NCK2
LCK,NRAS
LCK,PIK3R2
LCK,PLCG1
LCK,PLCG2
LCK,PTK2
LCK,PTK6
LCK,RAF1
LCK,SHC1
LCK,SMAD2
LCK,SOCS3
LCK,STAT1
LCK,STAT2
LCK,STAT3
LCK,STAT5A
LCK,TEC
LCK,TNK2
LCK,VAV2
LEF1,APC
LEF1,SMAD1
LEF1,SMAD2
LEF1,SMAD3
LEF1,ZFHX1B
LIP1,FADD
LIP1,GIT1
LIP1,NCOA2
LIP1,PPP2CA
LYN,ABL1
LYN,MET
LYN,MST1R
LYN,NCK2
LYN,PIK3R2
LYN,PLCG1
LYN,PLD2
LYN,PRKCA
LYN,PSEN1
LYN,PTK2
LYN,PTK6
LYN,PTPN12
LYN,RAF1
LYN,SHC1
LYN,SMAD2
LYN,SNCA
LYN,SOCS3
LYN,SOCS5
LYN,STAT1
LYN,STAT2
LYN,STAT3
LYN,STAT5A
LYN,TEC
LYN,TGFB1
LYN,TGFBR2
LYN,VAV2
LYN,VAV3
MAGI3,DAAM1
MAGI3,FZD4
MAGI3,FZD6
MAGI3,NLK
MAIL,NFKB1
MAIL,NFKB2
MAIL,REL
MAIL,RELA
MAIL,RELB
MAML1,CCND1
MAML1,CTNNB1
MAML1,DLL4
MAML1,HES1
MAML1,HEY1
MAML1,MAML2
MAML1,MEF2C
MAML1,NOTCH1
MAML1,NOTCH2
MAML1,NOTCH3
MAML1,PIAS1
MAML1,SENP1
MAML1,SNW1
MAML1,TP53
MAML2,HES1
MAML2,NOTCH1
MAML2,NOTCH2
MAML2,NOTCH3
MAML2,SNW1
MAP1B,PLD2
MAPK14,ATF2
MAPK14,CDC25B
MAPK14,CDC42
MAPK14,ELK1
MAPK14,KRT8
MAPK14,MEF2A
MAPK14,MEF2C
MAPK14,MITF
MAPK14,NCOA3
MAPK14,NFKB1
MAPK14,RAC1
MAPK14,RELA
MAPK14,SHC1
MAPK14,SMAD3
MAPK14,STAT1
MAPK14,STAT3
MAPK14,TAB1
MAPK14,TAB2
MAPK14,TP53
MCC,APC
MCC,TP53
MCM5,MCM7
MCM5,SMAD2
MCM5,STAT1
MCM5,TFDP1
MCM7,TFDP1
MCM7,TRAF2
MDM2,AKT1
MDM2,AR
MDM2,ARRB1
MDM2,ARRB2
MDM2,CCNA2
MDM2,CDK2
MDM2,CDKN1A
MDM2,EGFR
MDM2,ESR1
MDM2,HDAC1
MDM2,KIT
MDM2,NUMB
MDM2,PIAS1
MDM2,PML
MDM2,SUMO1
MDM2,TP53
MDM2,YY1
MEF2A,MEF2C
MEF2A,SMAD3
MEF2C,NUP214
MEF2C,SMAD3
MEK1,AKT1
MEK1,CDC42
MEK1,HES1
MEK1,MAPK14
MEK1,PRKCZ
MEK1,RAF1
MEK1,SMAD2
MEK1,SMAD3
MEK2,MAPK14
MEK3,ATF2
MEK3,MAPK14
MEK3,NFKB1
MEK3,PKN1
MEK3,RAC1
MEK3,RIPK1
MEK3,TAB1
MEK3,TAB2
MEK3,TP53
MEK3,TRADD
MEK5,BAD
MEK5,EGF
MEK5,FOS
MEK5,MEF2A
MEK5,MEF2C
MEK5,PRKCI
MEK5,PRKCZ
MEK5,STAT3
MEKK1,ATF2
MEKK1,AXIN1
MEKK1,CASP3
MEKK1,CDC42
MEKK1,CRK
MEKK1,CRKL
MEKK1,FADD
MEKK1,GRB2
MEKK1,JUNB
MEKK1,MAPK14
MEKK1,NFKB1
MEKK1,RAC1
MEKK1,RELA
MEKK1,RHOA
MEKK1,RIPK1
MEKK1,SMAD2
MEKK1,TRADD
MEKK1,TRAF2
MEKK1,TRAF3
MEKK2,MMP7
MEKK3,CCND1
MEKK3,GRB2
MEKK3,HRAS
MEKK3,MAPK14
MEKK3,NFKB1
MEKK3,NRAS
MEKK3,PAK1
MEKK3,PRKCA
MEKK3,PRKCB
MEKK3,PRKCD
MEKK3,RAC1
MEKK3,RHOA
MEKK3,RIPK1
MEKK3,TAB1
MEKK3,TAB2
MEKK3,TRADD
MEKK3,WNK1
MET,ABL1
MET,APC
MET,MST1R
MET,NCK2
MET,PIK3R2
MET,PLCG1
MET,PLCG2
MET,PTK6
MET,RAN
MET,SHC1
MET,SOCS3
MET,STAT1
MET,STAT3
MET,STAT5A
MET,TEC
MET,VAV2
MET,WASL
MFNG,NOTCH2
MITF,MYC
MITF,NCOA3
MIZ1,CCND1
MIZ1,CDKN1A
MIZ1,ITGA6
MIZ1,MYC
MIZ1,NFYA
MIZ1,SHC1
MIZ1,SMAD2
MIZ1,SMAD4
MIZ1,SP1
MKP1,FOS
MKP1,FOSB
MKP1,JUNB
MKP1,MAPK14
MKP1,NFKB1
MKP1,PRKCZ
MKP1,RAC1
MKP1,TP53
MSK1,AP2A1
MSK1,AP2B1
MSK1,ATF1
MSK1,ATF2
MSK1,BAD
MSK1,EGF
MSK1,FOS
MSK1,MAPK14
MSK1,NFKB1
MSK1,PRKAR2A
MSK1,RELA
MSK1,SMARCA4
MSK1,STAT1
MSK1,STAT3
MST1R,ABL1
MST1R,PIK3R2
MST1R,PLCG1
MST1R,PTK6
MST1R,RAF1
MST1R,RELB
MST1R,SHC1
MST1R,SOCS3
MST1R,STAT1
MST1R,STAT3
MST1R,STAT5A
MST1R,TEC
MST1R,WASL
MTA2,RBBP7
MUPP1,FBXW7
MUPP1,NOTCH1
MUPP1,NUMB
MUPP1,RNF4
MUPP1,SHC1
MUPP1,SNW1
MYB,SMAD2
MYB,SMAD3
MYB,STAT1
MYB,TCF3
MYC,NCOA3
MYC,TCF3
NCK,POLR2H
NCK,SNRPD2
NCK2,ABL1
NCK2,PIK3R2
NCK2,PTK2
NCK2,PTK6
NCK2,RAF1
NCK2,RBL1
NCK2,SMAD1
NCK2,SMAD2
NCK2,SMAD3
NCK2,STAT1
NCK2,STAT3
NCK2,STAT5A
NCK2,TEC
NCK2,TGFB1
NCK2,WASL
NCOA3,TCF3
NCOR1,TBP
NFKB2,AKT1
NFKB2,APP
NFKB2,BCL3
NFKB2,BTRC
NFKB2,CCND1
NFKB2,CYLD
NFKB2,NFKB1
NFKB2,REL
NFKB2,RELA
NFKB2,RELB
NFKB2,SP1
NFKB2,TRAF2
NFKB2,TRAF3
NFYC,NFYA
NGAP,AKT1
NGAP,CAV2
NGAP,CDK7
NGAP,DAB2
NGAP,HRAS
NGAP,NFKB2
NGAP,TRADD
NIK,AKT1
NIK,CASP2
NIK,EIF4E
NIK,FADD
NIK,HSPA8
NIK,NFKB1
NIK,NFKB2
NIK,RELA
NIK,RELB
NIK,RIPK1
NIK,SP1
NIK,TP53
NIK,TRADD
NIK,TRAF1
NIK,TRAF2
NIK,TRAF3
NKIRAS1,AKT1
NKIRAS1,BCL3
NKIRAS1,CDC34
NKIRAS1,NFKB1
NKIRAS1,NFKB2
NKIRAS1,REL
NKIRAS1,RELA
NKIRAS1,RELB
NKIRAS1,TRAF2
NKIRAS2,AKT1
NKIRAS2,BCL3
NKIRAS2,BTRC
NKIRAS2,CDC34
NKIRAS2,CDK6
NKIRAS2,CTNNB1
NKIRAS2,NFKB1
NKIRAS2,NFKB2
NKIRAS2,PSMD3
NKIRAS2,REL
NKIRAS2,RELA
NKIRAS2,RELB
NKIRAS2,TRAF2
NOTCH1,DLL4
NOTCH1,JAG1
NOTCH1,JAG2
NOTCH1,MFNG
NOTCH2,NOTCH3
NOTCH2,PLCG1
NOTCH2,PSEN1
NOTCH2,PSEN2
NOTCH2,SMAD3
NR3C1,BAG1
NR3C1,CALR
NR3C1,FOS
NR3C1,HDAC2
NR3C1,HDAC6
NR3C1,NCOA2
NR3C1,NCOA3
NR3C1,NCOR1
NR3C1,NFKB1
NR3C1,RELA
NR3C1,SMAD4
NR3C1,SMARCA4
NR3C1,SP1
NR3C1,STAT3
NR3C1,STAT5A
NR3C1,TP53
NRAS,NRAS
NRAS,PIK3CB
NRAS,PKN2
NRAS,PRKACA
NRAS,PRKCA
NRAS,PRKCI
NRAS,PRKCZ
NRAS,PSMC1
NRAS,RAF1
NRAS,RALGDS
NRAS,RBL2
NRAS,SHOC2
NSMAF,GRB10
NSMAF,TRADD
NSMAF,TRAF2
NUP153,ERBB2
NUP153,RANBP9
NUP214,G3BP2
OTF1,AR
OTF1,BRCA1
OTF1,NFYA
OTF1,POLR2H
OTF1,POLR2L
OTF1,SP1
OTF1,TBP
OTF2,BTK
OTF2,MCM5
P70S6K,CUL1
P70S6K,MET
P70S6K,NOTCH3
P70S6K,SKP1
P70S6K,SMAD4
P204,LYN
PAF53,POLR1A
PAF53,POLR1B
PAK1,AKT1
PAK1,CASP3
PAK1,ESR1
PAK1,FLNA
PAK1,GIT1
PAK1,GRB10
PAK1,GRB2
PAK1,NCK2
PAK1,PXN
PAK1,RAC1
PAK1,RAF1
PAK1,RHOA
PAPOLA,CTBP1
PAPOLA,CUL1
PAPOLA,KPNB1
PARD3,PRKCI
PARD3,PRKCZ
PARD3,RAF1
PATZ,AR
PATZ,ATF1
PATZ,MITF
PATZ,NCOR1
PATZ,RNF4
PCAF,SMAD1
PCAF,SMAD2
PCAF,SMAD3
PCAF,SMARCA4
PCAF,STAT1
PCAF,STK11
PCAF,TCF3
PCAF,TEC
PCAF,TRAF2
PCAF,ZFHX1B
PEN2,APH1A
PEN2,APP
PEN2,CTNNB1
PEN2,DLL4
PEN2,JAG2
PEN2,NOTCH1
PEN2,NOTCH2
PEN2,NOTCH3
PEN2,PLD1
PEN2,PSEN1
PEN2,PSEN2
PFDN2,SUMO1
PIAS1,NCOA3
PIAS1,RELB
PIAS1,SMAD2
PIAS1,SMAD3
PIAS1,SPEN
PIAS1,STAT1
PIAS1,STAT5A
PIAS1,SUMO2
PIAS3,SMAD1
PIAS3,SMAD2
PIAS3,ZFHX1B
PIAS4,RELB
PIAS4,SMAD3
PIAS4,SMARCC2
PIAS4,STAT5A
PIAS4,SUMO1
PIK3CB,STAT1
PIK3CB,STAT3
PIK3CB,STAT5A
PIK3R2,ABL1
PIK3R2,PTK2
PIK3R2,PTK6
PIK3R2,RAF1
PIK3R2,SMAD1
PIK3R2,SMAD2
PIK3R2,SMAD3
PIK3R2,SOCS3
PIK3R2,STAT1
PIK3R2,STAT3
PIK3R2,STAT5A
PIK3R2,TEC
PIK3R2,WASL
PITPN,ARRB2
PITPN,CAMK2D
PITPN,CRK
PITPN,EGFR
PITPN,PLCG1
PKN1,APC
PKN1,PSEN1
PKN1,REL
PKN1,RELA
PKN2,PLD2
PKN2,PSEN1
PKN2,WASL
PLCG1,PLD2
PLCG1,PTK2
PLCG1,PTK6
PLCG1,TEC
PLCG1,TNK2
PLCG2,ABL1
PLCG2,PTK6
PLD1,PLD2
PLD2,RAC1
PLD2,SMAD3
POLR1A,POLR2H
POLR1A,RBX1
POLR2H,POLR2L
PPP2CA,STAT1
PPP2CA,STAT3
PPP2CA,STAT5A
PPP2CA,TEC
PRKACA,AR
PRKACA,BAD
PRKACA,CTNNB1
PRKACA,GLI3
PRKACA,GSK3B
PRKACA,KCNQ1
PRKACA,PRKAR1A
PRKACA,PRKAR1B
PRKACA,PRKAR2A
PRKACA,PRKCA
PRKACA,PSEN1
PRKACA,RELA
PRKAR2A,SMAD1
PRKAR2A,SMAD2
PRKCA,PRKCZ
PRKCA,STAT5A
PRKCA,TEC
PRKCA,TGFBR1
PRKCB,BTK
PRKCB,GJA1
PRKCB,JAK1
PRKCB,LCK
PRKCB,PLCG1
PRKCB,PLCG2
PRKCB,PLD1
PRKCB,PRKCA
PRKCB,RAF1
PRKCB,RHOA
PRKCL,AKT1
PRKCL,AKT2
PRKCL,BCAR1
PRKCL,CASP3
PRKCL,CASP8
PRKCL,CASP9
PRKCL,CCND1
PRKCL,CD44
PRKCL,CDC23
PRKCL,CDC42
PRKCL,EGFR
PRKCL,GRB2
PRKCL,HSPA8
PRKCL,NRAS
PRKCL,PARD3
PRKCL,PRKCZ
PRKCL,RAC1
PRKCL,RAF1
PRKCL,RELA
PRKCL,RELB
PRKCL,RGS16
PRKCL,SF1
PRKCL,SMAD3
PRKCL,SNCA
PRKCL,TEC
PRKCL,TGFBR1
PRKCZ,CASP8
PRKCZ,NUP153
PRKCZ,PRKCI
PRKCZ,RAC1
PRKCZ,RAF1
PRKCZ,RGS16
PRKCZ,SMAD2
PRKCZ,SMAD3
PRKCZ,STAT5A
PRKCZ,TGFBR1
PSD95,FYN
PSEN1,APC
PSEN1,CDC42
PSEN1,GSK3B
PSEN1,PSEN2
PSEN1,RAC1
PSEN1,TRAF1
PSEN1,VIM
PSEN2,APC
PSEN2,GSK3B
PSMB5,PSMD12
PSMB5,PSMD4
PSMC1,PSMC2
PSMC1,PSMC3
PSMC1,PSMD1
PSMC1,PSMD12
PSMC1,PSMD13
PSMC1,PSMD3
PSMC1,PSMD4
PSMC1,PSMD7
PSMC2,PSMC3
PSMC2,PSMD1
PSMC2,PSMD12
PSMC2,PSMD13
PSMC2,PSMD3
PSMC2,PSMD4
PSMC2,PSMD7
PSMC2,RAF1
PSMC2,TBP
PSMC3,PSMD1
PSMC3,PSMD12
PSMC3,PSMD13
PSMC3,PSMD4
PSMC3,PSMD7
PSMC3,TBP
PSMD1,CLTC
PSMD1,PSMD12
PSMD1,PSMD13
PSMD1,PSMD3
PSMD1,PSMD4
PSMD1,PSMD7
PSMD3,COPS3
PSMD3,PSMD12
PSMD3,PSMD13
PSMD3,PSMD4
PSMD3,PSMD7
PSMD4,PSMD12
PSMD4,PSMD13
PSMD4,PSMD7
PSMD4,RELA
PSMD4,SUMO2
PSMD4,TBP
PSMD4,TRAF2
PSMD7,PSMD12
PSMD7,PSMD13
PSMD12,NFKB2
PSMD12,PSMD13
PSMD12,RIPK1
PSMD12,TRADD
PSMD13,ANAPC5
PSMD13,PSMB5
PTK2,ABL1
PTK2,PTK6
PTK2,SHC1
PTK2,SOCS3
PTK2,STAT1
PTK2,STAT2
PTK2,STAT3
PTK2,STAT5A
PTK2,TEC
PTK6,ABL1
PTK6,SHC1
PTK6,SOCS3
PTK6,SOCS5
PTK6,STAT1
PTK6,STAT2
PTK6,STAT3
PTK6,STAT5A
PTK6,TEC
PTK6,TNK2
PTK6,VAV2
PTPN12,APC
PTPN12,PRKAR1A
PTPN12,STAT1
PTPN12,STAT5A
PTPN12,STUB1
PTPN12,TEC
PTPN12,WASL
PYK2,ABL1
PYK2,CAMK2D
PYK2,CRK
PYK2,HRAS
PYK2,PRKCA
PYK2,PRKCB
PYK2,PXN
RAB5,AKT1
RAB5,APPL2
RAB5,CAV1
RAB5,CTNNB1
RAB5,EGF
RAB5,EGFR
RAB5,EPS8
RAB5,MAPK14
RAB5,PIK3R1
RAB5,SNCA
RAB23,EPS8
RAC1,SMAD2
RAC1,SMAD3
RACK1,AR
RACK1,FYN
RACK1,GRB2
RACK1,HRAS
RACK1,NSMAF
RACK1,PRKCA
RACK1,PRKCB
RACK1,PRKCD
RACK1,RPL4
RACK1,RPS13
RACK1,SDC2
RACK1,SHC1
RAD54L2,AR
RAD54L2,DYRK1A
RAD54L2,PKN1
RAD54L2,SUMO1
RAD54L2,SUMO2
RAF1,CDC25C
RAF1,PAPOLA
RAF1,PRKACA
RAF1,PRKAR1A
RAF1,PRKCI
RAF1,RHOA
RAF1,SF1
RAF1,SHOC2
RAF1,SMAD2
RAF1,SMAD4
RAF1,SMAD7
RAF1,SNCA
RAF1,STAT1
RAF1,STAT3
RAF1,STAT5A
RAF1,TCF3
RAF1,TEC
RAF1,TP53
RAI,JUP
RAI,NFKB1
RAI,RELA
RAI,SP1
RAI,TP53
RALBP1,ABL1
RALBP1,BTK
RALBP1,CDC42
RALBP1,CSK
RALBP1,FGR
RALBP1,FYN
RALBP1,JAK1
RALBP1,KIT
RALBP1,LCK
RALBP1,LYN
RALBP1,MTIF2
RALBP1,NRAS
RALBP1,RAC1
RALBP1,RALB
RALBP1,RAN
RALBP1,RHOA
RAN,AR
RAN,HDAC1
RAN,NUP214
RAN,RANBP9
RAN,RELA
RAN,SUMO1
RANBP9,TBP
RAP30,CCNH
RAP30,CDK9
RAP30,POLR2H
RAP30,POLR2L
RAP30,TBP
RAP74,AR
RAP74,CDK9
RAP74,POLR2H
RAP74,TBP
RB,FHL2
RBL1,SMAD1
RBL1,SMAD2
RBL1,SMAD3
RBL1,SP1
RBL1,TGFBR1
RBL1,TP53
RBL1,ZFHX1B
RBL2,REL
RBL2,RELA
RBL2,SP1
RBPSUH,CTBP1
RBPSUH,CTBP2
RBPSUH,DLL4
RBPSUH,FHL1
RBPSUH,HDAC1
RBPSUH,HDAC2
RBPSUH,HES1
RBPSUH,HEY1
RBPSUH,JAG1
RBPSUH,MAML1
RBPSUH,MAML2
RBPSUH,NFKB1
RBPSUH,NOTCH1
RBPSUH,NOTCH2
RBPSUH,NOTCH3
RBPSUH,POFUT1
RBPSUH,SNW1
RBPSUH,SPEN
RBX1,ANAPC2
RBX1,ZNF259
REL,RELA
RELA,PRKCI
RELA,RELB
RELA,RGS16
RELA,SMAD2
RELA,SMAD3
RELA,SNCA
RELA,SP1
RELA,STAT1
RELA,STAT3
RELA,STAT5A
RELA,TBK1
RELA,TCF3
RELA,TP53
RELB,PRKCI
RELB,STAT5A
RELB,TEC
REPS1,CRK
REPS1,GRB2
REPS1,RALB
REPS1,RALBP1
REPS1,REPS2
REPS2,CRKL
REPS2,GRAP
REQ,CASP7
REQ,FADD
REQ,FHL2
REQ,SMARCE1
RGS16,PRKCI
RHOA,PRKAR1A
RHOA,SMAD1
RHOA,SMAD2
RHOA,SMAD3
RHOA,TGFB1
RIP2,AKT1
RIP2,CDC42
RIP2,PTK2
RIP2,RAC1
RIP2,RHOA
RIP2,RTKN
RIPK1,NFKB2
RIPK1,STAT1
RIPK1,TRADD
RIPK1,TRAF1
RIPK1,TRAF2
RKIP,AR
RKIP,CDH1
RKIP,CDK2
RKIP,GSK3B
RKIP,NFKB1
RKIP,PRKCA
RKIP,PRKCB
RKIP,PRKCD
RKIP,PRKCZ
RKIP,RAF1
RKIP,YY1
RNF4,UBE2E1
RPA5,POLR1A
RPA5,POLR1B
RPA5,POLR1D
RPA5,POLR2H
RPA5,POLR2L
RPL4,RPL8
RPL4,STAT5A
RPL6,RPL8
RPL8,SOCS3
RSK1,AP2A1
RSK1,AP2B1
RSK1,BAD
RSK1,EGF
RSK1,FOS
RSK1,GRB2
RSK1,HRAS
RSK1,MITF
RSK1,NRAS
RSK1,PRKAR2A
RSK2,ELK1
RSK2,ETS1
RSK2,NRAS
RSK3,AP2A1
RSK3,AP2B1
RSK3,BAD
RSK3,EGF
RSK3,EIF4E
RSK3,FOS
RSK3,HRAS
RSK3,NRAS
RSK3,PRKCA
RTKN,AKT1
RTKN,CDC42
RTKN,PAK1
RTKN,PKN1
RTKN,PLD1
RTKN,RAC1
RTKN,RHOA
RTKN,SNX2
RUVBL1,TBP
SALL1,CDC25C
SALL1,SIN3A
SALL1,SP1
SAM68,AR
SAM68,BTK
SAM68,CBL
SAM68,CD44
SAM68,CRK
SAM68,CSK
SAM68,EGF
SAM68,FYN
SAM68,GRAP
SAM68,GRB10
SAM68,GRB2
SAM68,LCK
SAM68,LYN
SAM68,PIK3R1
SAM68,PIK3R2
SAM68,PLCG1
SAM68,PRMT1
SAM68,PTK6
SAM68,STAT3
SAP97,ADAM10
SAP97,CDK2
SAP97,UBE3A
SCF,APH1A
SCF,BRCA1
SCF,BTRC
SCF,CTNNB1
SCF,CUL1
SCF,FBXW7
SCF,GLI3
SCF,GSK3B
SCF,RBX1
SCF,SKP1
SCF,UBE2L3
SENP1,AR
SENP1,HDAC1
SENP1,LRP5
SENP1,MTA2
SENP1,PIAS1
SENP1,PIAS4
SENP1,PML
SENP1,RNF4
SENP1,SUMO1
SENP1,SUMO2
SF1,APC
SF1,PRKCI
SH2D3C,BCAR1
SH2D3C,EIF4E
SH2D3C,G3BP2
SHC1,TEC
SHC1,TNK2
SHIP2,AKT1
SHIP2,AKT2
SHIP2,BCAR1
SHIP2,CBL
SHIP2,CRK
SHIP2,EGF
SHIP2,EGFR
SHIP2,GAB2
SHIP2,GRB2
SHIP2,MET
SHIP2,PIK3R1
SHIP2,PIK3R2
SHIP2,PLCG1
SHIP2,PLCG2
SHIP2,SHC1
SHIP2,TEC
SHOC2,PAPOLA
SHP2,AKT1
SHP2,CEACAM1
SHP2,EGF
SHP2,EGFR
SHP2,ERBB2
SHP2,FYN
SHP2,GAB2
SHP2,GRB2
SHP2,HRAS
SHP2,JAK1
SHP2,KIT
SHP2,MET
SHP2,NRAS
SHP2,PIK3R1
SHP2,PIK3R2
SHP2,PTK2
SHP2,PXN
SHP2,SOCS3
SHP2,STAT1
SHP2,STAT3
SHP2,STAT5A
SIN3A,SMARCC2
SIN3A,SP1
SIN3A,SPEN
SIN3A,YY1
SINK,AKT1
SINK,AKT2
SINK,ATF2
SINK,ATF3
SINK,PPP2CA
SINK,RELA
SKIL,SMAD1
SKIL,SMAD2
SKIL,SMAD3
SKP1,AXIN1
SKP1,BTRC
SKP1,CCNA2
SKP1,CDK2
SKP1,CDKN1A
SKP1,CTNNB1
SKP1,FBXW7
SKP1,NFKB1
SKP1,PSMC2
SKP1,PSMD12
SKP1,RBX1
SMAD1,AR
SMAD1,COPS5
SMAD1,NUP153
SMAD1,NUP214
SMAD1,RAN
SMAD1,SMAD2
SMAD1,SMAD3
SMAD1,SMAD4
SMAD1,SMAD7
SMAD1,SP1
SMAD1,STUB1
SMAD1,TCF8
SMAD1,TEC
SMAD1,TGFB1
SMAD1,TGFBR1
SMAD1,TGFBR2
SMAD1,TP53
SMAD1,VDR
SMAD1,VIM
SMAD1,ZFHX1B
SMAD2,AR
SMAD2,NCOA3
SMAD2,NUP153
SMAD2,NUP214
SMAD2,RAN
SMAD2,SMAD3
SMAD2,SMAD4
SMAD2,SMAD7
SMAD2,SP1
SMAD2,SPEN
SMAD2,STAT1
SMAD2,STAT2
SMAD2,STAT3
SMAD2,STAT5A
SMAD2,STUB1
SMAD2,TCF3
SMAD2,TCF8
SMAD2,TEC
SMAD2,TGFB1
SMAD2,TGFBR1
SMAD2,TGFBR2
SMAD2,TP53
SMAD2,VDR
SMAD2,VIM
SMAD2,YY1
SMAD2,ZFHX1B
SMAD3,NCOA3
SMAD3,NUP153
SMAD3,NUP214
SMAD3,PRKCI
SMAD3,RAN
SMAD3,SMAD4
SMAD3,SMAD7
SMAD3,SP1
SMAD3,SPEN
SMAD3,STAT1
SMAD3,STAT2
SMAD3,STAT3
SMAD3,STUB1
SMAD3,TCF3
SMAD3,TCF8
SMAD3,TEC
SMAD3,TGFB1
SMAD3,TGFBR1
SMAD3,TGFBR2
SMAD3,TP53
SMAD3,UBE2E1
SMAD3,VDR
SMAD3,ZFHX1B
SMAD4,STAT1
SMAD4,TCF3
SMAD4,TGFB1
SMAD4,TGFBR1
SMAD4,TP53
SMAD6,ARF4
SMAD6,FBXW7
SMAD7,TGFB1
SMARCB1,CCND1
SMARCB1,CDKN1A
SMARCB1,HDAC1
SMARCB1,MYC
SMARCB1,NCOR1
SMARCB1,SIN3A
SMARCB1,SMARCA4
SMARCB1,SMARCC1
SMARCB1,SMARCC2
SMARCB1,SMARCE1
SMARCB1,TP53
SMARCB1,VIM
SMARCC1,ESR1
SMARCC1,FOXO1A
SMARCC1,FOXO3A
SMARCC1,HDAC1
SMARCC1,HDAC2
SMARCC1,HDAC6
SMARCC1,LEF1
SMARCC1,MYB
SMARCC1,NCOR1
SMARCC1,NFYA
SMARCC1,PCAF
SMARCC1,SMARCA4
SMARCC1,TCF8
SMARCC1,VDR
SMARCC2,SMARCA4
SMARCC2,SMARCC1
SMARCC2,TBP
SMOH,ABL1
SMOH,ARRB1
SMOH,ARRB2
SMOH,CCND1
SMOH,CSNK1A1
SMOH,GLI3
SMOH,HIP1
SMOH,JAG2
SMOH,NOTCH1
SMOH,NUMB
SMOH,PRKAR2A
SMOH,RAB23
SMRT,CTBP1
SMRT,NCOR1
SMRT,SIN3A
SMURF1,CAV1
SMURF1,CDC42
SMURF1,EGFR
SMURF1,HDAC1
SMURF1,KIT
SMURF1,MET
SMURF1,PML
SMURF1,RHOA
SMURF1,SMAD1
SMURF1,SMAD2
SMURF1,SMAD3
SMURF1,SMAD4
SMURF1,SMAD6
SMURF1,SMAD7
SMURF1,TGFBR1
SMURF1,TGFBR2
SMURF1,ZFYVE9
SNCA,PRKCI
SNW1,CDK9
SNW1,MAGEA1
SNW1,MYC
SNW1,NCOA2
SNW1,NOTCH1
SNW1,NOTCH2
SNW1,NOTCH3
SNW1,RBL1
SNW1,RBL2
SNW1,SMAD2
SNW1,SMAD3
SNW1,VDR
SNX1,EGF
SNX1,EGFR
SNX1,HGS
SNX1,RAC1
SNX1,SNX2
SNX1,SNX6
SNX4,ABL1
SNX4,AKT1
SNX4,BTK
SNX4,CDK9
SNX4,CSK
SNX4,FGR
SNX4,FYN
SNX4,JAK1
SNX4,LYN
SNX4,RIPK1
SNX6,JAK1
SOCS3,ABL1
SOCS3,NUP153
SOCS3,RAN
SOCS3,STAT1
SOCS3,STAT2
SOCS3,STAT3
SOCS3,STAT5A
SOCS3,TEC
SOCS3,TNK2
SOCS5,STAT5A
SODD,BAG1
SODD,CASP2
SODD,DAXX
SODD,FADD
SODD,HSPA8
SODD,NFKB1
SODD,NKIRAS2
SODD,PPP2R2A
SODD,PSMD3
SODD,RIPK1
SODD,STUB1
SODD,TRADD
SODD,TRAF1
SODD,TRAF2
SP1,RELB
SP1,SPEN
SP1,STAT2
SP1,STAT3
SP1,SUMO2
SPEN,STAT1
SPEN,TCF3
SPRY2,LRP1
STAMBPL1,CLTC
STAMBPL1,COPS5
STAMBPL1,GRB2
STAMBPL1,SMAD2
STAMBPL1,SMAD7
STAT1,ABL1
STAT1,AR
STAT1,NCOA3
STAT1,PAPOLA
STAT1,RAC1
STAT1,RAN
STAT1,RELB
STAT1,STAT2
STAT1,STAT3
STAT1,STAT5A
STAT1,TCF3
STAT1,TEC
STAT1,TP53
STAT1,VDR
STAT2,ABL1
STAT2,STAT3
STAT2,STAT5A
STAT2,TCF3
STAT2,TEC
STAT2,TNK2
STAT3,CCND1
STAT3,EGF
STAT3,MYC
STAT3,PIAS3
STAT3,RAC1
STAT5A,NUP153
STAT5A,PAPOLA
STAT5A,RAC1
STAT5A,SHC1
STAT5A,STAT3
STAT5A,TCF3
STAT5A,TEC
STAT5A,TGFB1
STAT5A,TP53
STAT5A,TRADD
STAT5A,VAV3
STAT5A,VDR
STUB1,TGFB1
SUMO1,SMARCA4
SUMO1,SUMO2
SUMO1,ZNF259
SVIL,APC
SVIL,TRADD
SVIL,WASL
TAB1,HIPK2
TAB1,RIPK1
TAB1,SMAD6
TAB1,SMAD7
TAB1,TAB2
TAB1,TAB3
TAB1,TGFBR1
TAB1,TGFBR2
TAB1,TRADD
TAB1,TRAF2
TAB2,HIPK2
TAB2,NCOR1
TAB2,NFKB1
TAB2,NLK
TAB2,RIPK1
TAB2,SMAD6
TAB2,SMAD7
TAB2,TAB3
TAB2,TGFBR1
TAB2,TGFBR2
TAB2,TRADD
TAB2,TRAF2
TAB3,ATF2
TAB3,MAPK14
TAB3,NFKB1
TAB3,PKN1
TAB3,RIPK1
TAB3,SMAD7
TAB3,TRAF2
TAK1,AR
TAK1,ESR1
TAK1,TAB1
TAK1,TAB2
TAK1,TRAF2
TAK1,VDR
TBK1,WASL
TBP,SMARCA4
TBP,SMARCB1
TBPIP,AR
TBPIP,BRCA1
TBPIP,CCNB2
TBPIP,PSMC3
TCF3,AR
TCF3,STAT3
TCF3,TCF12
TCF3,TP53
TCF3,VDR
TCF8,ZFHX1B
TEC,ABL1
TEC,PRKCD
TEC,PRKCI
TEC,STAT3
TEC,TGFB1
TEC,TRAF1
TEC,WASL
TFDP2,CDC25A
TFDP2,CDC25B
TFDP2,CDC25C
TFIIH,CCNH
TGFB1,RAN
TGFB1,TGFB3
TGFB1,TGFBR1
TGFB1,TGFBR2
TGFB2,TGFBR2
TGFBR1,NUP214
TGFBR1,PRKCI
TGFBR1,RAN
TGFBR1,TGFBR2
TGFBR1,VDR
TGFBR3,ARRB2
TGFBR3,CD44
TGFBR3,ENG
TGFBR3,NCOA3
TGFBR3,SDC2
TGFBR3,SMAD2
TGFBR3,SMAD3
TGFBR3,SMAD4
TGFBR3,SMAD6
TGFBR3,TGFB1
TGFBR3,TGFB2
TGFBR3,TGFB3
TGFBR3,TGFBR1
TGFBR3,TGFBR2
TGFBR3,TGFBRAP1
TGFBRAP1,CYLD
TGFBRAP1,NCOR1
TGFBRAP1,SMAD2
TGFBRAP1,SMAD3
TGFBRAP1,SMAD4
TGFBRAP1,TGFB1
TGFBRAP1,TGFB2
TGFBRAP1,TGFBR1
TGFBRAP1,TGFBR2
TGFBRAP1,TRAF1
TIEG2,FAF1
TIEG2,HDAC6
TIP1,CTNNB1
TIP1,RTKN
TIP60,APP
TIP60,AR
TIP60,FANCD2
TIP60,HDAC1
TIP60,MDM2
TIP60,MYC
TIP60,NCOR1
TIP60,NFKB1
TIP60,NOTCH1
TIP60,RUVBL1
TIP60,STAT3
TIP60,TP53
TNFR1,CASP2
TNFR1,CASP3
TNFR1,CASP8
TNFR1,CYLD
TNFR1,FADD
TNFR1,JAK1
TNFR1,NFKB1
TNFR1,NSMAF
TNFR1,RELA
TNFR1,RIPK1
TNFR1,STAT1
TNFR1,TAB1
TNFR1,TRADD
TNFR1,TRAF1
TNFR1,TRAF2
TNFR1,TRAF3
TNFR1,TRAF5
TNFR2,ADAM17
TNFR2,CSNK1A1
TNFR2,NFKB1
TNFR2,PRKAR2A
TNFR2,RIPK1
TNFR2,STAT1
TNFR2,TRADD
TNFR2,TRAF1
TNFR2,TRAF2
TNIP1,NFKB1
TNIP1,TRAF1
TNK2,AR
TNK2,BCAR1
TNK2,CLTC
TNK2,DVL3
TNK2,EGF
TNK2,EGFR
TNK2,FYN
TNK2,GRB2
TNK2,RAC1
TNK2,SHOC2
TNK2,VAV2
TNK2,WASL
TP53,COPS5
TP53,NUP153
TP53,RAN
TP53,RELB
TPL2,AKT1
TPL2,AKT2
TPL2,NFKB1
TPL2,NFKB2
TPL2,REL
TPL2,RELA
TPL2,RIPK1
TPL2,TRAF2
TRADD,NFKB2
TRADD,STAT3
TRADD,TRAF1
TRADD,TRAF2
TRADD,TRAF5
TRAF1,TRAF2
TRAF1,TRAF5
TRAF2,NUP153
TRAF2,TRAF5
TRAF2,WASL
TRAILR1,CASP8
TRAILR1,FADD
TRAILR1,NFKB1
TRAILR1,RIPK1
TRAILR1,TP53
TRAILR1,TRADD
TRUSS,APH1A
TRUSS,APP
TRUSS,CTNNB1
TRUSS,MYC
TRUSS,NCOR1
TRUSS,NOTCH1
TRUSS,PSEN1
TRUSS,PSEN2
TRUSS,RBX1
TRUSS,RIPK1
TRUSS,TRADD
TRUSS,TRAF2
TRUSS,UBE2D1
TVL1,CASP8
TVL1,GLI3
TVL1,KRT7
TVL1,MYC
TVL1,NFYA
TVL1,NFYB
TVL1,NFYC
TVL1,RAF1
UBC9,CASP3
UBC9,DSP
UBC9,STAT5A
UBCH5B,BTRC
UBCH5B,CBL
UBCH5B,CUL1
UBCH5B,MDM2
UBCH5B,RBX1
UBCH5B,STUB1
UBCH5B,SUMO1
UBCH5B,UBE3A
UBCH5C,PFDN2
UBCH5C,PPP2CA
UBCH5C,RAN
UBE3A,ESR1
UBE3A,HDAC1
UBE3A,MCM7
UBE3A,MDM2
UBE3A,RBBP7
UBE3A,SAP18
UBE3A,SAP30
UBE3A,SIN3A
UBE3A,TP53
UBE3A,UBE2D1
UBE3A,UBE2E1
UBE3A,UBE2L3
USP9,CCND1
USP9,SUMO1
USP9,SUMO2
UXT,RPL4
VAV2,ABL1
VAV2,WASL
VAV3,WASL
VDR,STAT3
VIM,PRKAR1A
WASL,ABL1
WASL,APC
WASL,CRK
WASL,RAC1
WASL,SHC1
WASL,SNX1
WASL,STAT3
YES,ABL1
YES,BTK
YES,CBLB
YES,CSK
YES,CTNND1
YES,EGF
YES,EGFR
YES,FGR
YES,FYN
YES,GRB7
YES,LCK
YES,LYN
YES,MAPK14
YES,PLCG1
YES,RAC1
YY1,PAPOLA
ZIN,RIPK1
ZIN,STAT3
ZIN,UBE2L3
ZNF216,CDC34
ZNF216,FOXO4
ZNF216,RELA
ZNF216,RIPK1
