# Protein-1,# Protein-2
14-3-3-zeta,AKT1
14-3-3-zeta,CDC25A
14-3-3-zeta,CDC25B
14-3-3-zeta,CSNK1A1
14-3-3-zeta,CTNNB1
14-3-3-zeta,KRT18
14-3-3-zeta,PIK3R1
14-3-3-zeta,RAF1
14-3-3-zeta,RAN
ABL1,APP
ABL1,CBL
ABL1,CDC42
ABL1,CRKL
ABL1,CTNNB1
ABL1,FOS
ABL1,GRB2
ABL1,MDM2
ABL1,MYC
ABL1,NUP214
ABL1,PLSCR1
ABL1,SHC1
ABL1,STAT5A
ABL1,TP53
ABL1,YAP1
ACVRL1,CAV1
ACVRL1,SMAD1
ACVRL1,SMAD2
ACVRL1,SMAD3
ACVRL1,SMAD4
ACVRL1,TGFBR1
ACVRL1,TGFBR2
ADAM17,APP
ADAM17,EGFR
ADAM17,FHL2
ADAM17,FURIN
ADAM17,NOTCH1
ADAM17,NOTCH2
ADAM17,NOTCH3
ADD1,ABL1
ADD1,AKT1
ADD1,CSNK1E
ADD1,HIPK2
ADD1,JAK1
ADD1,JAK2
ADD1,LYN
ADD1,PKN2
ADD1,PRKCZ
ADD1,RAF1
ADD1,STK11
AES,CCND1
AES,CTNNB1
AES,HDAC1
AES,MYC
AES,NOTCH1
AES,RELA
AES,TLE1
AIP4,ARRB1
AIP4,EGFR
AIP4,JUNB
AIP4,KIT
AIP4,LYN
AIP4,MET
AIP4,NOTCH1
AIP4,NUMB
AIP4,SMAD3
AKT1,CDC23
AKT1,JAK2
AKT1,NRAS
AKT1,STAT3
AKT1,STAT5A
AKT1,STAT5B
AML1,NCOR1
AML1,PPP2CA
ANAPC2,ANAPC5
ANAPC2,CCNB1
ANAPC2,CDC23
ANAPC2,CDC27
ANAPC2,PSMB5
ANAPC2,PSMC2
ANAPC2,PSMC3
ANAPC2,PSMD1
ANAPC2,PSMD12
ANAPC5,SMAD1
ANAPC5,SMAD2
ANAPC5,SMAD3
APC,CDH1
APH1A,APP
APH1A,CTNNB1
APH1A,NOTCH1
APH1A,NOTCH2
APH1A,NOTCH3
APH1A,PLD1
APH1A,PSEN2
APH2,APH1A
APH2,APP
APH2,CTNNB1
APH2,NOTCH1
APH2,NOTCH2
APH2,NOTCH3
APH2,PLD1
APH2,PSEN2
APP,CRKL
APP,JAK2
APP,STAT5A
APPL2,AKT2
APPL2,HDAC1
APPL2,HDAC2
APPL2,PIK3R1
ARA54,FHL2
ARA54,NCOA3
ARA54,NCOR1
ARA54,PIAS1
ARA54,RAN
ARA54,SPDEF
ARA54,SVIL
ARA54,UBE2D1
ARA54,UBE2L3
ARA70,FHL2
ARA70,NCOA3
ARA70,NRAS
ARA70,RAN
ARA70,SPDEF
ARA70,SVIL
ARA160,FHL2
ARA160,PIAS1
ARA160,RAN
ARA160,SMARCA4
ARA160,SPDEF
ARAF1,NRAS
ARAF1,PIK3R1
ARAF1,PRKCD
ARF4,PLD2
ASE1,CCNB1
ASE1,CDC27
ASE1,NCOR1
ATF1,CAPN3
ATF1,FOS
ATF1,HDAC1
ATF1,HDAC2
ATF1,KPNA2
ATF1,PAX5
ATF1,PIAS1
ATF1,PKN2
ATF1,SMAD2
ATF1,SMAD3
ATF1,STAT1
ATF3,FOS
ATF3,FOSB
BAG1,HSPA8
BCL3,NOTCH2
BCL3,REL
BCL3,RELA
BCL3,UBE2D1
BPAG1,CTNNB1
BPAG1,FOS
BPAG1,HDAC6
BPAG1,ITGB4
BPAG2,CTNND1
BPAG2,DSP
BPAG2,HDAC1
BPAG2,ITGA6
BPAG2,ITGB4
BPAG2,KRT18
BRCA1,CCNB1
BRCA1,CCND1
BRCA1,CDC25A
BRCA1,CDK4
BRCA1,CRKL
BRCA1,FOS
BRCA1,HDAC1
BRCA1,HDAC2
BRCA1,JAK2
BRCA1,JUNB
BRCA1,KIT
BRCA1,PCAF
BRCA1,SMAD1
BRCA1,SMAD2
BRCA1,SMAD3
BRCA1,SP1
BRCA1,STAT1
BRCA1,STAT3
BRCA1,STAT5A
BRCA1,STAT5B
BRCA1,TP53
BTRC2,APH1A
BTRC2,BRCA1
BTRC2,BTRC
BTRC2,CTNNB1
BTRC2,CUL1
BTRC2,FBXW7
BTRC2,SKP1
BTRC2,UBE2L3
CAMK2G,LYN
CAPN3,RELA
CAPN3,RPL8
CASP2,CDK7
CASP2,HDAC1
CASP2,HDAC2
CASP2,NFKB2
CASP2,PSMD12
CASP2,RIPK1
CAV1,CBL
CAV1,CRKL
CAV1,EGFR
CAV1,JAK2
CAV1,KIT
CAV1,LYN
CAV1,RHOA
CAV1,STAT1
CAV1,STAT5A
CAV1,STAT5B
CBL,APC
CBL,CBLB
CBL,CDC23
CBL,CDC25A
CBL,CRKL
CBL,CTNNB1
CBL,DAB2
CBL,EGFR
CBL,FLNA
CBL,GAB1
CBL,GRB2
CBL,GRB7
CBL,ITGB4
CBL,JAK1
CBL,JAK2
CBL,KIT
CBL,KRT18
CBL,LYN
CBL,MET
CBL,PARD3
CBL,PRKCZ
CBL,PTPN12
CBL,RAF1
CBL,SHC1
CBL,SOS1
CBL,SOS2
CBL,STAT1
CBL,STAT3
CBL,STAT5A
CBL,STAT5B
CBL,SVIL
CBL,TGFBR1
CBLB,ABL1
CBLB,APC
CBLB,CRKL
CBLB,DAB2
CBLB,EGFR
CBLB,FLNA
CBLB,GAB1
CBLB,GRB2
CBLB,GRB7
CBLB,ITGB4
CBLB,JAK1
CBLB,JAK2
CBLB,KIT
CBLB,LYN
CBLB,MET
CBLB,PTK2
CBLB,PTPN12
CBLB,SHC1
CBLB,SOS1
CBLB,SOS2
CBLB,STAT1
CBLB,STAT3
CBLB,STAT5A
CBLB,STAT5B
CBLB,SVIL
CCNB1,CDC23
CCNB1,CDC25A
CCNB1,CDC42
CCNB1,CDK4
CCNB1,CTNNB1
CCNB1,FLNA
CCNB1,HDAC6
CCNB1,HSPA8
CCNB1,ID2
CCNB1,MCM7
CCNB1,PSMC2
CCNB1,RAC1
CCNB1,RGS16
CCNB1,TP53
CCND1,CDK4
CCND1,CDKN1A
CCND1,DYRK1A
CCND1,HDAC1
CCND1,HDAC2
CCND1,SMAD2
CCND1,SMAD3
CCND1,TGFBR1
CD44,JAK2
CD44,KIT
CD44,MMP7
CD44,RAF1
CD44,SMAD2
CD44,SMAD3
CD44,STAT5A
CDC23,CDC25A
CDC23,CDC27
CDC23,KRT18
CDC23,PARD3
CDC23,PSMC2
CDC23,RAF1
CDC23,VIM
CDC25A,CDK7
CDC25A,CDKN1A
CDC25A,ETS1
CDC25A,KRT18
CDC25A,NFYA
CDC25A,NRAS
CDC25A,PARD3
CDC25A,PRKACA
CDC25A,PRKCZ
CDC25A,RAF1
CDC25A,RBL2
CDC25A,SMAD1
CDC25A,SMAD2
CDC25A,TGFBR1
CDC25B,LYN
CDC37,HDAC1
CDC37,HDAC2
CDC42,AKT1
CDC42,PIK3R1
CDC42,PLD1
CDC42,PRKCZ
CDK4,CDK6
CDK4,CDKN1A
CDK4,MCM5
CDK4,MCM7
CDK4,PKN2
CDK4,PRKACA
CDK4,SIN3A
CDK4,SMAD1
CDK4,SMAD2
CDK4,SMAD3
CDK4,SP1
CDK4,TGFBR1
CDK6,SMAD1
CDK6,SMAD2
CDK6,SMAD3
CDK7,APC
CDK7,FRAP1
CDK7,ID2
CDK7,TP53
CDKN1A,HDAC1
CDKN1A,HDAC2
CHK,CCND1
CHK,CDK4
CHK,CDKN1A
CHK,CSNK1A1
CHK,CSNK1D
CHK,CSNK1E
CHK,PRKAR2A
CIAP2,CASP2
CIAP2,NFKB1
CIAP2,RELA
CIAP2,RIPK1
CIAP2,TRAF3
CIN85,AP2B1
CIN85,CBL
CIN85,CBLB
CIN85,CDC42
CIN85,DAB2
CIN85,EGFR
CIN85,GRB2
CIN85,KIT
CIN85,MAP3K4
CIN85,MET
CIN85,PIK3R1
CIN85,SPRY2
CIR,HDAC1
CIR,HDAC2
CIR,HDAC6
CIR,NCOR1
CIR,NOTCH1
CIR,SAP18
CIR,SNW1
CK2A1,APPL2
CK2A1,CTNNB1
CK2A1,DVL3
CK2A1,FOS
CK2A1,HDAC1
CK2A1,HDAC2
CK2A1,MYC
CK2A1,PLD2
CK2A1,RELA
CK2A1,SIN3A
CK2B,CSNK1A1
CK2B,CSNK1D
CK2B,CSNK1E
CK2B,FAF1
CK2B,PRKAR2A
CLTC,HDAC1
CLTC,HDAC2
CLTC,KRT18
CLTC,NUP153
CLTC,PAPOLA
CLTC,SMAD2
CLTC,SMAD3
CREB,ATF2
CREB,BRCA1
CREB,CAMK2G
CREB,FOS
CREB,HIPK2
CREB,JUND
CREB,PRKACA
CREB,PRKAR2A
CREB,SP1
CRKL,CDC42
CRKL,CSNK1E
CRKL,EGFR
CRKL,GAB1
CRKL,GLG1
CRKL,GRB2
CRKL,GRB7
CRKL,JAK1
CRKL,JAK2
CRKL,KIT
CRKL,LYN
CRKL,MET
CRKL,PPP2CA
CRKL,PTK2
CRKL,PTPN12
CRKL,RAC1
CRKL,RAF1
CRKL,SMAD3
CRKL,SOS1
CRKL,STAT1
CRKL,STAT2
CRKL,STAT3
CRKL,STAT5A
CRKL,STAT5B
CRKL,TGFBR1
CRM1,APC
CRM1,CCNB1
CRM1,CTNNB1
CRM1,HDAC1
CRM1,NFKB1
CRM1,NUP153
CRM1,NUP214
CRM1,RAN
CRM1,RELA
CRM1,STAT1
CRM1,TP53
CSNK1D,CSNK1A1
CSNK1D,DCP1A
CSNK1D,DVL3
CSNK1E,APC
CSNK1E,DCP1A
CSNK1E,JUP
CSNK1E,STAT5A
CSNK1E,STAT5B
CTNNB1,APC
CTNNB1,HDAC1
CTNNB1,HDAC2
CTNNB1,JAK2
CTNNB1,JUP
CTNNB1,KIT
CTNNB1,NOTCH2
CTNNB1,SMAD1
CTNNB1,SMAD2
CTNNB1,SMAD3
CTNNB1,TGFBR1
CUL1,BTRC
CUL1,CDKN1A
CUL1,CTNNB1
CUL1,FBXW7
CUL1,NFKB1
CUL1,PSMD7
CUL1,SKP1
CUL1,SMAD3
DAAM1,APC
DAAM1,ARF4
DAB2,LYN
DAB2,SMAD1
DAB2,SMAD2
DAB2,SMAD3
DAB2,SOS1
DAB2,STAT1
DAB2,STAT5A
DAP,PML
DAP,TNIP1
DAXX,HDAC1
DAXX,KPNA2
DAXX,RIPK1
DAXX,SIN3A
DAXX,SMAD2
DAXX,SMAD3
DAXX,SP1
DAXX,STAT1
DCP1A,HSPA8
DDX3,G3BP2
DDX3,SP1
DNM,CAV1
DNM,EGFR
DNM,GRB2
DNM,JAG1
DNM,NOTCH1
DNM,PIAS1
DNM,PIK3R1
DNM,SP1
DSP,APC
DSP,FOS
DVL3,CSNK1A1
DVL3,JUP
DVL3,SMAD3
DYRK1A,JUP
DYRK1A,SMAD1
DYRK1A,SMAD2
DYRK1A,SMAD3
E3B1,ABL1
E3B1,AKT1
E3B1,CDC42
E3B1,EGFR
E3B1,EPS8
E3B1,LYN
E3B1,MYC
E3B1,RAC1
E3B1,SOS1
E3B1,SOS2
EBP1,EGFR
EBP1,HDAC2
EBP1,KPNA3
EBP1,RPL30
EBP1,RPL4
EBP1,RPL8
EBP1,SIN3A
EF1A,UBE3A
EGFR,ABL1
EGFR,GRB2
EGFR,GRB7
EGFR,ITGB4
EGFR,JAK1
EGFR,JAK2
EGFR,JUP
EGFR,KIT
EGFR,LYN
EGFR,MET
EGFR,PRKCZ
EGFR,PTK2
EGFR,SHC1
EGFR,SOS1
EGFR,STAT1
EGFR,STAT3
EGFR,STAT5A
EGFR,STAT5B
EIF3S2,PPP2CA
EIF3S2,PSMD1
EIF3S2,SMARCA4
EPS8,SMAD2
EPS15R,AP2B1
EPS15R,CBL
EPS15R,CLTC
EPS15R,EGFR
EPS15R,NUMB
EPS15R,SPRY2
ERK1,AKT1
ERK1,ATF1
ERK1,ATF3
ERK1,BRCA1
ERK1,CBL
ERK1,CD44
ERK1,CDC23
ERK1,CDC25A
ERK1,CDK4
ERK1,CRKL
ERK1,CTNNB1
ERK1,DYRK1A
ERK1,EGFR
ERK1,ETS1
ERK1,FOS
ERK1,HDAC1
ERK1,HSPA8
ERK1,ID2
ERK1,JAK1
ERK1,JAK2
ERK1,JUNB
ERK1,KIT
ERK1,KRT18
ERK1,LYN
ERK1,MEF2A
ERK1,NCOA3
ERK1,NFYA
ERK1,NRAS
ERK1,NUP153
ERK1,NUP214
ERK1,PCAF
ERK1,PKN2
ERK1,PLCG2
ERK1,PPP2CA
ERK1,PRKACA
ERK1,PRKCZ
ERK1,RAF1
ERK1,RAN
ERK1,RBL2
ERK1,RELA
ERK1,RIPK1
ERK1,SF1
ERK1,SHC1
ERK1,SMAD2
ERK1,SMAD3
ERK1,SMAD4
ERK1,SMARCA4
ERK1,SP1
ERK1,STAT1
ERK1,STAT3
ERK1,STAT5A
ERK1,STAT5B
ERK1,SVIL
ERK1,TGFBR1
ERK1,TP53
ERK1,VDR
ERK2,AKT1
ERK2,CBL
ERK2,CBLB
ERK2,CRKL
ERK2,GRB2
ERK2,HDAC1
ERK2,JAK1
ERK2,JAK2
ERK2,JUNB
ERK2,KIT
ERK2,NRAS
ERK2,NUP214
ERK2,PSMD4
ERK2,RAF1
ERK2,SMAD1
ERK2,SMAD2
ERK2,SMAD3
ERK2,SOS1
ERK2,STAT1
ERK2,STAT2
ERK2,STAT3
ERK2,STAT5A
ERK2,STAT5B
ERK2,SVIL
ERK2,TGFBR1
ERK2,TP53
ERT,EGFR
ERT,JAK1
ERT,MYC
ERT,NFKB1
ETS1,FOS
ETS1,HDAC1
ETS1,JAK2
ETS1,JUNB
ETS1,JUND
ETS1,KPNA2
ETS1,PAX5
ETS1,RAF1
ETS1,RBL2
ETS1,SMAD1
ETS1,SMAD2
ETS1,SMAD3
ETS1,STAT1
ETS1,STAT3
ETS1,STAT5A
ETS1,TGFBR1
FAF1,HDAC1
FAF1,HDAC2
FHL2,BRCA1
FHL2,CCND1
FHL2,CDH1
FHL2,CTNNB1
FHL2,HIPK2
FHL2,NFKB1
FHL2,PSEN2
FHL2,PTK2
FHL2,SMAD2
FHL2,SMAD3
FHL2,SMAD4
FHL2,TP53
FKBP12,CCNB1
FKBP12,RAF1
FKBP12,SMAD2
FKBP12,STAT5A
FKBP51,CDC25A
FKBP51,EIF3S2
FKBP51,SMAD3
FKBP51,TGFBR1
FLIP,APC
FLIP,CASP2
FLIP,CDK7
FLIP,DSP
FLIP,FAF1
FLIP,NFKB2
FLIP,NOTCH2
FLIP,NRAS
FLIP,PSMD12
FLIP,RIPK1
FLIP,SVIL
FLNA,NOTCH2
FOS,FOSB
FOS,HDAC1
FOS,HDAC2
FOS,JAK2
FOS,JUNB
FOS,JUND
FOS,NCOA3
FOS,NFYA
FOS,RAF1
FOS,RELA
FOS,RIPK1
FOS,SMAD1
FOS,SMAD2
FOS,SMAD3
FOS,SMAD4
FOS,SP1
FOS,STAT1
FOS,STAT3
FOS,STAT5A
FOS,STAT5B
FOS,VDR
FOSB,JUNB
FOSB,JUND
G3BP2,RELA
G3BP2,RPL8
GAB1,GRB2
GAB1,JAK2
GAB1,KIT
GAB1,KPNA2
GAB1,RAF1
GAB1,SMAD2
GAB1,SMAD3
GAB1,SOS1
GAB1,STAT1
GAB1,STAT5A
GAB1,STAT5B
GAPDH,APP
GAPDH,MYC
GAPDH,PLD2
GAS1,MYC
GAS1,STAT5A
GJA1,LYN
GJA1,RAF1
GJA1,STAT5A
GP130,EGFR
GP130,JAK1
GP130,JAK2
GP130,LYN
GP130,NRAS
GP130,STAT1
GP130,STAT5A
GP130,STAT5B
GRB2,CDC42
GRB2,GRB7
GRB2,JAK1
GRB2,JAK2
GRB2,JUP
GRB2,KIT
GRB2,LYN
GRB2,MET
GRB2,PTK2
GRB2,PTPN12
GRB2,RAC1
GRB2,RAF1
GRB2,RANBP9
GRB2,RELA
GRB2,SHC1
GRB2,SOS1
GRB2,SOS2
GRB2,STAT1
GRB2,STAT2
GRB2,STAT3
GRB2,STAT5A
GRB2,STAT5B
GRB7,JAK2
GRB7,SOS1
GRB7,SOS2
GRB7,STAT1
GRB7,STAT5A
GRB7,STAT5B
GRIM19,STAT3
GTFII-I,FOS
GTFII-I,HDAC1
GTFII-I,HDAC2
GTFII-I,JAK2
GTFII-I,MYC
GTFII-I,SMAD2
GTFII-I,SP1
GTFII-I,STAT1
GTFII-I,STAT3
HBO1,HDAC6
HBO1,SMARCA4
HDAC1,APC
HDAC1,HDAC2
HDAC1,HDAC6
HDAC1,KPNA2
HDAC1,NCOR1
HDAC1,NFYA
HDAC1,PAPOLA
HDAC1,PML
HDAC1,RELA
HDAC1,SIN3A
HDAC1,SMAD2
HDAC1,SMAD3
HDAC1,SMAD4
HDAC1,SP1
HDAC1,SPEN
HDAC1,STAT1
HDAC1,STAT2
HDAC1,STAT5A
HDAC1,STAT5B
HDAC1,TP53
HDAC2,MCM5
HDAC2,MCM7
HDAC2,RELA
HDAC2,SIN3A
HDAC2,SMAD2
HDAC2,SP1
HDAC2,STAT1
HDAC2,STAT2
HDAC2,STAT5A
HDAC2,STAT5B
HDAC2,TP53
HDAC6,ITGB4BP
HIPK2,SMAD2
HIPK2,SMAD3
HIPK2,SUMO2
HIPK2,TGFBR1
HSP90A,ANAPC5
HSP90A,ATF1
HSP90A,CBL
HSP90A,CDC23
HSP90A,CDC37
HSP90A,EGFR
HSP90A,HDAC1
HSP90A,HDAC2
HSP90A,HSPA8
HSP90A,NRAS
HSP90A,NUP153
HSP90A,PRKCZ
HSP90A,RELA
HSP90A,SMAD4
HSP90A,STAT1
HSP90A,STAT5A
HSP90A,STAT5B
HSP90A,SUMO1
HSP90A,SUMO2
HSP90B,AP2B1
HSP90B,HSPA8
HSP90B,KPNA6
HSP90B,NUP153
HSP90B,SUMO1
HSPA8,APC
HSPA8,CLTC
HSPA8,LYN
HSPA8,NUP153
HSPA8,RAF1
HSPA8,RAN
HSPA8,STAT1
HSPA8,STAT5A
HSPA8,STAT5B
ID2,MYC
ID2,NCOA3
IKBA,BRCA1
IKBA,FAF1
IKBA,FOS
IKBA,HDAC1
IKBA,HDAC2
IKBA,JAK2
IKBA,KIT
IKBA,KPNA2
IKBA,PCAF
IKBA,PPP2CA
IKBA,PRKACA
IKBA,PRKCZ
IKBA,REL
IKBA,RELA
IKBA,SP1
IKBA,STAT1
IKBA,STAT3
IKBA,STAT5A
IKBA,STAT5B
IKKB,KPNA2
IKKB,RELA
IKKB,SMAD2
IKKB,SMAD3
IKKB,STAT1
ITGB4,JAK2
ITGB4,KIT
ITGB4,SOS1
ITGB4BP,POLR1B
ITGB4BP,RPL4
ITGB4BP,RPL8
ITGB4BP,WDR12
JAG1,NOTCH2
JAG1,PSEN2
JAK1,ABL1
JAK1,JAK2
JAK1,KIT
JAK1,LYN
JAK1,MET
JAK1,NRAS
JAK1,PTK2
JAK1,PTPN12
JAK1,SHC1
JAK1,SOS1
JAK1,STAT1
JAK1,STAT2
JAK1,STAT3
JAK1,STAT5A
JAK1,STAT5B
JAK2,ABL1
JAK2,JUP
JAK2,KIT
JAK2,LYN
JAK2,NRAS
JAK2,NUP153
JAK2,PAPOLA
JAK2,PLCG2
JAK2,PLD2
JAK2,PPP2CA
JAK2,PRKACA
JAK2,PRKCZ
JAK2,PTK2
JAK2,PTPN12
JAK2,RAF1
JAK2,RELA
JAK2,SHC1
JAK2,SOS1
JAK2,STAT1
JAK2,STAT2
JAK2,STAT3
JAK2,STAT5A
JAK2,STAT5B
JAK2,STK11
JAK2,TGFBR1
JAK2,VDR
JUNB,JUND
JUNB,PRKACA
JUNB,RELA
JUNB,SMAD1
JUNB,SMAD2
JUNB,SMAD3
JUNB,STAT1
JUNB,TGFBR1
JUND,RAF1
JUND,SMAD1
JUND,SMAD2
JUND,STAT5A
JUND,TGFBR1
JUP,APC
JUP,CSNK1A1
JUP,KIT
JUP,PPP2CA
JUP,PRKACA
JUP,SMAD3
KIT,ABL1
KIT,FES
KIT,LYN
KIT,PLD2
KIT,PPP2CA
KIT,PRKCZ
KIT,PTK2
KIT,RAF1
KIT,SHC1
KIT,SOS1
KIT,SOS2
KIT,STAT1
KIT,STAT3
KIT,STAT5A
KIT,STAT5B
KIT,TGFBR1
KPNA2,APC
KPNA2,KPNA6
KPNA2,KPNB1
KPNA2,NCOA3
KPNA2,NUP153
KPNA2,PAX5
KPNA2,PCAF
KPNA2,PIK3CD
KPNA2,RAN
KPNA2,RELA
KPNA2,SMAD2
KPNA2,SMAD3
KPNA2,SMAD4
KPNA2,SPEN
KPNA2,STAT1
KPNA2,STAT2
KPNA2,TP53
KPNA2,VDR
KPNA3,KPNA6
KPNA3,RAN
KPNA6,AP2B1
KPNA6,KPNB1
KPNA6,PRKAR2A
KPNA6,RAN
KPNA6,SIN3A
KPNA6,STAT5A
KPNA6,STAT5B
KPNA6,TP53
KPNB1,ABL1
KPNB1,LAMR1
KPNB1,NUP153
KPNB1,PRKAR2A
KPNB1,RAN
KPNB1,RPL4
KPNB1,SMAD2
KPNB1,SMARCC2
KPNB1,STAT1
KPNB1,STAT5A
KRT7,KRT17
KRT7,KRT18
KRT7,KTN1
KRT8,KRT18
KRT8,RAF1
KRT17,KRT18
KRT18,NRAS
KRT18,RAF1
KRT18,RIPK1
LAMR1,NCOA3
LAMR1,PSMC2
LAMR1,RAN
LAMR1,RPL4
LAMR1,RPL8
LAMR1,SMAD3
LAMR1,TP53
LYN,ABL1
LYN,MET
LYN,PIK3CD
LYN,PLD2
LYN,PTK2
LYN,PTPN12
LYN,RAF1
LYN,SHC1
LYN,SMAD2
LYN,STAT1
LYN,STAT2
LYN,STAT3
LYN,STAT5A
LYN,STAT5B
LYN,TGFBR2
MAGI3,DAAM1
MAGI3,FZD6
MAGI3,FZD7
MAIL,NFKB1
MAIL,NFKB2
MAIL,REL
MAIL,RELA
MAP1B,PLD2
MAP3K4,CDC42
MAP3K4,FLNA
MAP3K4,PRKCD
MAP3K4,RAC1
MAP3K4,TRAF4
MCC,APC
MCC,TP53
MCM5,MCM7
MCM5,PAX5
MCM5,SMAD2
MCM5,STAT1
MCM5,TFDP1
MCM7,PAX5
MCM7,TFDP1
MDM2,AKT1
MDM2,ARRB1
MDM2,CDKN1A
MDM2,EGFR
MDM2,HDAC1
MDM2,KIT
MDM2,NUMB
MDM2,PIAS1
MDM2,PML
MDM2,SUMO1
MDM2,TP53
MEF2A,SMAD3
MEK1,AKT1
MEK1,CDC42
MEK1,PRKCZ
MEK1,RAF1
MEK1,SMAD2
MEK1,SMAD3
MEK1,WNT5A
MEK5,FOS
MEK5,MEF2A
MEK5,PRKCZ
MEK5,STAT3
MEKK1,ATF2
MEKK1,CDC42
MEKK1,CRKL
MEKK1,GRB2
MEKK1,JUNB
MEKK1,NFKB1
MEKK1,RAC1
MEKK1,RELA
MEKK1,RHOA
MEKK1,RIPK1
MEKK1,SMAD2
MEKK1,TRAF3
MET,ABL1
MET,APC
MET,PLCG2
MET,RAN
MET,SHC1
MET,SOS1
MET,SOS2
MET,STAT1
MET,STAT3
MET,STAT5A
MET,STAT5B
MKP1,FOS
MKP1,FOSB
MKP1,JUNB
MKP1,NFKB1
MKP1,PRKCZ
MKP1,RAC1
MKP1,TP53
MYC,NCOA3
NCK,SNRPD2
NFKB2,AKT1
NFKB2,APP
NFKB2,BCL3
NFKB2,BTRC
NFKB2,CCND1
NFKB2,CYLD
NFKB2,JAK2
NFKB2,NFKB1
NFKB2,REL
NFKB2,RELA
NFKB2,SP1
NFKB2,TRAF3
NFYC,NFYA
NGAP,AKT1
NGAP,CDK7
NGAP,DAB2
NGAP,NFKB2
NIK,AKT1
NIK,CASP2
NIK,HSPA8
NIK,NFKB1
NIK,NFKB2
NIK,RELA
NIK,RIPK1
NIK,SP1
NIK,TP53
NIK,TRAF3
NKIRAS1,AKT1
NKIRAS1,BCL3
NKIRAS1,NFKB1
NKIRAS1,NFKB2
NKIRAS1,REL
NKIRAS1,RELA
NKIRAS2,AKT1
NKIRAS2,BCL3
NKIRAS2,BTRC
NKIRAS2,CDK6
NKIRAS2,CTNNB1
NKIRAS2,NFKB1
NKIRAS2,NFKB2
NKIRAS2,PSMD3
NKIRAS2,REL
NKIRAS2,RELA
NOTCH1,JAG1
NOTCH2,NOTCH3
NOTCH2,PSEN2
NOTCH2,SMAD3
NR3C1,BAG1
NR3C1,CALR
NR3C1,FOS
NR3C1,HDAC2
NR3C1,HDAC6
NR3C1,NCOA3
NR3C1,NCOR1
NR3C1,NFKB1
NR3C1,RELA
NR3C1,SMAD4
NR3C1,SMARCA4
NR3C1,SP1
NR3C1,STAT3
NR3C1,STAT5A
NR3C1,STAT5B
NR3C1,TP53
NRAS,NRAS
NRAS,PKN2
NRAS,PRKACA
NRAS,PRKCZ
NRAS,RAF1
NRAS,RALGDS
NRAS,RBL2
NRAS,SOS1
NSMAF,MAP3K4
NUP153,RANBP9
NUP214,G3BP2
NUP214,SOS1
OTF1,BRCA1
OTF1,NFYA
OTF1,SP1
P70S6K,ACVRL1
P70S6K,CUL1
P70S6K,MET
P70S6K,NOTCH3
P70S6K,SKP1
P70S6K,SMAD4
P204,LYN
PAPOLA,CUL1
PAPOLA,KPNB1
PARD3,PRKCZ
PARD3,RAF1
PAX5,NCOA3
PAX5,PCAF
PAX5,PIAS1
PAX5,PIK3CD
PAX5,RELA
PAX5,SMAD2
PAX5,SMAD3
PAX5,SMAD4
PAX5,STAT1
PAX5,STAT2
PAX5,TP53
PCAF,SMAD1
PCAF,SMAD2
PCAF,SMAD3
PCAF,SMARCA4
PCAF,STAT1
PCAF,STK11
PIAS1,NCOA3
PIAS1,PIK3CD
PIAS1,SMAD2
PIAS1,SMAD3
PIAS1,SPEN
PIAS1,STAT1
PIAS1,STAT5A
PIAS1,STAT5B
PIAS1,SUMO2
PIAS4,SMAD3
PIAS4,SMARCC2
PIAS4,STAT5A
PIAS4,STAT5B
PIAS4,SUMO1
PIK3CA,AKT1
PIK3CA,AKT2
PIK3CA,CBL
PIK3CA,CCND1
PIK3CA,CTNNB1
PIK3CA,EGFR
PIK3CA,JAK1
PIK3CA,JAK2
PIK3CA,LYN
PIK3CA,NRAS
PIK3CA,PIK3R1
PIK3CA,PIK3R3
PIK3CA,PRKCD
PIK3CA,RAC1
PIK3CA,RELA
PIK3CA,SHC1
PIK3CA,STAT3
PIK3CA,TP53
PIK3CD,PSEN2
PIK3CD,SMAD2
PIK3CD,SMAD3
PIK3CD,STAT1
PKN2,PLD2
PLCG2,ABL1
PLD1,PLD2
PLD2,RAC1
PLD2,SMAD3
PPP2CA,STAT1
PPP2CA,STAT3
PPP2CA,STAT5A
PPP2CA,STAT5B
PRKACA,CTNNB1
PRKACA,PRKAR1A
PRKACA,PRKAR2A
PRKACA,RELA
PRKAR2A,SMAD1
PRKAR2A,SMAD2
PRKCL,AKT1
PRKCL,AKT2
PRKCL,CCND1
PRKCL,CD44
PRKCL,CDC23
PRKCL,CDC42
PRKCL,EGFR
PRKCL,GRB2
PRKCL,HSPA8
PRKCL,JAK2
PRKCL,NRAS
PRKCL,PARD3
PRKCL,PRKCZ
PRKCL,RAC1
PRKCL,RAF1
PRKCL,RELA
PRKCL,RGS16
PRKCL,SF1
PRKCL,SMAD3
PRKCL,TGFBR1
PRKCZ,NUP153
PRKCZ,RAC1
PRKCZ,RAF1
PRKCZ,RGS16
PRKCZ,SMAD2
PRKCZ,SMAD3
PRKCZ,STAT5A
PRKCZ,TGFBR1
PSEN2,APC
PSMB5,PSMD12
PSMB5,PSMD4
PSMC2,PSMC3
PSMC2,PSMD1
PSMC2,PSMD12
PSMC2,PSMD3
PSMC2,PSMD4
PSMC2,PSMD7
PSMC2,RAF1
PSMC3,PSMD1
PSMC3,PSMD12
PSMC3,PSMD4
PSMC3,PSMD7
PSMD1,CLTC
PSMD1,PSMD12
PSMD1,PSMD3
PSMD1,PSMD4
PSMD1,PSMD7
PSMD3,PSMD12
PSMD3,PSMD4
PSMD3,PSMD7
PSMD4,PSMD12
PSMD4,PSMD7
PSMD4,RELA
PSMD4,SUMO2
PSMD7,PSMD12
PSMD12,NFKB2
PSMD12,RIPK1
PTK2,ABL1
PTK2,SHC1
PTK2,STAT1
PTK2,STAT2
PTK2,STAT3
PTK2,STAT5A
PTK2,STAT5B
PTPN12,APC
PTPN12,PRKAR1A
PTPN12,SOS1
PTPN12,STAT1
PTPN12,STAT5A
PTPN12,STAT5B
RAC1,SMAD2
RAC1,SMAD3
RACK1,GRB2
RACK1,NSMAF
RACK1,PRKCD
RACK1,RPL4
RACK1,RPS13
RACK1,SDC2
RACK1,SHC1
RACK1,SOS1
RAF1,PAPOLA
RAF1,PRKACA
RAF1,PRKAR1A
RAF1,RHOA
RAF1,SF1
RAF1,SMAD2
RAF1,SMAD4
RAF1,STAT1
RAF1,STAT3
RAF1,STAT5A
RAF1,STAT5B
RAF1,TP53
RALBP1,ABL1
RALBP1,CDC42
RALBP1,JAK1
RALBP1,JAK2
RALBP1,KIT
RALBP1,LYN
RALBP1,NRAS
RALBP1,RAC1
RALBP1,RALB
RALBP1,RAN
RALBP1,RHOA
RAN,HDAC1
RAN,NUP214
RAN,RANBP9
RAN,RELA
RAN,SUMO1
RB,FHL2
RBL2,REL
RBL2,RELA
RBL2,SP1
REL,RELA
RELA,RGS16
RELA,SMAD2
RELA,SMAD3
RELA,SP1
RELA,STAT1
RELA,STAT3
RELA,STAT5A
RELA,STAT5B
RELA,TP53
REPS1,GRB2
REPS1,RALB
REPS1,RALBP1
REQ,FHL2
RHOA,PRKAR1A
RHOA,SMAD1
RHOA,SMAD2
RHOA,SMAD3
RIP2,AKT1
RIP2,CDC42
RIP2,PTK2
RIP2,RAC1
RIP2,RHOA
RIPK1,NFKB2
RIPK1,STAT1
RKIP,CDH1
RKIP,NFKB1
RKIP,PRKCD
RKIP,PRKCZ
RKIP,RAF1
RKIP,SPRED1
RPA5,POLR1A
RPA5,POLR1B
RPL4,RPL8
RPL4,STAT5A
RSK1,AP2B1
RSK1,FOS
RSK1,GRB2
RSK1,NRAS
RSK1,PRKAR2A
RSK2,ELK4
RSK2,ETS1
RSK2,NRAS
RSK3,AP2B1
RSK3,FOS
RSK3,NRAS
SAM68,CBL
SAM68,CD44
SAM68,GRB2
SAM68,LYN
SAM68,PIK3R1
SAM68,STAT3
SAP97,UBE3A
SF1,APC
SHP2,AKT1
SHP2,EGFR
SHP2,GAB1
SHP2,GRB2
SHP2,JAK1
SHP2,JAK2
SHP2,KIT
SHP2,MET
SHP2,NRAS
SHP2,PIK3R1
SHP2,PTK2
SHP2,PXN
SHP2,SOS1
SHP2,STAT1
SHP2,STAT3
SHP2,STAT5A
SIN3A,SMARCC2
SIN3A,SP1
SIN3A,SPEN
SINK,AKT1
SINK,AKT2
SINK,ATF2
SINK,ATF3
SINK,PPP2CA
SINK,RELA
SKIL,SMAD1
SKIL,SMAD2
SKIL,SMAD3
SKP1,BTRC
SKP1,CDKN1A
SKP1,CTNNB1
SKP1,FBXW7
SKP1,NFKB1
SKP1,PSMC2
SKP1,PSMD12
SMAD1,NUP153
SMAD1,NUP214
SMAD1,RAN
SMAD1,SMAD2
SMAD1,SMAD3
SMAD1,SMAD4
SMAD1,SP1
SMAD1,TGFBR1
SMAD1,TGFBR2
SMAD1,TP53
SMAD1,VDR
SMAD1,VIM
SMAD2,NCOA3
SMAD2,NUP153
SMAD2,NUP214
SMAD2,RAN
SMAD2,SMAD3
SMAD2,SMAD4
SMAD2,SP1
SMAD2,SPEN
SMAD2,STAT1
SMAD2,STAT2
SMAD2,STAT3
SMAD2,STAT5A
SMAD2,TGFBR1
SMAD2,TGFBR2
SMAD2,TP53
SMAD2,VDR
SMAD2,VIM
SMAD3,NCOA3
SMAD3,NUP153
SMAD3,NUP214
SMAD3,RAN
SMAD3,SMAD4
SMAD3,SP1
SMAD3,SPEN
SMAD3,STAT1
SMAD3,STAT2
SMAD3,STAT3
SMAD3,TGFBR1
SMAD3,TGFBR2
SMAD3,TP53
SMAD3,VDR
SMAD4,STAT1
SMAD4,TGFBR1
SMAD4,TP53
SMARCB1,CCND1
SMARCB1,CDKN1A
SMARCB1,HDAC1
SMARCB1,MYC
SMARCB1,NCOR1
SMARCB1,SIN3A
SMARCB1,SMARCA4
SMARCB1,SMARCC1
SMARCB1,SMARCC2
SMARCB1,TP53
SMARCB1,VIM
SMARCC1,HDAC1
SMARCC1,HDAC2
SMARCC1,HDAC6
SMARCC1,NCOR1
SMARCC1,NFYA
SMARCC1,PCAF
SMARCC1,SMARCA4
SMARCC1,VDR
SMARCC2,SMARCA4
SMARCC2,SMARCC1
SMURF1,CAV1
SMURF1,CDC42
SMURF1,EGFR
SMURF1,HDAC1
SMURF1,KIT
SMURF1,MET
SMURF1,PML
SMURF1,RHOA
SMURF1,SMAD1
SMURF1,SMAD2
SMURF1,SMAD3
SMURF1,SMAD4
SMURF1,TGFBR1
SMURF1,TGFBR2
SNW1,MYC
SNW1,NOTCH1
SNW1,NOTCH2
SNW1,NOTCH3
SNW1,RBL2
SNW1,SMAD2
SNW1,SMAD3
SNW1,VDR
SNX1,EGFR
SNX1,RAC1
SNX1,SNX6
SNX6,JAK1
SOCS6,ABL1
SOCS6,EGFR
SOCS6,FES
SOCS6,JAK1
SOCS6,JAK2
SOCS6,KIT
SOCS6,LYN
SOCS6,MET
SOCS6,PTK2
SODD,BAG1
SODD,CASP2
SODD,DAXX
SODD,HSPA8
SODD,NFKB1
SODD,NKIRAS2
SODD,PSMD3
SODD,RIPK1
SOS1,ABL1
SOS1,APC
SOS1,SHC1
SOS1,SOS2
SOS1,STAT3
SOS1,STAT5A
SOS1,SVIL
SOS2,STAT5A
SP1,SPEN
SP1,STAT2
SP1,STAT3
SP1,SUMO2
SPEN,STAT1
SPRY2,LRP1
STAT1,ABL1
STAT1,NCOA3
STAT1,PAPOLA
STAT1,RAC1
STAT1,RAN
STAT1,STAT2
STAT1,STAT3
STAT1,STAT5A
STAT1,STAT5B
STAT1,TP53
STAT1,VDR
STAT2,ABL1
STAT2,STAT3
STAT2,STAT5A
STAT2,STAT5B
STAT3,CCND1
STAT3,MYC
STAT3,RAC1
STAT5A,NUP153
STAT5A,PAPOLA
STAT5A,RAC1
STAT5A,SHC1
STAT5A,STAT3
STAT5A,STAT5B
STAT5A,TP53
STAT5A,VDR
STAT5B,ABL1
STAT5B,NUP153
STAT5B,RAC1
STAT5B,STAT3
STAT5B,VDR
SUMO1,SMARCA4
SUMO1,SUMO2
SUMO1,ZNF259
SVIL,APC
TAB2,HIPK2
TAB2,NCOR1
TAB2,NFKB1
TAB2,RIPK1
TAB2,TGFBR1
TAB2,TGFBR2
TAK1,TAB2
TAK1,VDR
TCF4,TCF12
TFDP2,CDC25A
TFDP2,CDC25B
TGFB2,TGFBR2
TGFBR1,NUP214
TGFBR1,RAN
TGFBR1,TGFBR2
TGFBR1,VDR
TNAP,DKK1
TNAP,SMAD1
TNAP,TRAF3
TNIP1,NFKB1
TP53,NUP153
TP53,RAN
TRAILR1,NFKB1
TRAILR1,RIPK1
TRAILR1,TP53
TRUSS,APH1A
TRUSS,APP
TRUSS,CTNNB1
TRUSS,MYC
TRUSS,NCOR1
TRUSS,NOTCH1
TRUSS,PSEN2
TRUSS,RIPK1
TRUSS,UBE2D1
UBCH5B,BTRC
UBCH5B,CBL
UBCH5B,CUL1
UBCH5B,MDM2
UBCH5B,SUMO1
UBCH5B,UBE3A
UBCH5C,PPP2CA
UBCH5C,RAN
UBE3A,HDAC1
UBE3A,MCM7
UBE3A,MDM2
UBE3A,SAP18
UBE3A,SIN3A
UBE3A,TP53
UBE3A,UBE2D1
UBE3A,UBE2L3
USP9,CCND1
USP9,SUMO1
USP9,SUMO2
VDR,STAT3
VIM,PRKAR1A
WNT5A,FZD7
YES,ABL1
YES,CBLB
YES,CTNND1
YES,EGFR
YES,GRB7
YES,LYN
YES,RAC1
YES,SOS1
ZIN,RIPK1
ZIN,STAT3
ZIN,UBE2L3
ZNF216,RELA
ZNF216,RIPK1
