# Protein-1,# Protein-2
14-3-3-zeta,AKT1
14-3-3-zeta,CDC25B
14-3-3-zeta,CTNNB1
14-3-3-zeta,KRT18
14-3-3-zeta,PRKCA
14-3-3-zeta,RAF1
14-3-3-zeta,RAN
ABIN2,FLNA
ABIN2,NFKB1
ABIN2,FHL2
ABIN2,RIPK1
ABIN2,STK11
ABIN2,TAB2
ABIN2,TRAF2
ABL1,APP
ABL1,CDC42
ABL1,CRK
ABL1,CRKL
ABL1,CTNNB1
ABL1,DOK1
ABL1,FOS
ABL1,GRB2
ABL1,MYC
ABL1,NUP214
ABL1,PLCG1
ABL1,PLSCR1
ABL1,SHC1
ABL1,STAT5A
ABL1,TP53
ABL1,YAP1
ADAM10,APP
ADAM10,CD44
ADAM10,CDH1
ADAM10,CTNNB1
ADAM10,DLL4
ADAM10,FHL2
ADAM10,NOTCH2
ADD1,ABL1
ADD1,AKT1
ADD1,BTK
ADD1,CSK
ADD1,PRKCA
ADD1,RAF1
ADD1,STK11
AES,CCND1
AES,CREBBP
AES,CTBP1
AES,CTNNB1
AES,HDAC1
AES,MYC
AES,RELA
AES,TLE1
AIP4,ARRB1
AIP4,ARRB2
AIP4,HGS
AIP4,JUNB
AIP4,NUMB
AKT1,CDC23
AKT1,NRAS
AKT1,PRKCA
AKT1,STAT3
AKT1,STAT5A
AKT1,STAT5B
ANAPC2,ANAPC5
ANAPC2,CCNB1
ANAPC2,CDC16
ANAPC2,CDC23
ANAPC2,PSMB5
ANAPC2,PSMC2
ANAPC2,PSMC3
ANAPC2,PSMD1
ANAPC2,PSMD13
ANAPC5,SMAD1
ANAPC5,SMAD2
AO7,NKD1
AO7,RELA
AO7,RNF4
APC,CDH1
APH1A,APP
APH1A,CTNNB1
APH1A,DLL4
APH1A,NOTCH2
APH1A,PLD1
APH1A,TRAF6
APH2,ADAM10
APH2,APH1A
APH2,APP
APH2,CTNNB1
APH2,DLL4
APH2,NOTCH2
APH2,PLD1
APH2,TRAF6
APP,CRKL
APP,STAT5A
ARA55,CRK
ARA55,CRKL
ARA55,CSK
ARA55,FOS
ARA55,PTK2
ARA55,PTPN12
ARA55,PXN
ARA55,RAN
ARA55,RHOA
ARA55,SVIL
ARA55,TGFBR2
ARA70,FHL2
ARA70,HRAS
ARA70,NRAS
ARA70,RAN
ARA70,SVIL
ARAF1,HRAS
ARAF1,NRAS
ARAF1,PRKCA
ARAF1,PRKCD
ARF4,PLD2
ARRB1,HGS
ARRB2,DVL3
ARRB2,HGS
ARRB2,NRAS
ASE1,CCNB1
ASE1,CDC16
ASE1,NCOR1
ATF3,FOS
ATF3,FOSB
AXIN1,APC
AXIN1,CREBBP
AXIN1,DOK1
AXIN1,GRB2
AXIN1,JUP
AXIN1,SMAD1
AXIN1,SMAD2
AXIN1,TGFBR1
BAG1,HSPA8
BPAG1,CTNNB1
BPAG1,FOS
BPAG1,HDAC6
BPAG1,ITGB4
BPAG2,CD151
BPAG2,CTNND1
BPAG2,DSP
BPAG2,HDAC1
BPAG2,ITGA6
BPAG2,ITGB4
BPAG2,KRT18
BRCA1,CCNB1
BRCA1,CCNB2
BRCA1,CCND1
BRCA1,CREBBP
BRCA1,CRKL
BRCA1,FOS
BRCA1,HDAC1
BRCA1,HDAC2
BRCA1,JUNB
BRCA1,MTA2
BRCA1,SMAD1
BRCA1,SMAD2
BRCA1,SP1
BRCA1,STAT1
BRCA1,STAT3
BRCA1,STAT5A
BRCA1,STAT5B
BRCA1,TP53
BTK,ABL1
BTK,CASP7
BTK,CBLB
BTK,CDK7
BTK,CRK
BTK,CRKL
BTK,CSK
BTK,DOK1
BTK,GRB10
BTK,GRB2
BTK,ITGB4
BTK,PLCG1
BTK,PRKCA
BTK,PTK2
BTK,PTK6
BTK,SHC1
BTK,SOCS1
BTK,STAT1
BTK,STAT2
BTK,STAT3
BTK,STAT5A
BTK,STAT5B
BTK,VAV2
CAMK2D,CREBBP
CAMK2D,STAT3
CAMK2D,STAT5A
CAMK2D,STAT5B
CAPN3,RELA
CAPN3,RPL8
CASP2,CDK7
CASP2,FADD
CASP2,HDAC1
CASP2,HDAC2
CASP2,RIPK1
CASP2,TRADD
CASP7,CSK
CAV1,CRKL
CAV1,CSK
CAV1,ERBB2
CAV1,GRB10
CAV1,RHOA
CAV1,STAT1
CAV1,STAT5A
CAV1,STAT5B
CBLB,ABL1
CBLB,APC
CBLB,CRK
CBLB,CRKL
CBLB,CSK
CBLB,DOK1
CBLB,ERBB2
CBLB,FLNA
CBLB,GAB1
CBLB,GRB10
CBLB,GRB2
CBLB,ITGB4
CBLB,PTK2
CBLB,PTK6
CBLB,PTPN12
CBLB,SHC1
CBLB,STAT1
CBLB,STAT3
CBLB,STAT5A
CBLB,STAT5B
CBLB,SVIL
CBLB,VAV2
CBLB,WASL
CCNB1,CCNB2
CCNB1,CDC23
CCNB1,CDC42
CCNB1,CTNNB1
CCNB1,FLNA
CCNB1,FOXO1A
CCNB1,HDAC6
CCNB1,HSPA8
CCNB1,ID2
CCNB1,MCM7
CCNB1,PRKCA
CCNB1,PSMC2
CCNB1,RAC1
CCNB1,RGS16
CCNB1,TP53
CCNB1,TRAF2
CCNB2,ABL1
CCNB2,CDC23
CCNB2,CDC25B
CCNB2,CDK7
CCNB2,CDKN1A
CCNB2,ETS1
CCNB2,FOXO1A
CCNB2,MCM5
CCNB2,MCM7
CCNB2,PRKCA
CCNB2,PSMC2
CCNB2,RPS11
CCND1,CDKN1A
CCND1,HDAC1
CCND1,HDAC2
CCND1,SMAD2
CCND1,TGFBR1
CD44,ERBB2
CD44,RAF1
CD44,SMAD2
CD44,STAT5A
CDC16,BRCA1
CDC16,CCNB2
CDC16,CDC23
CDC16,CDK7
CDC16,CTNNB1
CDC16,ITGB4BP
CDC16,MCM5
CDC16,PSMC2
CDC23,FOXO1A
CDC23,KRT18
CDC23,PARD3
CDC23,PRKCA
CDC23,PSMC2
CDC23,RAF1
CDC23,VIM
CDC37,HDAC1
CDC37,HDAC2
CDC42,AKT1
CDC42,IQGAP2
CDC42,PLD1
CDC42,WASL
CDK6,SMAD1
CDK6,SMAD2
CDK7,APC
CDK7,CREBBP
CDK7,ID2
CDK7,TP53
CDKN1A,HDAC1
CDKN1A,HDAC2
CDX1,CREBBP
CEACAM1,CRKL
CEACAM1,ERBB2
CEACAM1,STAT5A
CEACAM1,STAT5B
CHK,AXIN1
CHK,CCND1
CHK,CDKN1A
CHK,CSNK1D
CIAP1,AKT1
CIAP1,CASP7
CIAP1,CYLD
CIAP1,FADD
CIAP1,NFKB1
CIAP1,RIPK1
CIAP1,TRADD
CIAP1,TRAF2
CIAP1,TRAF6
CIAP2,CASP2
CIAP2,CASP7
CIAP2,FADD
CIAP2,MYB
CIAP2,NFKB1
CIAP2,RELA
CIAP2,RIPK1
CIAP2,TRADD
CIAP2,TRAF2
CIAP2,TRAF6
CIN85,AP2B1
CIN85,CBLB
CIN85,CDC42
CIN85,GRB2
CIN85,HGS
CIN85,TRADD
CIR,HDAC1
CIR,HDAC2
CIR,HDAC6
CIR,MTA2
CIR,NCOR1
CIR,SAP18
CIR,SNW1
CK2A1,CTNNB1
CK2A1,DVL1
CK2A1,DVL3
CK2A1,FOS
CK2A1,HDAC1
CK2A1,HDAC2
CK2A1,MTA2
CK2A1,MYC
CK2A1,PLD2
CK2A1,RBBP7
CK2A1,RELA
CK2A2,CDC37
CK2A2,CTNNB1
CK2A2,DVL1
CK2A2,DVL3
CK2A2,FOS
CK2A2,HDAC1
CK2A2,MYC
CK2A2,RELA
CK2B,CSNK1D
CK2B,FAF1
CK2B,MBP
CK2B,MTIF2
CLCA1,ITGB4
CLCA1,SP1
CLTC,HDAC1
CLTC,HDAC2
CLTC,HGS
CLTC,KRT18
CLTC,PAPOLA
CLTC,SMAD2
CLTC,WASL
COPS3,NRAS
COPS3,PSMD4
COPS3,SMAD1
CREB,ATF2
CREB,BRCA1
CREB,CAMK2G
CREB,CREBBP
CREB,FOS
CREB,SP1
CREBBP,CTBP1
CREBBP,CTNNB1
CREBBP,ETS1
CREBBP,HDAC1
CREBBP,HNF4A
CREBBP,MAML1
CREBBP,MYB
CREBBP,MYC
CREBBP,NFKB1
CREBBP,RELA
CREBBP,SMAD2
CREBBP,SMAD4
CREBBP,STAT1
CREBBP,STAT2
CREBBP,STAT3
CREBBP,TP53
CREBBP,VDR
CRK,CSK
CRK,ERBB2
CRK,GRB2
CRK,PTK2
CRK,PTK6
CRK,STAT1
CRK,STAT3
CRK,STAT5A
CRKL,CDC42
CRKL,CREBBP
CRKL,CSK
CRKL,DOK1
CRKL,GAB1
CRKL,GLG1
CRKL,GRB10
CRKL,GRB2
CRKL,PPP2CA
CRKL,PRKCA
CRKL,PTK2
CRKL,PTK6
CRKL,PTPN12
CRKL,RAC1
CRKL,RAF1
CRKL,SOCS1
CRKL,STAT1
CRKL,STAT2
CRKL,STAT3
CRKL,STAT5A
CRKL,STAT5B
CRKL,TGFBR1
CRKL,TRAF2
CRKL,WASL
CRM1,APC
CRM1,CCNB1
CRM1,CRK
CRM1,CTNNB1
CRM1,HDAC1
CRM1,NFKB1
CRM1,NUP214
CRM1,RAN
CRM1,RELA
CRM1,STAT1
CRM1,TP53
CSK,ABL1
CSK,CREBBP
CSK,CTBP1
CSK,DOK1
CSK,GRB10
CSK,GRB2
CSK,ITGB4
CSK,KPNA2
CSK,PIK3CD
CSK,PLCG1
CSK,PLD2
CSK,PRKAR1A
CSK,PRKCA
CSK,PTK2
CSK,PTK6
CSK,RAF1
CSK,SHC1
CSK,SMAD1
CSK,SMAD2
CSK,STAT1
CSK,STAT2
CSK,STAT3
CSK,STAT5A
CSK,STAT5B
CSK,TGFBR1
CSNK1D,DVL3
CTBP1,DAXX
CTBP1,ETS1
CTBP1,HDAC1
CTBP1,MYB
CTBP1,PIK3CD
CTBP1,RELA
CTBP1,SMAD2
CTBP1,SPEN
CTBP1,STAT1
CTBP1,STAT2
CTCF,SP1
CTNNB1,APC
CTNNB1,HDAC1
CTNNB1,HDAC2
CTNNB1,JUP
CTNNB1,NOTCH2
CTNNB1,SMAD1
CTNNB1,SMAD2
CTNNB1,TGFBR1
CUL1,AXIN1
CUL1,CDKN1A
CUL1,CTNNB1
CUL1,NFKB1
CUL1,PSMD7
CUL1,SKP1
DAAM1,APC
DAAM1,ARF4
DAP,FADD
DAP,TNIP1
DAXX,FADD
DAXX,HDAC1
DAXX,KPNA2
DAXX,RIPK1
DAXX,SMAD2
DAXX,SP1
DAXX,STAT1
DDEF1,ARF4
DDEF1,CBLB
DDEF1,CRK
DDEF1,GRB2
DDEF1,PTK2
DDEF1,PXN
DDEF1,REPS2
DDX3,SP1
DNM,ARRB2
DNM,CAV1
DNM,DLL4
DNM,GRB2
DNM,PLCG1
DNM,SP1
DOK1,GRB10
DOK1,STAT5A
DOK1,STAT5B
DOK1,TGFBR1
DOK1,TRAF2
DOK1,WASL
DSP,APC
DSP,FOS
DVL1,APC
DVL1,ARRB2
DVL1,AXIN1
DVL1,CTNNB1
DVL1,CTNND1
DVL1,DAAM1
DVL1,DVL3
DVL1,FZD5
DVL1,FZD7
DVL1,NKD1
DVL1,NOTCH2
DVL1,RAC1
DVL1,VANGL2
DVL3,JUP
E3B1,ABL1
E3B1,AKT1
E3B1,CDC42
E3B1,CRK
E3B1,EPS8
E3B1,MYC
E3B1,RAC1
E3B1,WASL
EBP1,ERBB2
EBP1,HDAC2
EBP1,PRKCA
EBP1,RPL30
EBP1,RPL4
EBP1,RPL8
EIF3S2,PPP2CA
EIF3S2,PSMD1
EIF3S2,SMARCA4
ENG,CD44
ENG,SMAD1
ENG,SMAD2
ENG,SMAD4
ENG,SP1
ENG,TGFB3
ENG,TGFBR1
ENG,TGFBR2
EPS8,SMAD2
ERBB2,ABL1
ERBB2,APC
ERBB2,GAB1
ERBB2,GRB10
ERBB2,GRB2
ERBB2,HGS
ERBB2,KRT18
ERBB2,KRT8
ERBB2,PLCG1
ERBB2,PLD1
ERBB2,PLD2
ERBB2,PLSCR1
ERBB2,PRKCA
ERBB2,PTK2
ERBB2,PTK6
ERBB2,RIPK1
ERBB2,SHC1
ERBB2,SOCS1
ERBB2,STAT1
ERBB2,STAT3
ERBB2,STAT5A
ERBB2,STAT5B
ERBB2,WASL
ERK1,AKT1
ERK1,ARRB2
ERK1,ATF3
ERK1,AXIN1
ERK1,BRCA1
ERK1,BTK
ERK1,CD44
ERK1,CDC23
ERK1,COPS3
ERK1,CREBBP
ERK1,CRKL
ERK1,CSK
ERK1,CTNNB1
ERK1,ETS1
ERK1,FOS
ERK1,GRB10
ERK1,HDAC1
ERK1,HGS
ERK1,HSPA8
ERK1,ID2
ERK1,JUNB
ERK1,KRT18
ERK1,NRAS
ERK1,NUP214
ERK1,PPP2CA
ERK1,PRKCA
ERK1,RAF1
ERK1,RAN
ERK1,RELA
ERK1,RIPK1
ERK1,SF1
ERK1,SHC1
ERK1,SMAD2
ERK1,SMAD4
ERK1,SMARCA4
ERK1,SP1
ERK1,STAT1
ERK1,STAT3
ERK1,STAT5A
ERK1,STAT5B
ERK1,SVIL
ERK1,TGFBR1
ERK1,TP53
ERK1,VDR
ERK1,WASL
ERK2,AKT1
ERK2,CBLB
ERK2,CREBBP
ERK2,CRKL
ERK2,GRB2
ERK2,HDAC1
ERK2,JUNB
ERK2,NRAS
ERK2,NUP214
ERK2,PSMD4
ERK2,RAF1
ERK2,SMAD1
ERK2,SMAD2
ERK2,STAT1
ERK2,STAT2
ERK2,STAT3
ERK2,STAT5A
ERK2,STAT5B
ERK2,SVIL
ERK2,TGFBR1
ERK2,TP53
ERT,CREBBP
ERT,ERBB2
ERT,MYC
ERT,NFKB1
ETS1,FOS
ETS1,HDAC1
ETS1,JUNB
ETS1,KPNA2
ETS1,RAF1
ETS1,SMAD1
ETS1,SMAD2
ETS1,STAT1
ETS1,STAT3
ETS1,STAT5A
ETS1,TGFBR1
FADD,CREBBP
FADD,HSPA8
FADD,KRT18
FADD,RIPK1
FADD,STAT3
FADD,STAT5A
FADD,STAT5B
FADD,TGFBR1
FADD,TRADD
FAF1,HDAC1
FAF1,HDAC2
FAF1,TRADD
FBL,ITGB4BP
FBL,POLR1A
FBL,PSMD3
FHL2,BRCA1
FHL2,CCND1
FHL2,CDH1
FHL2,CREBBP
FHL2,CTNNB1
FHL2,NFKB1
FHL2,PTK2
FHL2,SMAD2
FHL2,SMAD4
FHL2,TP53
FHL2,TRAF6
FKBP12,CCNB1
FKBP12,RAF1
FKBP12,SMAD2
FKBP12,STAT5A
FKBP51,EIF3S2
FKBP51,TGFBR1
FLIP,APC
FLIP,CASP2
FLIP,CDK7
FLIP,DSP
FLIP,FADD
FLIP,FAF1
FLIP,NOTCH2
FLIP,NRAS
FLIP,RIPK1
FLIP,SVIL
FLIP,TRADD
FLIP,TRAF2
FLNA,NOTCH2
FOS,CREBBP
FOS,FOSB
FOS,HDAC1
FOS,HDAC2
FOS,JUNB
FOS,MAP2K6
FOS,MYB
FOS,PRKCA
FOS,RAF1
FOS,RELA
FOS,RIPK1
FOS,SMAD1
FOS,SMAD2
FOS,SMAD4
FOS,SP1
FOS,STAT1
FOS,STAT3
FOS,STAT5A
FOS,STAT5B
FOS,VDR
FOSB,JUNB
FOXO1A,APC
FOXO1A,CREBBP
FOXO1A,KPNA2
FOXO1A,SMAD1
FOXO1A,SMAD2
FOXO1A,STAT1
GAB1,GRB2
GAB1,KPNA2
GAB1,RAF1
GAB1,SMAD2
GAB1,STAT1
GAB1,STAT5A
GAB1,STAT5B
GAB1,WASL
GAB2,GRB2
GAB2,PRKCA
GAB2,RELA
GAB2,TGFBR1
GAPDH ,APP
GAPDH  ,MYC
GAPDH ,PLD2
GIPC,AKT1
GIPC,CLTC
GIPC,ENG
GIPC,ITGA6
GIPC,PRKCA
GIPC,RAC1
GJA1,RAF1
GJA1,STAT5A
GLG1,WASL
GP130,BTK
GP130,ERBB2
GP130,NRAS
GP130,STAT1
GP130,STAT5A
GP130,STAT5B
GRB2,CDC42
GRB2,GRB10
GRB2,JUP
GRB2,PLCG1
GRB2,PRKCA
GRB2,PTK2
GRB2,PTK6
GRB2,PTPN12
GRB2,RAC1
GRB2,RAF1
GRB2,RELA
GRB2,SHC1
GRB2,SOCS1
GRB2,STAT1
GRB2,STAT2
GRB2,STAT3
GRB2,STAT5A
GRB2,STAT5B
GRB2,WASL
GRB10,ABL1
GRB10,NRAS
GRB10,PTK2
GRB10,PTK6
GRB10,RAF1
GRB10,STAT1
GRB10,STAT3
GRB10,STAT5A
GRB10,STAT5B
HDAC1,APC
HDAC1,HDAC2
HDAC1,HDAC6
HDAC1,KPNA2
HDAC1,MTA2
HDAC1,MYB
HDAC1,NCOR1
HDAC1,PAPOLA
HDAC1,RELA
HDAC1,SMAD2
HDAC1,SMAD4
HDAC1,SMARCE1
HDAC1,SP1
HDAC1,SPEN
HDAC1,STAT1
HDAC1,STAT2
HDAC1,STAT5A
HDAC1,STAT5B
HDAC1,TP53
HDAC2,CREBBP
HDAC2,MCM5
HDAC2,MCM7
HDAC2,MTA2
HDAC2,MYB
HDAC2,RELA
HDAC2,SMAD2
HDAC2,SP1
HDAC2,STAT1
HDAC2,STAT2
HDAC2,STAT5A
HDAC2,STAT5B
HDAC2,TP53
HDAC6,ITGB4BP
HGS,CREBBP
HGS,KPNB1
HGS,MYB
HGS,RAN
HGS,SMAD1
HGS,SMAD2
HGS,SNRPD2
HGS,STK11
HGS,SVIL
HGS,TGFBR1
HNF4A,CDX1
HRAS,NRAS
HSP90A,ANAPC5
HSP90A,CDC23
HSP90A,CDC37
HSP90A,COPS3
HSP90A,CSK
HSP90A,HDAC1
HSP90A,HDAC2
HSP90A,HSPA8
HSP90A,NRAS
HSP90A,RELA
HSP90A,SMAD4
HSP90A,STAT1
HSP90A,STAT5A
HSP90A,STAT5B
HSP90A,SUMO2
HSP90B,AP2B1
HSP90B,HSPA8
HSP90B,TBP
HSPA8,APC
HSPA8,CLTC
HSPA8,RAF1
HSPA8,RAN
HSPA8,STAT1
HSPA8,STAT5A
HSPA8,STAT5B
HSPA8,WASL
ID1,CREBBP
ID1,ID2
ID2,CREBBP
ID2,MYC
IHH,FADD
IHH,ITGB4
IHH,NOTCH2
IHH,RELA
IKBA,BRCA1
IKBA,CREBBP
IKBA,FAF1
IKBA,FOS
IKBA,HDAC1
IKBA,HDAC2
IKBA,KPNA2
IKBA,MAP2K6
IKBA,PPP2CA
IKBA,RELA
IKBA,SP1
IKBA,STAT1
IKBA,STAT3
IKBA,STAT5A
IKBA,STAT5B
IQGAP2,PSMD4
IQGAP2,RELA
IQGAP2,RGS16
ITGB4,WASL
ITGB4BP,RPL4
ITGB4BP,RPL8
ITGB4BP,WDR12
ITRAF,NFKB1
ITRAF,TRADD
ITRAF,TRAF2
ITRAF,TRAF6
JNK1,CREBBP
JNK1,FOS
JNK1,RAF1
JNK1,SMAD1
JNK1,SMAD2
JNK1,STAT1
JNK1,STAT5A
JNK1,STAT5B
JNK1,TGFBR1
JUNB,CREBBP
JUNB,RELA
JUNB,SMAD1
JUNB,SMAD2
JUNB,STAT1
JUNB,TGFBR1
JUP,APC
JUP,CREBBP
JUP,PPP2CA
KPNA2,APC
KPNA2,CREBBP
KPNA2,KPNB1
KPNA2,MYB
KPNA2,PIK3CD
KPNA2,RAN
KPNA2,RELA
KPNA2,SMAD2
KPNA2,SMAD4
KPNA2,SPEN
KPNA2,STAT1
KPNA2,STAT2
KPNA2,TP53
KPNA2,VDR
KPNB1,ABL1
KPNB1,CREBBP
KPNB1,LAMR1
KPNB1,RAN
KPNB1,RPL4
KPNB1,SMAD2
KPNB1,SMARCC2
KPNB1,STAT1
KPNB1,STAT5A
KPNB1,TRAF2
KRT8,KRT18
KRT8,RAF1
KRT18,NRAS
KRT18,RAF1
KRT18,RIPK1
LAMR1,CREBBP
LAMR1,PSMC2
LAMR1,RAN
LAMR1,RPL4
LAMR1,RPL8
LAMR1,TP53
LFNG,DLL4
LFNG,NOTCH2
LIP1,FADD
LIP1,PPP2CA
MAML1,CCND1
MAML1,CTNNB1
MAML1,DLL4
MAML1,NOTCH2
MAML1,SNW1
MAML1,TP53
MBP,CDC42
MBP,CREBBP
MBP,MBP
MBP,NRAS
MBP,RAC1
MCM5,MCM7
MCM5,SMAD2
MCM5,STAT1
MCM5,TFDP1
MCM7,TFDP1
MCM7,TRAF2
MEK1,AKT1
MEK1,CDC42
MEK1,MAP2K6
MEK1,RAF1
MEK1,SMAD2
MEK2,MAP2K6
MEK3,ATF2
MEK3,MAP2K6
MEK3,NFKB1
MEK3,RAC1
MEK3,RIPK1
MEK3,TAB1
MEK3,TAB2
MEK3,TP53
MEK3,TRADD
MEK3,TRAF6
MEK5,FOS
MEK5,STAT3
MIG6,RPL30
MIG6,RPL4
MIG6,RPL6
MIG6,RPL8
MIG6,RPS11
MIG6,UXT
MIZ1,CCND1
MIZ1,CDKN1A
MIZ1,ITGA6
MIZ1,MYC
MIZ1,SHC1
MIZ1,SMAD2
MIZ1,SMAD4
MIZ1,SP1
MTA2,RBBP7
MYB,SMAD2
MYB,STAT1
NCOR1,TBP
NIK,AKT1
NIK,CASP2
NIK,FADD
NIK,HSPA8
NIK,MBP
NIK,NFKB1
NIK,RELA
NIK,RIPK1
NIK,SP1
NIK,TP53
NIK,TRADD
NIK,TRAF2
NIK,TRAF6
NKD1,AXIN1
NKD1,CTNNB1
NKD1,DAAM1
NKD1,DVL3
NKD1,FOS
NKD1,PPP2CA
NKD1,VANGL2
NKIRAS2,AKT1
NKIRAS2,CDK6
NKIRAS2,CTNNB1
NKIRAS2,NFKB1
NKIRAS2,PSMD3
NKIRAS2,RELA
NKIRAS2,TRAF2
NKIRAS2,TRAF6
NOTCH2,PLCG1
NRAS,NRAS
NRAS,PRKCA
NRAS,RAF1
NRAS,RALGDS
NSMAF,GRB10
NSMAF,TRADD
NSMAF,TRAF2
OTF1,BRCA1
OTF1,POLR2L
OTF1,SP1
OTF1,TBP
P70S6K,CUL1
P70S6K,SKP1
P70S6K,SMAD4
PAPOLA,CREBBP
PAPOLA,CTBP1
PAPOLA,CUL1
PAPOLA,KPNB1
PARD3,RAF1
PATZ,NCOR1
PATZ,RNF4
PEN2,APH1A
PEN2,APP
PEN2,CTNNB1
PEN2,DLL4
PEN2,NOTCH2
PEN2,PLD1
PEN2,TRAF6
PIAS4,CREBBP
PIAS4,SMARCC2
PIAS4,STAT5A
PIAS4,STAT5B
PIK3CA,AKT1
PIK3CA,AKT2
PIK3CA,CCND1
PIK3CA,CTNNB1
PIK3CA,ERBB2
PIK3CA,HRAS
PIK3CA,NRAS
PIK3CA,PRKCD
PIK3CA,RAC1
PIK3CA,RELA
PIK3CA,SHC1
PIK3CA,STAT3
PIK3CA,TP53
PIK3CD,SMAD2
PIK3CD,STAT1
PLCE1,HRAS
PLCE1,PIK3C2B
PLCE1,PIK3CD
PLCE1,PLCG1
PLCG1,PLD2
PLCG1,PTK2
PLCG1,PTK6
PLD1,PLD2
PLD2,RAC1
PLEC1,CREBBP
PPP2CA,CREBBP
PPP2CA,STAT1
PPP2CA,STAT3
PPP2CA,STAT5A
PPP2CA,STAT5B
PRKCA,STAT5A
PRKCA,STAT5B
PRKCA,TGFBR1
PSMB5,PSMD4
PSMC2,PSMC3
PSMC2,PSMD1
PSMC2,PSMD13
PSMC2,PSMD3
PSMC2,PSMD4
PSMC2,PSMD7
PSMC2,RAF1
PSMC2,TBP
PSMC2,TRAF6
PSMC3,PSMD1
PSMC3,PSMD13
PSMC3,PSMD4
PSMC3,PSMD7
PSMC3,TBP
PSMD1,CLTC
PSMD1,PSMD13
PSMD1,PSMD3
PSMD1,PSMD4
PSMD1,PSMD7
PSMD3,COPS3
PSMD3,PSMD13
PSMD3,PSMD4
PSMD3,PSMD7
PSMD4,CREBBP
PSMD4,PSMD13
PSMD4,PSMD7
PSMD4,RELA
PSMD4,SUMO2
PSMD4,TBP
PSMD4,TRAF2
PSMD7,PSMD13
PSMD13,ANAPC5
PSMD13,PSMB5
PTK2,ABL1
PTK2,PTK6
PTK2,SHC1
PTK2,STAT1
PTK2,STAT2
PTK2,STAT3
PTK2,STAT5A
PTK2,STAT5B
PTK6,ABL1
PTK6,CREBBP
PTK6,SHC1
PTK6,STAT1
PTK6,STAT2
PTK6,STAT3
PTK6,STAT5A
PTK6,STAT5B
PTK6,VAV2
PTPN12,APC
PTPN12,PRKAR1A
PTPN12,STAT1
PTPN12,STAT5A
PTPN12,STAT5B
PTPN12,WASL
RAC1,SMAD2
RACK1,GRB2
RACK1,HRAS
RACK1,NSMAF
RACK1,PRKCA
RACK1,PRKCD
RACK1,RPL4
RACK1,RPS13
RACK1,SDC2
RACK1,SHC1
RAF1,PAPOLA
RAF1,PRKAR1A
RAF1,RHOA
RAF1,SF1
RAF1,SMAD2
RAF1,SMAD4
RAF1,STAT1
RAF1,STAT3
RAF1,STAT5A
RAF1,STAT5B
RAF1,TP53
RALBP1,ABL1
RALBP1,BTK
RALBP1,CDC42
RALBP1,CSK
RALBP1,MTIF2
RALBP1,NRAS
RALBP1,RAC1
RALBP1,RALB
RALBP1,RAN
RALBP1,RHOA
RAN,HDAC1
RAN,NUP214
RAN,RELA
RAP30,CDK9
RAP30,POLR2L
RAP30,TBP
RBPSUH,CREBBP
RBPSUH,CTBP1
RBPSUH,DLL4
RBPSUH,FHL1
RBPSUH,HDAC1
RBPSUH,HDAC2
RBPSUH,MAML1
RBPSUH,NFKB1
RBPSUH,NOTCH2
RBPSUH,SNW1
RBPSUH,SPEN
RELA,RGS16
RELA,SMAD2
RELA,SP1
RELA,STAT1
RELA,STAT3
RELA,STAT5A
RELA,STAT5B
RELA,TP53
REPS1,CRK
REPS1,GRB2
REPS1,RALB
REPS1,RALBP1
REPS1,REPS2
REPS2,CRKL
RHOA,PRKAR1A
RHOA,SMAD1
RHOA,SMAD2
RIPK1,STAT1
RIPK1,TRADD
RIPK1,TRAF2
RKIP,CDH1
RKIP,NFKB1
RKIP,PRKCA
RKIP,PRKCD
RKIP,RAF1
RKIP,TRAF6
RPA5,POLR1A
RPA5,POLR1D
RPA5,POLR2L
RPL4,RPL8
RPL4,STAT5A
RPL6,RPL8
SAM68,BTK
SAM68,CD44
SAM68,CRK
SAM68,CSK
SAM68,GRB10
SAM68,GRB2
SAM68,PLCG1
SAM68,PTK6
SAM68,STAT3
SAP97,ADAM10
SF1,APC
SHIP2,AKT1
SHIP2,AKT2
SHIP2,CRK
SHIP2,GAB2
SHIP2,GRB2
SHIP2,PLCE1
SHIP2,PLCG1
SHIP2,SHC1
SHP2,AKT1
SHP2,CEACAM1
SHP2,ERBB2
SHP2,GAB1
SHP2,GAB2
SHP2,GRB2
SHP2,HRAS
SHP2,NRAS
SHP2,PTK2
SHP2,PXN
SHP2,STAT1
SHP2,STAT3
SHP2,STAT5A
SKP1,AXIN1
SKP1,CDKN1A
SKP1,CTNNB1
SKP1,NFKB1
SKP1,PSMC2
SMAD1,CREBBP
SMAD1,NUP214
SMAD1,RAN
SMAD1,SMAD2
SMAD1,SMAD4
SMAD1,SP1
SMAD1,TGFBR1
SMAD1,TGFBR2
SMAD1,TP53
SMAD1,VDR
SMAD1,VIM
SMAD2,NUP214
SMAD2,RAN
SMAD2,SMAD4
SMAD2,SP1
SMAD2,SPEN
SMAD2,STAT1
SMAD2,STAT2
SMAD2,STAT3
SMAD2,STAT5A
SMAD2,TGFBR1
SMAD2,TGFBR2
SMAD2,TP53
SMAD2,VDR
SMAD2,VIM
SMAD4,STAT1
SMAD4,TGFBR1
SMAD4,TP53
SMAD6,ARF4
SMARCB1,CCND1
SMARCB1,CDKN1A
SMARCB1,HDAC1
SMARCB1,MYC
SMARCB1,NCOR1
SMARCB1,SMARCA4
SMARCB1,SMARCC1
SMARCB1,SMARCC2
SMARCB1,SMARCE1
SMARCB1,TP53
SMARCB1,VIM
SMARCC1,CREBBP
SMARCC1,FOXO1A
SMARCC1,HDAC1
SMARCC1,HDAC2
SMARCC1,HDAC6
SMARCC1,MYB
SMARCC1,NCOR1
SMARCC1,SMARCA4
SMARCC1,VDR
SMARCC2,SMARCA4
SMARCC2,SMARCC1
SMARCC2,TBP
SMRT,CTBP1
SMRT,NCOR1
SNW1,CDK9
SNW1,CREBBP
SNW1,MYC
SNW1,NOTCH2
SNW1,SMAD2
SNW1,VDR
SNX1,HGS
SNX1,RAC1
SNX1,SNX2
SNX4,ABL1
SNX4,AKT1
SNX4,BTK
SNX4,CDK9
SNX4,CSK
SNX4,RIPK1
SOCS1,STAT1
SOCS1,STAT3
SOCS1,STAT5A
SOCS1,STAT5B
SP1,CREBBP
SP1,SPEN
SP1,STAT2
SP1,STAT3
SP1,SUMO2
SPEN,STAT1
STAT1,ABL1
STAT1,PAPOLA
STAT1,RAC1
STAT1,RAN
STAT1,STAT2
STAT1,STAT3
STAT1,STAT5A
STAT1,STAT5B
STAT1,TP53
STAT1,VDR
STAT2,ABL1
STAT2,STAT3
STAT2,STAT5A
STAT2,STAT5B
STAT3,CCND1
STAT3,MYC
STAT3,RAC1
STAT5A,CREBBP
STAT5A,PAPOLA
STAT5A,RAC1
STAT5A,SHC1
STAT5A,STAT3
STAT5A,STAT5B
STAT5A,TP53
STAT5A,TRADD
STAT5A,VDR
STAT5B,ABL1
STAT5B,CREBBP
STAT5B,RAC1
STAT5B,STAT3
STAT5B,TRADD
STAT5B,VDR
SVIL,APC
SVIL,TRADD
SVIL,WASL
TAB1,MAP2K6
TAB1,RIPK1
TAB1,SMAD6
TAB1,TAB2
TAB1,TGFBR1
TAB1,TGFBR2
TAB1,TRADD
TAB1,TRAF2
TAB1,TRAF6
TAB2,MAP2K6
TAB2,NCOR1
TAB2,NFKB1
TAB2,RIPK1
TAB2,SMAD6
TAB2,TGFBR1
TAB2,TGFBR2
TAB2,TRADD
TAB2,TRAF2
TAB2,TRAF6
TBP,SMARCA4
TBP,SMARCB1
TCF4,CREBBP
TGFBR1,CREBBP
TGFBR1,NUP214
TGFBR1,RAN
TGFBR1,TGFBR2
TGFBR1,VDR
TGFBR2,CREBBP
TIP1,CTNNB1
TIP1,SOCS1
TIP60,APP
TIP60,HDAC1
TIP60,MYC
TIP60,NCOR1
TIP60,NFKB1
TIP60,STAT3
TIP60,TP53
TNFR1,CASP10
TNFR1,CASP2
TNFR1,CYLD
TNFR1,FADD
TNFR1,NFKB1
TNFR1,NSMAF
TNFR1,RELA
TNFR1,RIPK1
TNFR1,STAT1
TNFR1,TAB1
TNFR1,TRADD
TNFR1,TRAF2
TNFR1,TRAF6
TNFR2,NFKB1
TNFR2,RIPK1
TNFR2,STAT1
TNFR2,TRADD
TNFR2,TRAF2
TNIP1,NFKB1
TP53,RAN
TRADD,CREBBP
TRADD,STAT3
TRADD,TRAF2
TRAF2,WASL
TRAF6,TRAF2
TRUSS,APH1A
TRUSS,APP
TRUSS,CTNNB1
TRUSS,MYC
TRUSS,NCOR1
TRUSS,RIPK1
TRUSS,TRADD
TRUSS,TRAF2
UBC9,DSP
UBC9,STAT5A
UBCH5C,PPP2CA
UBCH5C,RAN
UXT,RPL4
VANGL2,AXIN1
VANGL2,CALR
VANGL2,CTNNB1
VANGL2,DAAM1
VANGL2,DVL3
VANGL2,FZD7
VAV2,ABL1
VAV2,WASL
VDR,STAT3
VIM,CREBBP
VIM,PRKAR1A
WASL,ABL1
WASL,APC
WASL,CRK
WASL,RAC1
WASL,SHC1
WASL,SNX1
WASL,STAT3
YES,ABL1
YES,BTK
YES,CBLB
YES,CSK
YES,CTNND1
YES,PLCG1
YES,RAC1
