# Protein-1,# Protein-2
14-3-3-zeta,CDC25B
14-3-3-zeta,CSNK1A1
14-3-3-zeta,CTNNB1
14-3-3-zeta,PIK3R1
14-3-3-zeta,PRKCA
14-3-3-zeta,RAF1
14-3-3-zeta,RAN
A20,G3BP2
ABIN2,FLNA
ABIN2,NFKB1
ABIN2,REL
ABIN2,RELA
ABIN2,STK11
ABIN2,TRAF2
ABL1,APP
ABL1,BCAR1
ABL1,CDC42
ABL1,CRKL
ABL1,CTNNB1
ABL1,FOS
ABL1,GRB2
ABL1,MYC
ABL1,NUP214
ABL1,PLCG1
ABL1,PLSCR1
ABL1,SHC1
ABL1,STAT5A
ABL1,TP53
ADAM10,APP
ADAM10,CD44
ADAM10,CDH1
ADAM10,CTNNB1
ADAM10,EGF
ADAM10,EGFR
ADAM10,NOTCH2
ADAM10,PSEN1
AIP4,EGFR
AIP4,HGS
AIP4,MET
AIP4,NUMB
AIP4,SMAD3
AIP4,SMAD7
ANAPC5,SMAD2
ANAPC5,SMAD3
ANAPC5,TGFB1
ANKRD6,CTNNB1
ANKRD6,DAAM1
ANKRD6,DVL2
ANKRD6,DVL3
ANKRD6,FZD1
ANKRD6,FZD4
ANKRD6,FZD5
ANKRD6,FZD6
ANKRD6,MAGI3
ANKRD6,WNT5A
APC,CDH1
APH1A,APP
APH1A,CTNNB1
APH1A,NOTCH2
APH1A,PLD1
APH1A,PSEN1
APH1A,PSEN2
APH1A,TRAF6
APH2,ADAM10
APH2,APH1A
APH2,APP
APH2,CTNNB1
APH2,NOTCH2
APH2,PLD1
APH2,PSEN1
APH2,PSEN2
APH2,TRAF6
APP,CRKL
APP,STAT5A
ARA54,NCOA3
ARA54,NCOR1
ARA54,RAN
ARA54,SVIL
ARA54,UBE2L3
ARA70,NCOA3
ARA70,NRAS
ARA70,RAN
ARA70,SVIL
ARA160,RAN
ARA160,SMARCA4
ARAF1,NRAS
ARAF1,PIK3R1
ARAF1,PRKCA
ARF4,PLD2
ATF3,FOS
AXAM2,DVL2
AXAM2,DVL3
AXAM2,KPNB1
AXAM2,PML
AXAM2,RAN
AXAM2,SUMO1
AXAM2,SUMO2
BAG1,HSPA8
BCAR1,CASP3
BCAR1,CASP8
BCAR1,CAV1
BCAR1,CBLB
BCAR1,CD44
BCAR1,CRKL
BCAR1,CTNNB1
BCAR1,EPOR
BCAR1,EPS15
BCAR1,GAB1
BCAR1,GRB10
BCAR1,GRB2
BCAR1,IQGAP2
BCAR1,PLD2
BCAR1,PRKCI
BCAR1,RAF1
BCAR1,SHC1
BCAR1,SMAD2
BCAR1,SMAD3
BCAR1,SNX2
BCAR1,STAT1
BCAR1,STAT3
BCAR1,STAT5A
BPAG1,CTNNB1
BPAG1,FOS
BPAG1,HDAC6
CAMK2D,CREBBP
CAMK2D,SMAD3
CAMK2D,STAT3
CAMK2D,STAT5A
CAPN3,RELA
CAPN3,RPL8
CASP2,CASP8
CASP2,CDK7
CASP2,FADD
CASP2,HDAC1
CASP2,HDAC2
CASP2,PSEN1
CASP2,PSMD12
CASP2,TRADD
CASP3,CASP7
CASP3,CASP8
CASP3,CBLB
CASP3,CD44
CASP3,CTNNB1
CASP3,EPS15
CASP3,FLNA
CASP3,IQGAP2
CASP3,NOTCH2
CASP3,NOTCH4
CASP3,PLCG1
CASP3,PLD2
CASP3,PRKCI
CASP3,PSEN1
CASP3,RAF1
CASP3,SHC1
CASP3,STAT1
CASP3,TRAF2
CASP8,FADD
CASP8,PSEN1
CASP8,PSMD12
CASP8,TRADD
CAV1,CRKL
CAV1,EGFR
CAV1,GRB10
CAV1,RHOA
CAV1,STAT1
CAV1,STAT5A
CBLB,ABL1
CBLB,APC
CBLB,CRKL
CBLB,DAB2
CBLB,EGF
CBLB,EGFR
CBLB,EPOR
CBLB,FLNA
CBLB,GAB1
CBLB,GRB10
CBLB,GRB2
CBLB,GRB7
CBLB,JAK1
CBLB,MET
CBLB,PTPN12
CBLB,SHC1
CBLB,SOS2
CBLB,STAT1
CBLB,STAT3
CBLB,STAT5A
CBLB,SVIL
CCND1,CDK4
CCND1,CDKN1A
CCND1,DYRK1A
CCND1,HDAC1
CCND1,HDAC2
CCND1,PRKCI
CCND1,SMAD2
CCND1,SMAD3
CCNH,CDK2
CCNH,CDK7
CCNH,CTNNB1
CCNH,MCM5
CD44,MMP7
CD44,PRKCI
CD44,RAF1
CD44,SMAD2
CD44,SMAD3
CD44,STAT5A
CD44,TGFB1
CDC16,CDC23
CDC16,CDK2
CDC16,CDK7
CDC16,CTNNB1
CDC16,MCM5
CDC16,PSMC2
CDC23,CDK2
CDC23,PARD3
CDC23,PRKCA
CDC23,PRKCI
CDC23,PSMC2
CDC23,RAF1
CDC23,VIM
CDC37,HDAC1
CDC37,HDAC2
CDC42,IQGAP2
CDC42,PIK3R1
CDC42,PLD1
CDC42,PRKCI
CDK2,CDK4
CDK2,CDK7
CDK2,CDKN1A
CDK2,CREBBP
CDK2,CTNNB1
CDK2,HDAC2
CDK2,ID2
CDK2,MCM5
CDK2,MCM7
CDK2,PRKCA
CDK2,PSMC2
CDK2,SMAD2
CDK2,STAT1
CDK2,STAT5A
CDK4,CDK6
CDK4,CDKN1A
CDK4,CREBBP
CDK4,CTCF
CDK4,MCM5
CDK4,MCM7
CDK4,SIN3A
CDK4,SMAD2
CDK4,SMAD3
CDK4,TGFB1
CDK6,SMAD2
CDK6,SMAD3
CDK6,TGFB1
CDK7,APC
CDK7,CREBBP
CDK7,FRAP1
CDK7,ID2
CDK7,ID3
CDK7,MAPK14
CDK7,TP53
CDKN1A,HDAC1
CDKN1A,HDAC2
CEACAM1,CRKL
CEACAM1,STAT5A
CIAP1,CASP3
CIAP1,CASP7
CIAP1,CASP8
CIAP1,CYLD
CIAP1,FADD
CIAP1,NFKB1
CIAP1,TRADD
CIAP1,TRAF1
CIAP1,TRAF2
CIAP1,TRAF6
CIAP2,CASP2
CIAP2,CASP3
CIAP2,CASP7
CIAP2,CASP8
CIAP2,FADD
CIAP2,NFKB1
CIAP2,RELA
CIAP2,TRADD
CIAP2,TRAF1
CIAP2,TRAF2
CIAP2,TRAF6
CIR,HDAC1
CIR,HDAC2
CIR,HDAC6
CIR,NCOR1
CIR,SNW1
CK2A1,CTNNB1
CK2A1,DVL2
CK2A1,DVL3
CK2A1,FOS
CK2A1,HDAC1
CK2A1,HDAC2
CK2A1,MYC
CK2A1,PLD2
CK2A1,RBBP7
CK2A1,RELA
CK2A1,SIN3A
CK2B,CSNK1A1
CK2B,CSNK1D
CK2B,MTIF2
CLTC,EPS15
CLTC,HDAC1
CLTC,HDAC2
CLTC,HGS
CLTC,PAPOLA
CLTC,SMAD2
CLTC,SMAD3
COPS3,COPS5
COPS3,NRAS
COPS3,PSMD12
COPS3,PSMD4
COPS5,PSMD12
COPS5,SMAD2
COPS5,SMAD3
CREB,CAMK2G
CREB,CREBBP
CREB,FOS
CREB,MITF
CREBBP,CTNNB1
CREBBP,ETS1
CREBBP,HDAC1
CREBBP,MYC
CREBBP,NCOA3
CREBBP,NFKB1
CREBBP,PML
CREBBP,RELA
CREBBP,SMAD2
CREBBP,SMAD4
CREBBP,SNIP1
CREBBP,STAT1
CREBBP,STAT3
CREBBP,TP53
CREBBP,VDR
CRKL,CDC42
CRKL,CREBBP
CRKL,EGFR
CRKL,EPOR
CRKL,GAB1
CRKL,GLG1
CRKL,GRB10
CRKL,GRB14
CRKL,GRB2
CRKL,GRB7
CRKL,JAK1
CRKL,MET
CRKL,PPP2CA
CRKL,PRKCA
CRKL,PTPN12
CRKL,RAC1
CRKL,RAF1
CRKL,SMAD3
CRKL,SOCS5
CRKL,STAT1
CRKL,STAT3
CRKL,STAT5A
CRKL,TRAF2
CRM1,APC
CRM1,CTNNB1
CRM1,GLI1
CRM1,HDAC1
CRM1,NFKB1
CRM1,NUP214
CRM1,RAN
CRM1,RELA
CRM1,STAT1
CRM1,TP53
CSNK1D,CSNK1A1
CSNK1D,DCP1A
CSNK1D,DVL2
CSNK1D,DVL3
CTNNB1,APC
CTNNB1,HDAC1
CTNNB1,HDAC2
CTNNB1,NOTCH2
CTNNB1,PSEN1
CTNNB1,SMAD2
CTNNB1,SMAD3
CUL1,CDK2
CUL1,CDKN1A
CUL1,COPS5
CUL1,CTNNB1
CUL1,NFKB1
CUL1,PSMD7
CUL1,SKP1
CUL1,SMAD3
DAAM1,APC
DAAM1,ARF4
DAB2,SMAD2
DAB2,SMAD3
DAB2,STAT1
DAB2,STAT5A
DAB2,TGFB1
DAP,FADD
DAP,PML
DAP,TNIP1
DCP1A,HSPA8
DDEF1,ARF4
DDEF1,CBLB
DDEF1,GRB2
DDEF1,PXN
DDX3,G3BP2
DDX3,TBK1
DNM,CAV1
DNM,EGF
DNM,EGFR
DNM,EPS15
DNM,GRB2
DNM,PIK3R1
DNM,PLCG1
DSP,APC
DSP,FOS
DVL2,CSNK1A1
DVL2,DVL3
DVL3,CSNK1A1
DVL3,SMAD3
DYRK1A,HGS
DYRK1A,SMAD2
DYRK1A,SMAD3
DYRK1A,TGFB1
E3B1,ABL1
E3B1,CDC42
E3B1,EGF
E3B1,EGFR
E3B1,EPS8
E3B1,MYC
E3B1,RAC1
E3B1,SOS2
EBP1,EGFR
EBP1,HDAC2
EBP1,KPNA3
EBP1,PRKCA
EBP1,RPL30
EBP1,RPL4
EBP1,RPL8
EBP1,SIN3A
EF1A,UBE3A
EGF,EGFR
EGF,GRB7
EGF,RAF1
EGFR,ABL1
EGFR,EPOR
EGFR,GRB10
EGFR,GRB2
EGFR,GRB7
EGFR,HGS
EGFR,JAK1
EGFR,MET
EGFR,PLCG1
EGFR,PRKCI
EGFR,SHC1
EGFR,STAT1
EGFR,STAT3
EGFR,STAT5A
EIF3S2,PPP2CA
EIF3S2,PSMD1
EIF3S2,SMARCA4
ENG,CD44
ENG,SMAD2
ENG,SMAD4
ENG,TGFB1
ENG,TGFBR2
EPOR,ABL1
EPOR,GRB2
EPOR,JAK1
EPOR,RAF1
EPOR,STAT1
EPOR,STAT3
EPOR,STAT5A
EPS8,SMAD2
EPS15,GRB2
EPS15,HGS
EPS15,RPL8
EPS15R,AP2B1
EPS15R,CLTC
EPS15R,EGF
EPS15R,EGFR
EPS15R,EPS15
EPS15R,HGS
EPS15R,NUMB
ERK2,CBLB
ERK2,CDK2
ERK2,CREBBP
ERK2,CRKL
ERK2,EPOR
ERK2,GRB2
ERK2,HDAC1
ERK2,JAK1
ERK2,NRAS
ERK2,NUP214
ERK2,PRKCI
ERK2,PSMD4
ERK2,RAF1
ERK2,SMAD2
ERK2,SMAD3
ERK2,STAT1
ERK2,STAT3
ERK2,STAT5A
ERK2,SVIL
ERK2,TP53
ERT,CREBBP
ERT,EGFR
ERT,EPS15
ERT,JAK1
ERT,MYC
ERT,NFKB1
ETS1,FOS
ETS1,HDAC1
ETS1,KPNA2
ETS1,RAF1
ETS1,RBL2
ETS1,SMAD2
ETS1,SMAD3
ETS1,STAT1
ETS1,STAT3
ETS1,STAT5A
FADD,CREBBP
FADD,HSPA8
FADD,PSMD12
FADD,STAT3
FADD,STAT5A
FADD,TRADD
FADD,TRAF1
FBL,PSMD3
FKBP12,PSEN1
FKBP12,RAF1
FKBP12,SMAD2
FKBP12,STAT5A
FKBP51,EIF3S2
FKBP51,SMAD3
FLIP,APC
FLIP,CASP2
FLIP,CASP8
FLIP,CDK7
FLIP,DSP
FLIP,FADD
FLIP,NOTCH2
FLIP,NRAS
FLIP,PSEN1
FLIP,PSMD12
FLIP,SVIL
FLIP,TGFB1
FLIP,TRADD
FLIP,TRAF1
FLIP,TRAF2
FLNA,NOTCH2
FOS,CREBBP
FOS,HDAC1
FOS,HDAC2
FOS,NCOA3
FOS,PRKCA
FOS,RAF1
FOS,RELA
FOS,SMAD2
FOS,SMAD3
FOS,SMAD4
FOS,STAT1
FOS,STAT3
FOS,STAT5A
FOS,VDR
FRP2,FZD6
FZD1,WNT5A
FZD4,WNT5A
G3BP2,RELA
G3BP2,RPL8
GAB1,GRB2
GAB1,KPNA2
GAB1,RAF1
GAB1,SMAD2
GAB1,SMAD3
GAB1,STAT1
GAB1,STAT5A
GAPDH,APP
GAPDH,MYC
GAPDH,PLD2
GAS1,GLI1
GAS1,HHIP
GAS1,HIP1
GAS1,MYC
GAS1,RAB23
GAS1,STAT5A
GJA1,RAF1
GJA1,STAT5A
GP130,EGFR
GP130,JAK1
GP130,NRAS
GP130,STAT1
GP130,STAT5A
GRB2,CDC42
GRB2,GRB10
GRB2,GRB14
GRB2,GRB7
GRB2,JAK1
GRB2,MET
GRB2,PLCG1
GRB2,PRKCA
GRB2,PRKCI
GRB2,PTPN12
GRB2,RAC1
GRB2,RAF1
GRB2,RELA
GRB2,SHC1
GRB2,SOS2
GRB2,STAT1
GRB2,STAT3
GRB2,STAT5A
GRB2,TBK1
GRB7,GRB14
GRB7,SOS2
GRB7,STAT1
GRB7,STAT5A
GRB10,ABL1
GRB10,JAK1
GRB10,MET
GRB10,NRAS
GRB10,RAF1
GRB10,STAT1
GRB10,STAT3
GRB10,STAT5A
GRB14,STAT1
GRB14,STAT5A
GRIM19,STAT3
HAT1,RBBP7
HBO1,HDAC6
HBO1,SMARCA4
HDAC1,APC
HDAC1,HDAC2
HDAC1,HDAC6
HDAC1,KPNA2
HDAC1,NCOR1
HDAC1,PAPOLA
HDAC1,PML
HDAC1,RELA
HDAC1,SIN3A
HDAC1,SMAD2
HDAC1,SMAD3
HDAC1,SMAD4
HDAC1,SMARCE1
HDAC1,STAT1
HDAC1,STAT5A
HDAC1,TP53
HDAC2,CREBBP
HDAC2,MAPK14
HDAC2,MCM5
HDAC2,MCM7
HDAC2,RELA
HDAC2,SIN3A
HDAC2,SMAD2
HDAC2,STAT1
HDAC2,STAT5A
HDAC2,TP53
HES1,ID2
HES1,ID3
HES1,ID4
HES1,MYC
HES1,NCOA3
HES1,STAT1
HES1,STAT5A
HES1,TCF12
HES1,TCF4
HGS,CREBBP
HGS,JAK1
HGS,KPNB1
HGS,RAN
HGS,SMAD2
HGS,SMAD3
HGS,STK11
HGS,SVIL
HIP1,ABL1
HIP1,CLTC
HIP1,EPS15
HSP90A,ANAPC5
HSP90A,CDC23
HSP90A,CDC37
HSP90A,COPS3
HSP90A,EGFR
HSP90A,HDAC1
HSP90A,HDAC2
HSP90A,HSPA8
HSP90A,MAPK14
HSP90A,NRAS
HSP90A,RELA
HSP90A,SMAD4
HSP90A,STAT1
HSP90A,STAT5A
HSP90A,SUMO1
HSP90A,SUMO2
HSP90B,AP2B1
HSP90B,HSPA8
HSP90B,KPNA6
HSP90B,MAPK14
HSP90B,SUMO1
HSPA8,APC
HSPA8,CLTC
HSPA8,PRKCI
HSPA8,RAF1
HSPA8,RAN
HSPA8,STAT1
HSPA8,STAT5A
ID2,CREBBP
ID2,ID3
ID2,MITF
ID2,MYC
ID2,NCOA3
ID3,CREBBP
ID3,ID4
ID3,MITF
ID3,MYC
ID3,NCOA3
ID3,TCF12
ID3,TCF4
ID4,TCF12
ID4,TCF4
IDAX,SHC1
IKBA,BCAR1
IKBA,CASP3
IKBA,CREBBP
IKBA,FOS
IKBA,HDAC1
IKBA,HDAC2
IKBA,KPNA2
IKBA,NOTCH4
IKBA,PPP2CA
IKBA,REL
IKBA,RELA
IKBA,STAT1
IKBA,STAT3
IKBA,STAT5A
IKKB,KPNA2
IKKB,RELA
IKKB,SMAD2
IKKB,SMAD3
IKKB,STAT1
IKKE,CDC37
IKKE,HSPA8
IKKE,RAF1
IKKE,TBK1
IQGAP2,PSMD4
IQGAP2,RELA
ITRAF,NFKB1
ITRAF,TBK1
ITRAF,TRADD
ITRAF,TRAF1
ITRAF,TRAF2
ITRAF,TRAF6
JAK1,ABL1
JAK1,CREBBP
JAK1,MET
JAK1,NRAS
JAK1,PLCG1
JAK1,PTPN12
JAK1,SHC1
JAK1,STAT1
JAK1,STAT3
JAK1,STAT5A
KPNA2,APC
KPNA2,CREBBP
KPNA2,KPNA6
KPNA2,KPNB1
KPNA2,NCOA3
KPNA2,RAN
KPNA2,RELA
KPNA2,SMAD2
KPNA2,SMAD3
KPNA2,SMAD4
KPNA2,STAT1
KPNA2,TP53
KPNA2,VDR
KPNA3,KPNA6
KPNA3,RAN
KPNA6,AP2B1
KPNA6,KPNB1
KPNA6,RAN
KPNA6,SIN3A
KPNA6,SNIP1
KPNA6,STAT5A
KPNA6,TP53
KPNB1,ABL1
KPNB1,CREBBP
KPNB1,RAN
KPNB1,RPL4
KPNB1,SMAD2
KPNB1,SMARCC2
KPNB1,STAT1
KPNB1,STAT5A
KPNB1,TRAF2
KRAS2,SHOC2
KRT7,KTN1
KRT8,RAF1
LIP1,FADD
LIP1,PPP2CA
MAGI3,DAAM1
MAGI3,FZD4
MAGI3,FZD6
MAP3K4,CDC42
MAP3K4,FLNA
MAP3K4,PRKCA
MAP3K4,RAC1
MAPK14,CDC25B
MAPK14,CDC42
MAPK14,KRT8
MAPK14,MEF2A
MAPK14,MITF
MAPK14,NCOA3
MAPK14,NFKB1
MAPK14,RAC1
MAPK14,RELA
MAPK14,SHC1
MAPK14,SMAD3
MAPK14,STAT1
MAPK14,STAT3
MAPK14,TP53
MAPK14,TRAF6
MCM5,MCM7
MCM5,SMAD2
MCM5,STAT1
MCM7,TRAF2
MEF2A,CREBBP
MEF2A,SMAD3
MEK1,CDC42
MEK1,HES1
MEK1,MAPK14
MEK1,RAF1
MEK1,SMAD2
MEK1,SMAD3
MEK1,WNT5A
MEK3,MAP3K4
MEK3,MAPK14
MEK3,NFKB1
MEK3,RAC1
MEK3,TP53
MEK3,TRADD
MEK3,TRAF6
MEK5,EGF
MEK5,FOS
MEK5,MEF2A
MEK5,PRKCI
MEK5,STAT3
MEKK1,CASP3
MEKK1,CDC42
MEKK1,CRKL
MEKK1,FADD
MEKK1,GRB2
MEKK1,MAPK14
MEKK1,NFKB1
MEKK1,RAC1
MEKK1,RELA
MEKK1,RHOA
MEKK1,SMAD2
MEKK1,TRADD
MEKK1,TRAF2
MEKK1,TRAF6
MEKK3,CCND1
MEKK3,GAB1
MEKK3,GRB2
MEKK3,MAPK14
MEKK3,NFKB1
MEKK3,NRAS
MEKK3,PRKCA
MEKK3,RAC1
MEKK3,RHOA
MEKK3,TRADD
MEKK3,TRAF6
MEKK3,WNK1
MET,ABL1
MET,APC
MET,PLCG1
MET,RAN
MET,SHC1
MET,SOS2
MET,STAT1
MET,STAT3
MET,STAT5A
MITF,MYC
MITF,NCOA3
MKP1,FOS
MKP1,MAPK14
MKP1,NFKB1
MKP1,RAC1
MKP1,TP53
MUPP1,NUMB
MUPP1,RNF4
MUPP1,SHC1
MUPP1,SNW1
MYC,NCOA3
NIK,CASP2
NIK,FADD
NIK,HSPA8
NIK,NFKB1
NIK,RELA
NIK,TP53
NIK,TRADD
NIK,TRAF1
NIK,TRAF2
NIK,TRAF6
NKIRAS2,CDK6
NKIRAS2,CTNNB1
NKIRAS2,NFKB1
NKIRAS2,PSMD3
NKIRAS2,REL
NKIRAS2,RELA
NKIRAS2,TRAF2
NKIRAS2,TRAF6
NOTCH2,NOTCH4
NOTCH2,PLCG1
NOTCH2,PSEN1
NOTCH2,PSEN2
NOTCH2,SMAD3
NR3C1,BAG1
NR3C1,CALR
NR3C1,FOS
NR3C1,HDAC2
NR3C1,HDAC6
NR3C1,NCOA3
NR3C1,NCOR1
NR3C1,NFKB1
NR3C1,RELA
NR3C1,SMAD4
NR3C1,SMARCA4
NR3C1,STAT3
NR3C1,STAT5A
NR3C1,TP53
NRAS,NRAS
NRAS,PIK3CB
NRAS,PRKCA
NRAS,PRKCI
NRAS,PSMC1
NRAS,RAF1
NRAS,RBL2
NRAS,SHOC2
NUP214,G3BP2
PAF53,POLR1B
PAPOLA,CREBBP
PAPOLA,CUL1
PAPOLA,KPNB1
PARD3,PRKCI
PARD3,RAF1
PATZ,MITF
PATZ,NCOR1
PATZ,RNF4
PEN2,APH1A
PEN2,APP
PEN2,CTNNB1
PEN2,NOTCH2
PEN2,PLD1
PEN2,PSEN1
PEN2,PSEN2
PEN2,TRAF6
PIAS3,SMAD2
PIK3CB,STAT1
PIK3CB,STAT3
PIK3CB,STAT5A
PLCG1,PLD2
PLD1,PLD2
PLD2,RAC1
PLD2,SMAD3
PLEC1,CREBBP
PPP2CA,CREBBP
PPP2CA,STAT1
PPP2CA,STAT3
PPP2CA,STAT5A
PRKCA,STAT5A
PSEN1,APC
PSEN1,CDC42
PSEN1,PSEN2
PSEN1,RAC1
PSEN1,TRAF1
PSEN1,VIM
PSEN2,APC
PSMB5,PSMD12
PSMB5,PSMD4
PSMC1,PSMC2
PSMC1,PSMC3
PSMC1,PSMD1
PSMC1,PSMD12
PSMC1,PSMD13
PSMC1,PSMD3
PSMC1,PSMD4
PSMC1,PSMD7
PSMC1,TRAF6
PSMC2,PSMC3
PSMC2,PSMD1
PSMC2,PSMD12
PSMC2,PSMD13
PSMC2,PSMD3
PSMC2,PSMD4
PSMC2,PSMD7
PSMC2,RAF1
PSMC2,TRAF6
PSMC3,PSMD1
PSMC3,PSMD12
PSMC3,PSMD13
PSMC3,PSMD4
PSMC3,PSMD7
PSMD1,CLTC
PSMD1,PSMD12
PSMD1,PSMD13
PSMD1,PSMD3
PSMD1,PSMD4
PSMD1,PSMD7
PSMD3,COPS3
PSMD3,PSMD12
PSMD3,PSMD13
PSMD3,PSMD4
PSMD3,PSMD7
PSMD4,CREBBP
PSMD4,PSMD12
PSMD4,PSMD13
PSMD4,PSMD7
PSMD4,RELA
PSMD4,SUMO2
PSMD4,TRAF2
PSMD7,PSMD12
PSMD7,PSMD13
PSMD12,PSMD13
PSMD12,TRADD
PSMD13,ANAPC5
PSMD13,PSMB5
PTPN12,APC
PTPN12,PRKAR1A
PTPN12,STAT1
PTPN12,STAT5A
RAB5,CAV1
RAB5,CTNNB1
RAB5,EGF
RAB5,EGFR
RAB5,EPS8
RAB5,MAPK14
RAB5,PIK3R1
RAB23,EPS8
RAC1,SMAD2
RAC1,SMAD3
RACK1,GRB2
RACK1,PRKCA
RACK1,RPL4
RACK1,RPS13
RACK1,SDC2
RACK1,SHC1
RAF1,PAPOLA
RAF1,PRKAR1A
RAF1,PRKCI
RAF1,RHOA
RAF1,SF1
RAF1,SHOC2
RAF1,SMAD2
RAF1,SMAD4
RAF1,SMAD7
RAF1,STAT1
RAF1,STAT3
RAF1,STAT5A
RAF1,TP53
RAI,NFKB1
RAI,RELA
RAI,TP53
RAN,HDAC1
RAN,NUP214
RAN,RELA
RAN,SUMO1
RBL2,REL
RBL2,RELA
RBPSUH,CREBBP
RBPSUH,FHL1
RBPSUH,HDAC1
RBPSUH,HDAC2
RBPSUH,HES1
RBPSUH,HEY1
RBPSUH,NFKB1
RBPSUH,NOTCH2
RBPSUH,NOTCH4
RBPSUH,POFUT1
RBPSUH,SNW1
REL,RELA
RELA,PRKCI
RELA,SMAD2
RELA,SMAD3
RELA,STAT1
RELA,STAT3
RELA,STAT5A
RELA,TBK1
RELA,TP53
REPS1,GRB2
REPS1,RALB
REQ,CASP7
REQ,FADD
REQ,SMARCE1
RHOA,PRKAR1A
RHOA,SMAD2
RHOA,SMAD3
RHOA,TGFB1
RKIP,CDH1
RKIP,CDK2
RKIP,NFKB1
RKIP,PRKCA
RKIP,RAF1
RKIP,SPRED1
RKIP,TRAF6
RPA5,POLR1B
RPL4,RPL8
RPL4,STAT5A
RPL6,RPL8
RSK2,ETS1
RSK2,NRAS
SAM68,CD44
SAM68,EGF
SAM68,GRB10
SAM68,GRB2
SAM68,PIK3R1
SAM68,PLCG1
SAM68,STAT3
SAP97,ADAM10
SAP97,CDK2
SAP97,UBE3A
SCF,APH1A
SCF,CTNNB1
SCF,CUL1
SCF,GLI1
SCF,SKP1
SCF,UBE2L3
SF1,APC
SF1,PRKCI
SH2D3C,BCAR1
SH2D3C,G3BP2
SHIP,CRKL
SHIP,GRB2
SHIP,JAK1
SHIP,MET
SHIP,PIK3C2B
SHIP,PIK3CB
SHIP,PIK3R1
SHIP,RAF1
SHIP,SHC1
SHIP2,AKT2
SHIP2,BCAR1
SHIP2,EGF
SHIP2,EGFR
SHIP2,GRB2
SHIP2,MET
SHIP2,PIK3R1
SHIP2,PLCG1
SHIP2,SHC1
SHOC2,PAPOLA
SHP2,CEACAM1
SHP2,EGF
SHP2,EGFR
SHP2,GAB1
SHP2,GRB2
SHP2,JAK1
SHP2,MET
SHP2,NRAS
SHP2,PIK3R1
SHP2,PXN
SHP2,STAT1
SHP2,STAT3
SHP2,STAT5A
SIN3A,SMARCC2
SKP1,CDK2
SKP1,CDKN1A
SKP1,CTNNB1
SKP1,NFKB1
SKP1,PSMC2
SKP1,PSMD12
SMAD2,NCOA3
SMAD2,NUP214
SMAD2,RAN
SMAD2,SMAD3
SMAD2,SMAD4
SMAD2,SMAD7
SMAD2,STAT1
SMAD2,STAT3
SMAD2,STAT5A
SMAD2,TCF8
SMAD2,TGFB1
SMAD2,TGFBR2
SMAD2,TP53
SMAD2,VDR
SMAD2,VIM
SMAD3,CREBBP
SMAD3,NCOA3
SMAD3,NUP214
SMAD3,PRKCI
SMAD3,RAN
SMAD3,SMAD4
SMAD3,SMAD7
SMAD3,STAT1
SMAD3,STAT3
SMAD3,TCF8
SMAD3,TGFB1
SMAD3,TGFBR2
SMAD3,TP53
SMAD3,VDR
SMAD4,STAT1
SMAD4,TGFB1
SMAD4,TP53
SMAD7,TGFB1
SMARCC1,CREBBP
SMARCC1,HDAC1
SMARCC1,HDAC2
SMARCC1,HDAC6
SMARCC1,NCOR1
SMARCC1,SMARCA4
SMARCC1,TCF8
SMARCC1,VDR
SMARCC2,SMARCA4
SMARCC2,SMARCC1
SNW1,CREBBP
SNW1,MYC
SNW1,NOTCH2
SNW1,RBL2
SNW1,SMAD2
SNW1,SMAD3
SNW1,VDR
SNX1,EGF
SNX1,EGFR
SNX1,EPS15
SNX1,HGS
SNX1,RAC1
SNX1,SNX2
SNX1,SNX6
SNX4,ABL1
SNX4,JAK1
SNX4,SOS2
SNX6,JAK1
SOCS5,STAT5A
SOS2,STAT5A
STAMBPL1,CLTC
STAMBPL1,COPS5
STAMBPL1,GRB2
STAMBPL1,SMAD2
STAMBPL1,SMAD7
STAT1,ABL1
STAT1,NCOA3
STAT1,PAPOLA
STAT1,RAC1
STAT1,RAN
STAT1,STAT3
STAT1,STAT5A
STAT1,TP53
STAT1,VDR
STAT3,CCND1
STAT3,EGF
STAT3,MYC
STAT3,PIAS3
STAT3,RAC1
STAT5A,CREBBP
STAT5A,PAPOLA
STAT5A,RAC1
STAT5A,SHC1
STAT5A,STAT3
STAT5A,TGFB1
STAT5A,TP53
STAT5A,TRADD
STAT5A,VDR
SUMO1,SMARCA4
SUMO1,SUMO2
SVIL,APC
SVIL,TRADD
TAK1,TRAF2
TAK1,TRAF6
TAK1,VDR
TBPIP,PSMC3
TCF4,CREBBP
TCF4,TCF12
TCF8,CREBBP
TCF12,CREBBP
TGFB1,RAN
TGFB1,TGFBR2
TGFBR2,CREBBP
TIEG2,HDAC6
TIP1,CTNNB1
TIP60,APP
TIP60,HDAC1
TIP60,MYC
TIP60,NCOR1
TIP60,NFKB1
TIP60,STAT3
TIP60,TP53
TNAP,TRAF2
TNIP1,NFKB1
TNIP1,TRAF1
TP53,COPS5
TP53,RAN
TPL2,AKT2
TPL2,NFKB1
TPL2,REL
TPL2,RELA
TPL2,TRAF2
TPL2,TRAF6
TRADD,CREBBP
TRADD,STAT3
TRADD,TRAF1
TRADD,TRAF2
TRAF1,CREBBP
TRAF1,TRAF2
TRAF1,TRAF6
TRAF6,TRAF2
TRAILR1,CASP8
TRAILR1,FADD
TRAILR1,NFKB1
TRAILR1,TP53
TRAILR1,TRADD
TRIP,CTNNB1
TRIP,EGFR
TRIP,ETS1
TRUSS,APH1A
TRUSS,APP
TRUSS,CTNNB1
TRUSS,MYC
TRUSS,NCOR1
TRUSS,PSEN1
TRUSS,PSEN2
TRUSS,TRADD
TRUSS,TRAF2
UBC9,CASP3
UBC9,DSP
UBC9,GAS1
UBC9,STAT5A
UBCH5B,CUL1
UBCH5B,SUMO1
UBCH5B,UBE3A
UBCH5C,PPP2CA
UBCH5C,RAN
UBE3A,HDAC1
UBE3A,MCM7
UBE3A,RBBP7
UBE3A,SAP18
UBE3A,SIN3A
UBE3A,TP53
UBE3A,UBE2L3
USP9,CCND1
USP9,SUMO1
USP9,SUMO2
VDR,STAT3
VIM,CREBBP
VIM,PRKAR1A
YES,ABL1
YES,CBLB
YES,CTNND1
YES,EGF
YES,EGFR
YES,GRB7
YES,MAPK14
YES,PLCG1
YES,RAC1
ZIN,STAT3
ZIN,UBE2L3
ZNF216,RELA
ZNF216,TRAF6
