# Protein-1,# Protein-2
4EBP1,AKT1
4EBP1,CCND1
4EBP1,EIF4E
4EBP1,MAPK14
4EBP1,PTEN
4EBP1,TFDP1
14-3-3-zeta,AKT1
14-3-3-zeta,CDC25A
14-3-3-zeta,CDC25B
14-3-3-zeta,CSNK1A1
14-3-3-zeta,CTNNB1
14-3-3-zeta,FOXO4
14-3-3-zeta,KRT18
14-3-3-zeta,PIK3R1
14-3-3-zeta,PRKCA
14-3-3-zeta,RAF1
14-3-3-zeta,RAN
A20,G3BP2
ABIN2,FLNA
ABIN2,IKBKG
ABIN2,LYN
ABIN2,NFKB1
ABIN2,RELA
ABIN2,RIPK1
ABIN2,STK11
ABIN2,TAB2
ABIN2,TRAF2
ABL1,APP
ABL1,BCAR1
ABL1,CCNA2
ABL1,CDC42
ABL1,CRK
ABL1,CRKL
ABL1,CTNNB1
ABL1,DOK1
ABL1,FOS
ABL1,FYN
ABL1,GRB2
ABL1,MYC
ABL1,NUP214
ABL1,PLCG1
ABL1,PLSCR1
ABL1,SHC1
ABL1,SRC
ABL1,TP53
ABL1,YAP1
ADAM10,APP
ADAM10,CD44
ADAM10,CDH1
ADAM10,CTNNB1
ADAM10,EGFR
ADAM10,FHL2
ADAM10,FURIN
ADAM10,JAG1
ADAM10,NOTCH2
ADAM10,NOTCH3
ADAM10,PSEN1
ADD1,ABL1
ADD1,AKT1
ADD1,CSK
ADD1,CSNK1E
ADD1,FGR
ADD1,HIPK2
ADD1,JAK1
ADD1,JAK2
ADD1,LYN
ADD1,PKN2
ADD1,PRKCA
ADD1,PRKCZ
ADD1,RAF1
ADD1,STK11
ADD1,TBK1
AES,CCND1
AES,CREBBP
AES,CTBP1
AES,CTNNB1
AES,HDAC1
AES,LEF1
AES,MYC
AES,PRMT1
AES,RELA
AES,TLE1
AIP4,ARRB1
AIP4,ARRB2
AIP4,EGFR
AIP4,HGS
AIP4,JUNB
AIP4,KIT
AIP4,LYN
AIP4,MET
AIP4,NUMB
AIP4,SH3GL2
AIP4,SMAD3
AKT1,CCNA2
AKT1,CDC23
AKT1,FYN
AKT1,JAK2
AKT1,NRAS
AKT1,PRKCA
AKT1,PSEN1
AKT1,STAT3
AKT1,STAT5B
ANAPC4,ANAPC5
ANAPC4,CCNB1
ANAPC4,CDC16
ANAPC4,CDC23
ANAPC4,CDC27
ANAPC4,FZR1
ANAPC4,PSMB5
ANAPC4,PSMC2
ANAPC4,PSMC3
ANAPC4,PSMD1
ANAPC4,PSMD12
ANAPC4,PSMD13
ANAPC5,SMAD2
ANAPC5,SMAD3
ANAPC5,TGFB1
AP2,JAK2
APC,CDH1
APH1A,APP
APH1A,CTNNB1
APH1A,NOTCH2
APH1A,NOTCH3
APH1A,PSEN1
APH1A,PSEN2
APH2,ADAM10
APH2,APH1A
APH2,APP
APH2,CTNNB1
APH2,NOTCH2
APH2,NOTCH3
APH2,PSEN1
APH2,PSEN2
APP,CRKL
APP,FYN
APP,JAK2
APP,PRKCG
APS,ABL1
APS,APC
APS,BCAR1
APS,CAMK2G
APS,CASP3
APS,CAV1
APS,CBLB
APS,CREBBP
APS,CRKL
APS,CSK
APS,DOK1
APS,EGFR
APS,EPOR
APS,ERBB2
APS,FGR
APS,FYN
APS,GRB10
APS,GRB2
APS,ITGB4
APS,JAK1
APS,JAK2
APS,KIT
APS,LYN
APS,MET
APS,NCK2
APS,PIK3R2
APS,PSEN1
APS,PSEN2
APS,PTK2
APS,SRC
APS,STAT1
APS,STAT2
APS,STAT3
APS,STAT5B
APS,WASL
ARA54,FHL2
ARA54,NCOA3
ARA54,NCOR1
ARA54,PIAS1
ARA54,RAN
ARA54,SVIL
ARA54,UBE2D1
ARA54,UBE2L3
ARA55,CRK
ARA55,CRKL
ARA55,CSK
ARA55,FOS
ARA55,FYN
ARA55,GIT1
ARA55,NCOA3
ARA55,PAK1
ARA55,PTK2
ARA55,PTPN12
ARA55,PXN
ARA55,RAN
ARA55,RHOA
ARA55,SMAD3
ARA55,SRC
ARA55,SVIL
ARA55,TGFBR2
ARA55,TRAF4
ARA70,FHL2
ARA70,HRAS
ARA70,NCOA3
ARA70,NRAS
ARA70,RAN
ARA70,SVIL
ARAF1,HRAS
ARAF1,NRAS
ARAF1,PIK3R1
ARAF1,PRKCA
ARAF1,PRKCB
ARAF1,PRKCD
ARAF1,PRKCG
ARF4,PLD2
ARNIP,ARRB1
ARNIP,ARRB2
ARNIP,CAV1
ARNIP,GIT1
ARNIP,PRKCA
ARNIP,PRKCB
ARNIP,PRKCD
ARNIP,PRKCG
ARRB1,HGS
ARRB2,DVL3
ARRB2,FYN
ARRB2,HGS
ARRB2,NRAS
ASCL1,HEY1
ATF1,CAPN3
ATF1,CTBP1
ATF1,FOS
ATF1,HDAC1
ATF1,HDAC2
ATF1,KPNA2
ATF1,PIAS1
ATF1,PKN2
ATF1,SMAD2
ATF1,SMAD3
ATF1,STAT1
ATF1,TCF3
ATF1,YY1
ATF3,FOS
AXAM2,AXIN1
AXAM2,DVL1
AXAM2,DVL2
AXAM2,DVL3
AXAM2,IKBKG
AXAM2,KPNB1
AXAM2,NUP153
AXAM2,PML
AXAM2,RAN
AXAM2,SUMO1
AXAM2,SUMO2
AXIN1,APC
AXIN1,CREBBP
AXIN1,DOK1
AXIN1,GRB2
AXIN1,JUP
AXIN1,SMAD2
AXIN1,SMAD3
AXIN1,SMURF2
BAG1,HSPA8
BCAR1,CASP3
BCAR1,CASP8
BCAR1,CAV1
BCAR1,CBLB
BCAR1,CD44
BCAR1,CDC2
BCAR1,CRK
BCAR1,CRKL
BCAR1,CSK
BCAR1,CTNNB1
BCAR1,DOK1
BCAR1,EPOR
BCAR1,EPS15
BCAR1,FGR
BCAR1,FYN
BCAR1,GRB10
BCAR1,GRB2
BCAR1,IQGAP2
BCAR1,ITGB4
BCAR1,JAK2
BCAR1,JUP
BCAR1,KIT
BCAR1,LYN
BCAR1,NCK2
BCAR1,PIK3R2
BCAR1,PLD2
BCAR1,PRKCZ
BCAR1,PTK2
BCAR1,RAF1
BCAR1,SHC1
BCAR1,SMAD2
BCAR1,SMAD3
BCAR1,SNX2
BCAR1,STAT1
BCAR1,STAT3
BCAR1,STAT5B
BCAR1,WASL
BCL3,NOTCH2
BCL3,RELA
BCL3,RELB
BCL3,UBE2D1
BCL7A,CDC25A
BCL7A,FOXO4
BCL7A,PDCD2
BCL7A,SH3GL2
BP75,TBP
BPAG1,CTNNB1
BPAG1,FOS
BPAG1,HDAC6
BPAG1,ITGB4
BPAG2,CD151
BPAG2,CTNND1
BPAG2,HDAC1
BPAG2,ITGA6
BPAG2,ITGB4
BPAG2,KRT18
BRCA1,CCNB1
BRCA1,CCNB2
BRCA1,CCND1
BRCA1,CDC25A
BRCA1,CDK4
BRCA1,CREBBP
BRCA1,CRKL
BRCA1,FOS
BRCA1,FYN
BRCA1,FZR1
BRCA1,GIT1
BRCA1,HDAC1
BRCA1,HDAC2
BRCA1,JAK2
BRCA1,JUNB
BRCA1,KIT
BRCA1,RELB
BRCA1,SMAD2
BRCA1,SMAD3
BRCA1,STAT1
BRCA1,STAT3
BRCA1,STAT5B
BRCA1,TP53
BTRC2,APH1A
BTRC2,BRCA1
BTRC2,BTRC
BTRC2,CTNNB1
BTRC2,CUL1
BTRC2,FBXW7
BTRC2,GLI1
BTRC2,GSK3B
BTRC2,RBX1
BTRC2,SKP1
BTRC2,SKP2
BTRC2,UBE2L3
CAMK2B,CAMK2A
CAMK2B,CAMK2D
CAMK2B,FOS
CAMK2B,HRAS
CAMK2B,JAK1
CAMK2B,JAK2
CAMK2B,MEF2A
CAMK2B,STAT1
CAMK2G,LYN
CAMK2D,CREBBP
CAMK2D,JAK2
CAMK2D,SMAD3
CAMK2D,STAT3
CAMK2D,STAT5B
CAPN3,RELA
CAPN3,RPL8
CASP3,CASP7
CASP3,CASP8
CASP3,CASP9
CASP3,CBLB
CASP3,CD44
CASP3,CDC2
CASP3,CRK
CASP3,CSK
CASP3,CTNNB1
CASP3,DOK1
CASP3,EIF4E
CASP3,EPS15
CASP3,FGR
CASP3,FLNA
CASP3,FYN
CASP3,IQGAP2
CASP3,ITGB4
CASP3,JAK2
CASP3,JUP
CASP3,KIT
CASP3,NOTCH2
CASP3,NOTCH3
CASP3,PIK3R2
CASP3,PLCG1
CASP3,PLD2
CASP3,PRKCZ
CASP3,PSEN1
CASP3,RAF1
CASP3,SHC1
CASP3,STAT1
CASP3,TRAF2
CASP7,CSK
CASP7,JAK2
CASP8,CASP9
CASP8,FADD
CASP8,FYN
CASP8,PSEN1
CASP8,PSMD12
CASP8,RIPK1
CASP8,TRADD
CASP9,CSK
CASP9,FADD
CASP9,FYN
CASP9,PSEN1
CASP9,PSMD12
CASP9,RAF1
CASP9,RIPK1
CASP9,SMAD2
CASP9,STUB1
CASP9,TRADD
CAV1,CRKL
CAV1,CSK
CAV1,EGFR
CAV1,ERBB2
CAV1,FGR
CAV1,GRB10
CAV1,JAK2
CAV1,KIT
CAV1,LYN
CAV1,RHOA
CAV1,SRC
CAV1,STAT1
CAV1,STAT5B
CBLB,ABL1
CBLB,APC
CBLB,CRK
CBLB,CRKL
CBLB,CSK
CBLB,DAB2
CBLB,DOK1
CBLB,EGFR
CBLB,EPOR
CBLB,ERBB2
CBLB,FGR
CBLB,FLNA
CBLB,FYN
CBLB,GRB10
CBLB,GRB2
CBLB,HD
CBLB,ITGB4
CBLB,JAK1
CBLB,JAK2
CBLB,KIT
CBLB,LYN
CBLB,MET
CBLB,PIK3R2
CBLB,PTK2
CBLB,PTPN12
CBLB,SHC1
CBLB,SOS2
CBLB,SRC
CBLB,STAT1
CBLB,STAT3
CBLB,STAT5B
CBLB,SVIL
CBLB,VAV2
CBLB,WASL
CCNA2,CCNB1
CCNA2,CCNB2
CCNA2,CCND1
CCNA2,CCNE1
CCNA2,CDC25A
CCNA2,CDK4
CCNA2,CDK7
CCNA2,CEBPA
CCNA2,E2F4
CCNA2,HDAC1
CCNA2,ID2
CCNA2,MCM7
CCNB1,CCNB2
CCNB1,CCNE1
CCNB1,CDC2
CCNB1,CDC23
CCNB1,CDC25A
CCNB1,CDC42
CCNB1,CDK4
CCNB1,CTNNB1
CCNB1,FLNA
CCNB1,FZR1
CCNB1,GIT1
CCNB1,HDAC6
CCNB1,HES1
CCNB1,HSPA8
CCNB1,ID2
CCNB1,MCM7
CCNB1,PKN1
CCNB1,PRKCA
CCNB1,PRKCG
CCNB1,PSMC2
CCNB1,RAC1
CCNB1,RGS16
CCNB1,TP53
CCNB1,TRAF2
CCNB2,ABL1
CCNB2,CCNE1
CCNB2,CDC23
CCNB2,CDC25A
CCNB2,CDC25B
CCNB2,CDK7
CCNB2,CDKN1A
CCNB2,ETS1
CCNB2,FZR1
CCNB2,ID3
CCNB2,MCM5
CCNB2,MCM7
CCNB2,PRKCA
CCNB2,PRKCG
CCNB2,PSMC2
CCNB2,RBL2
CCNB2,RPS11
CCND1,CDK4
CCND1,CDKN1A
CCND1,CEBPA
CCND1,DYRK1A
CCND1,HDAC1
CCND1,HDAC2
CCND1,SMAD2
CCND1,SMAD3
CCNE1,BRCA1
CCNE1,CDC25A
CCNE1,CDK4
CCNE1,CDKN1A
CCNE1,CEBPA
CCNE1,DYRK1A
CCNE1,HDAC1
CCNE1,HDAC2
CCNE1,SMAD2
CCNE1,SMAD3
CD44,ERBB2
CD44,JAK2
CD44,KIT
CD44,MMP7
CD44,RAF1
CD44,SMAD2
CD44,SMAD3
CD44,TGFB1
CDC2,HDAC1
CDC2,HDAC2
CDC2,JAK2
CDC2,KIT
CDC2,STAT1
CDC16,BRCA1
CDC16,CCNA2
CDC16,CCNB2
CDC16,CDC2
CDC16,CDC23
CDC16,CDC25A
CDC16,CDK7
CDC16,CTNNB1
CDC16,FZR1
CDC16,ITGB4BP
CDC16,LYN
CDC16,MCM5
CDC16,PSMC2
CDC16,TCF3
CDC23,CDC25A
CDC23,CDC27
CDC23,FZR1
CDC23,KRT18
CDC23,PARD3
CDC23,PIK3R2
CDC23,PRKCA
CDC23,PRKCG
CDC23,PSMC2
CDC23,RAF1
CDC23,VIM
CDC25A,CDK7
CDC25A,CDKN1A
CDC25A,CEBPA
CDC25A,CREBBP
CDC25A,CSK
CDC25A,ERBB2
CDC25A,ETS1
CDC25A,FZR1
CDC25A,ID3
CDC25A,KRT18
CDC25A,NRAS
CDC25A,PARD3
CDC25A,PIK3R2
CDC25A,PRKACA
CDC25A,PRKCG
CDC25A,PRKCZ
CDC25A,RAF1
CDC25A,RBL2
CDC25A,SMAD2
CDC25A,SRC
CDC25B,FGR
CDC25B,LYN
CDC27,FZR1
CDC34,CUL1
CDC34,RAN
CDC34,RBX1
CDC34,RELA
CDC37,FZR1
CDC37,HDAC1
CDC37,HDAC2
CDC42,AKT1
CDC42,IQGAP2
CDC42,PAK1
CDC42,PIK3R1
CDC42,PRKCZ
CDC42,SRC
CDC42,WASL
CDK4,CDK6
CDK4,CDKN1A
CDK4,CREBBP
CDK4,CTCF
CDK4,MCM5
CDK4,MCM7
CDK4,PKN2
CDK4,PRKACA
CDK4,SIN3A
CDK4,SMAD2
CDK4,SMAD3
CDK4,TGFB1
CDK6,SMAD2
CDK6,SMAD3
CDK6,TGFB1
CDK7,APC
CDK7,CREBBP
CDK7,FRAP1
CDK7,FZR1
CDK7,ID2
CDK7,ID3
CDK7,MAPK14
CDK7,TP53
CDKN1A,FZR1
CDKN1A,HDAC1
CDKN1A,HDAC2
CEBPA,CRKL
CEBPA,JAK2
CEBPA,KIT
CEBPA,KPNA2
CEBPA,SMAD2
CEBPA,SMAD3
CEBPA,STAT1
CEBPA,STAT3
CEBPA,STAT5B
CEBPA,TCF3
CHK,AXIN1
CHK,CCNA2
CHK,CCND1
CHK,CDK4
CHK,CDKN1A
CHK,CSNK1A1
CHK,CSNK1D
CHK,CSNK1E
CHK,PRKAR2A
CIAP1,AKT1
CIAP1,CASP3
CIAP1,CASP7
CIAP1,CASP8
CIAP1,CASP9
CIAP1,FADD
CIAP1,IKBKG
CIAP1,NFKB1
CIAP1,RIPK1
CIAP1,TRADD
CIAP1,TRAF1
CIAP1,TRAF2
CIAP1,TRAF3
CIAP2,CASP3
CIAP2,CASP7
CIAP2,CASP8
CIAP2,CASP9
CIAP2,FADD
CIAP2,IKBKG
CIAP2,NFKB1
CIAP2,RELA
CIAP2,RIPK1
CIAP2,TRADD
CIAP2,TRAF1
CIAP2,TRAF2
CIAP2,TRAF3
CIN85,AP2A1
CIN85,AP2B1
CIN85,BCAR1
CIN85,CBLB
CIN85,CDC42
CIN85,DAB2
CIN85,EGFR
CIN85,EPS15
CIN85,GRB2
CIN85,HGS
CIN85,KIT
CIN85,MAP3K4
CIN85,MET
CIN85,PIK3R1
CIN85,SH3GL2
CIN85,SPRY2
CIN85,SRC
CIN85,TRADD
CIR,HDAC1
CIR,HDAC2
CIR,HDAC6
CIR,NCOR1
CIR,TCF3
CIR,SNW1
CK2A1,CTNNB1
CK2A1,DVL1
CK2A1,DVL2
CK2A1,DVL3
CK2A1,FOS
CK2A1,HDAC1
CK2A1,HDAC2
CK2A1,MYC
CK2A1,PLD2
CK2A1,RBBP7
CK2A1,RELA
CK2A1,SIN3A
CK2A2,CDC37
CK2A2,CTNNB1
CK2A2,DVL1
CK2A2,DVL2
CK2A2,DVL3
CK2A2,FOS
CK2A2,HDAC1
CK2A2,MYC
CK2A2,PIN1
CK2A2,PTEN
CK2A2,RELA
CK2B,CSNK1A1
CK2B,CSNK1D
CK2B,CSNK1E
CK2B,FAF1
CK2B,GSK3B
CK2B,MBP
CK2B,MTIF2
CK2B,PRKAR2A
CLTC,EPS15
CLTC,HDAC1
CLTC,HDAC2
CLTC,HGS
CLTC,KRT18
CLTC,NUP153
CLTC,PAPOLA
CLTC,SMAD2
CLTC,SMAD3
CLTC,WASL
COPS3,COPS5
COPS3,EIF4E
COPS3,NRAS
COPS3,PSMD12
COPS3,PSMD4
COPS5,PSMD12
COPS5,SMAD2
COPS5,SMAD3
CREB,ATF2
CREB,BRCA1
CREB,CAMK2G
CREB,CREBBP
CREB,FOS
CREB,HIPK2
CREB,JUND
CREB,MITF
CREB,PRKACA
CREB,PRKAR2A
CREBBP,CITED1
CREBBP,CTBP1
CREBBP,CTNNB1
CREBBP,E2F5
CREBBP,ETS1
CREBBP,HDAC1
CREBBP,MAML1
CREBBP,MAML2
CREBBP,MYC
CREBBP,NCOA3
CREBBP,NFKB1
CREBBP,PML
CREBBP,RELA
CREBBP,SMAD2
CREBBP,SMAD4
CREBBP,STAT1
CREBBP,STAT2
CREBBP,STAT3
CREBBP,TP53
CREBBP,YY1
CRK,CSK
CRK,EGFR
CRK,ERBB2
CRK,FGR
CRK,FYN
CRK,GRB2
CRK,JAK1
CRK,JAK2
CRK,KIT
CRK,LYN
CRK,MET
CRK,PTK2
CRK,SRC
CRK,STAT1
CRK,STAT3
CRKL,CDC42
CRKL,CREBBP
CRKL,CSK
CRKL,CSNK1E
CRKL,DOK1
CRKL,EGFR
CRKL,EPOR
CRKL,FGR
CRKL,FYN
CRKL,GIT1
CRKL,GLG1
CRKL,GRB10
CRKL,GRB2
CRKL,JAK1
CRKL,JAK2
CRKL,KIT
CRKL,LYN
CRKL,MET
CRKL,NCK2
CRKL,PIK3R2
CRKL,PPP2CA
CRKL,PRKCA
CRKL,PRKCG
CRKL,PTEN
CRKL,PTK2
CRKL,PTPN12
CRKL,RAC1
CRKL,RAF1
CRKL,SMAD3
CRKL,SOCS5
CRKL,SRC
CRKL,STAT1
CRKL,STAT2
CRKL,STAT3
CRKL,STAT5B
CRKL,TRAF2
CRKL,VAV3
CRKL,WASL
CRM1,APC
CRM1,CCNB1
CRM1,CRK
CRM1,CTNNB1
CRM1,FOXO4
CRM1,GLI1
CRM1,HDAC1
CRM1,NFKB1
CRM1,NUP153
CRM1,NUP214
CRM1,RAN
CRM1,RELA
CRM1,STAT1
CRM1,TP53
CSK,ABL1
CSK,CREBBP
CSK,CTBP1
CSK,DAB2
CSK,DOK1
CSK,EGFR
CSK,EPOR
CSK,FGR
CSK,FYN
CSK,GRB10
CSK,GRB2
CSK,HD
CSK,IKBKG
CSK,ITGB4
CSK,JAK1
CSK,JAK2
CSK,KIT
CSK,KPNA2
CSK,LYN
CSK,MET
CSK,NCK2
CSK,PIK3R2
CSK,PLCG1
CSK,PLD2
CSK,PRKAR1A
CSK,PRKCA
CSK,PRKCG
CSK,PTEN
CSK,PTK2
CSK,RAF1
CSK,SHC1
CSK,SMAD2
CSK,SMAD3
CSK,SRC
CSK,STAT1
CSK,STAT2
CSK,STAT3
CSK,STAT5B
CSK,TCF3
CSNK1D,CSNK1A1
CSNK1D,DCP1A
CSNK1D,DVL2
CSNK1D,DVL3
CSNK1D,IKBKAP
CSNK1E,APC
CSNK1E,DCP1A
CSNK1E,EPS15
CSNK1E,FYN
CSNK1E,IKBKAP
CSNK1E,JUP
CSNK1E,STAT5B
CTBP1,DAXX
CTBP1,ETS1
CTBP1,HD
CTBP1,HDAC1
CTBP1,IKBKG
CTBP1,NCOA3
CTBP1,RELA
CTBP1,SMAD2
CTBP1,SPEN
CTBP1,STAT1
CTBP1,STAT2
CTBP1,TCF3
CTBP1,ZFHX1B
CTBP2,CDH1
CTBP2,HDAC1
CTBP2,HDAC2
CTBP2,LEF1
CTNNB1,APC
CTNNB1,FYN
CTNNB1,HDAC1
CTNNB1,HDAC2
CTNNB1,JAK2
CTNNB1,JUP
CTNNB1,KIT
CTNNB1,LEF1
CTNNB1,NOTCH2
CTNNB1,PSEN1
CTNNB1,SMAD2
CTNNB1,SMAD3
CTNNB1,SMURF2
CUL1,AXIN1
CUL1,BTRC
CUL1,CDKN1A
CUL1,COPS5
CUL1,CTNNB1
CUL1,FBXW7
CUL1,FZR1
CUL1,NFKB1
CUL1,PSMD7
CUL1,RBX1
CUL1,SKP1
CUL1,SKP2
CUL1,SMAD3
DAB2,FGR
DAB2,FYN
DAB2,LYN
DAB2,PIK3R2
DAB2,SMAD2
DAB2,SMAD3
DAB2,STAT1
DAB2,TGFB1
DAB2,WASL
DAP,FADD
DAP,PML
DAP,TNIP1
DAXX,FADD
DAXX,HDAC1
DAXX,KPNA2
DAXX,RIPK1
DAXX,SIN3A
DAXX,SMAD2
DAXX,SMAD3
DAXX,STAT1
DAXX,TCF3
DCP1A,HSPA8
DCP1A,NCK2
DDEF1,ARF4
DDEF1,CBLB
DDEF1,CRK
DDEF1,GRB2
DDEF1,IKBKG
DDEF1,PTK2
DDEF1,PXN
DDEF1,SRC
DDX3,CCNA2
DDX3,CCNE1
DDX3,G3BP2
DDX3,GSK3B
DDX3,TBK1
DNM,ARRB2
DNM,CAV1
DNM,EGFR
DNM,EPS15
DNM,GRB2
DNM,JAG1
DNM,PIAS1
DNM,PIK3R1
DNM,PLCG1
DNM,SH3GL2
DNM,SRC
DOK1,EGFR
DOK1,FGR
DOK1,FYN
DOK1,GRB10
DOK1,JAK2
DOK1,KIT
DOK1,LYN
DOK1,NCK2
DOK1,PIK3R2
DOK1,PKN2
DOK1,SRC
DOK1,STAT5B
DOK1,TRAF2
DOK1,WASL
DVL1,APC
DVL1,ARRB2
DVL1,AXIN1
DVL1,CSNK1E
DVL1,CTNNB1
DVL1,CTNND1
DVL1,DVL2
DVL1,DVL3
DVL1,FZD6
DVL1,FZD7
DVL1,GSK3B
DVL1,NOTCH2
DVL1,RAC1
DVL2,CSNK1A1
DVL2,DVL3
DVL2,JUP
DVL3,CSNK1A1
DVL3,JUP
DVL3,PTEN
DVL3,SMAD3
DYRK1A,HGS
DYRK1A,JUP
DYRK1A,SMAD2
DYRK1A,SMAD3
DYRK1A,TGFB1
E2F5,BRCA1
E2F5,CCNA2
E2F5,E2F4
E2F5,RELB
E2F5,SMARCA4
E2F5,STAT2
E2F5,TP53
E3B1,ABL1
E3B1,AKT1
E3B1,CDC42
E3B1,CRK
E3B1,EGFR
E3B1,EPS8
E3B1,FGR
E3B1,LYN
E3B1,MYC
E3B1,RAC1
E3B1,SOS2
E3B1,SRC
E3B1,WASL
EBP1,EGFR
EBP1,ERBB2
EBP1,HDAC2
EBP1,KPNA3
EBP1,PAK1
EBP1,PRKCA
EBP1,RPL30
EBP1,RPL4
EBP1,RPL8
EBP1,SIN3A
EF1A,UBE3A
EGFR,ABL1
EGFR,EPOR
EGFR,ERBB2
EGFR,FGR
EGFR,FYN
EGFR,GRB10
EGFR,GRB2
EGFR,HGS
EGFR,ITGB4
EGFR,JAK1
EGFR,JAK2
EGFR,JUP
EGFR,KIT
EGFR,LYN
EGFR,MET
EGFR,NCK2
EGFR,PIK3R2
EGFR,PLCG1
EGFR,PRKCG
EGFR,PRKCZ
EGFR,PTK2
EGFR,SHC1
EGFR,SRC
EGFR,STAT1
EGFR,STAT3
EGFR,STAT5B
EGFR,WASL
EIF3S2,PPP2CA
EIF3S2,PSMD1
EIF3S2,SMARCA4
EIF4E,FBL
EIF4E,G3BP2
EIF4E,GSK3B
ELK1,HES1
ELK1,JUNB
ELK1,JUND
ELK1,KPNA2
ELK1,RAF1
ELK1,SMAD2
ELK1,SMAD3
ELK1,STAT1
ELK1,TCF3
ENG,CD44
ENG,KIT
ENG,SMAD2
ENG,SMAD4
ENG,TGFB1
ENG,TGFB3
ENG,TGFBR2
EPOR,ABL1
EPOR,FGR
EPOR,FYN
EPOR,GRB2
EPOR,JAK1
EPOR,JAK2
EPOR,KIT
EPOR,LYN
EPOR,PIK3R2
EPOR,RAF1
EPOR,SRC
EPOR,STAT1
EPOR,STAT3
EPOR,STAT5B
EPOR,WASL
EPS8,SMAD2
EPS15,ERBB2
EPS15,GRB2
EPS15,HGS
EPS15,JAK2
EPS15,KIT
EPS15,RPL8
EPS15R,AP2A1
EPS15R,AP2B1
EPS15R,CLTC
EPS15R,EGFR
EPS15R,EPS15
EPS15R,HGS
EPS15R,NUMB
EPS15R,NUMBL
EPS15R,SH3GL2
EPS15R,SPRY2
EPS15R,SRC
ERBB2,ABL1
ERBB2,APC
ERBB2,FGR
ERBB2,FYN
ERBB2,GRB10
ERBB2,GRB2
ERBB2,HGS
ERBB2,JAK2
ERBB2,KIT
ERBB2,KRT18
ERBB2,KRT8
ERBB2,LYN
ERBB2,MET
ERBB2,NCK2
ERBB2,PIK3R2
ERBB2,PLCG1
ERBB2,PLD2
ERBB2,PLSCR1
ERBB2,PRKCA
ERBB2,PTK2
ERBB2,RIPK1
ERBB2,SHC1
ERBB2,SRC
ERBB2,STAT1
ERBB2,STAT3
ERBB2,STAT5B
ERBB2,VAV3
ERBB2,WASL
ERK1,AKT1
ERK1,ARRB2
ERK1,ATF1
ERK1,ATF3
ERK1,AXIN1
ERK1,BRCA1
ERK1,CAMK2A
ERK1,CASP9
ERK1,CCNE1
ERK1,CD44
ERK1,CDC23
ERK1,CDC25A
ERK1,CDK4
ERK1,CEBPA
ERK1,COPS3
ERK1,CREBBP
ERK1,CRKL
ERK1,CSK
ERK1,CTNNB1
ERK1,DYRK1A
ERK1,EGFR
ERK1,EPOR
ERK1,ETS1
ERK1,FOS
ERK1,FYN
ERK1,GRB10
ERK1,HDAC1
ERK1,HGS
ERK1,HSPA8
ERK1,ID2
ERK1,JAK1
ERK1,JAK2
ERK1,JUNB
ERK1,KIT
ERK1,KRT18
ERK1,LEF1
ERK1,LYN
ERK1,MEF2A
ERK1,NCK2
ERK1,NCOA3
ERK1,NRAS
ERK1,NUP153
ERK1,NUP214
ERK1,PIK3R2
ERK1,PKN2
ERK1,PLCG2
ERK1,PPP2CA
ERK1,PRKACA
ERK1,PRKCA
ERK1,PRKCG
ERK1,PRKCZ
ERK1,PTEN
ERK1,RAF1
ERK1,RAN
ERK1,RBL2
ERK1,RELA
ERK1,RIPK1
ERK1,SF1
ERK1,SHC1
ERK1,SMAD2
ERK1,SMAD3
ERK1,SMAD4
ERK1,SMARCA4
ERK1,SRC
ERK1,STAT1
ERK1,STAT3
ERK1,STAT5B
ERK1,SVIL
ERK1,TCF8
ERK1,TP53
ERK1,WASL
ERK2,AKT1
ERK2,CAMK2A
ERK2,CBLB
ERK2,CREBBP
ERK2,CRKL
ERK2,EPOR
ERK2,FGR
ERK2,FYN
ERK2,GRB2
ERK2,HDAC1
ERK2,JAK1
ERK2,JAK2
ERK2,JUNB
ERK2,KIT
ERK2,NRAS
ERK2,NUP214
ERK2,PSMD4
ERK2,PTEN
ERK2,RAF1
ERK2,SMAD2
ERK2,SMAD3
ERK2,STAT1
ERK2,STAT2
ERK2,STAT3
ERK2,STAT5B
ERK2,SVIL
ERK2,TP53
ERK5,ABL1
ERK5,ATF2
ERK5,CCND1
ERK5,CDC42
ERK5,CTNNB1
ERK5,FOS
ERK5,MAPK14
ERK5,MEF2A
ERK5,PPP2CA
ERM,CCND1
ERM,CCNE1
ERM,PKN1
ERM,PRKACA
ERM,PRKCA
ERM,PRKCZ
ERT,CREBBP
ERT,EGFR
ERT,EPS15
ERT,ERBB2
ERT,JAK1
ERT,MYC
ERT,NFKB1
ERT,PAK1
ETS1,FOS
ETS1,HDAC1
ETS1,JAK2
ETS1,JUNB
ETS1,JUND
ETS1,KPNA2
ETS1,RAF1
ETS1,RBL2
ETS1,SMAD2
ETS1,SMAD3
ETS1,STAT1
ETS1,STAT3
ETS1,TCF3
FADD,CREBBP
FADD,FYN
FADD,HSPA8
FADD,JAK2
FADD,KRT18
FADD,PSMD12
FADD,RIPK1
FADD,STAT3
FADD,STAT5B
FADD,TRADD
FADD,TRAF1
FAF1,HDAC1
FAF1,HDAC2
FAF1,TRADD
FANCD2,NCOA3
FANCD2,TP53
FBL,ITGB4BP
FBL,PRMT1
FBL,PSMD3
FBXW7,RBX1
FGR,ABL1
FGR,CASP8
FGR,CDC42
FGR,FYN
FGR,GIT1
FGR,GJA1
FGR,GRB10
FGR,GRB2
FGR,JAK1
FGR,JAK2
FGR,KIT
FGR,LYN
FGR,MET
FGR,NCK2
FGR,PIK3R2
FGR,PLCG1
FGR,PLD2
FGR,PRKCA
FGR,PRKCG
FGR,PTEN
FGR,PTK2
FGR,PTPN12
FGR,RAC1
FGR,SHC1
FGR,SOCS5
FGR,SRC
FGR,STAT1
FGR,STAT2
FGR,STAT3
FGR,STAT5B
FGR,VAV2
FGR,WASL
FHL2,BRCA1
FHL2,CCND1
FHL2,CDH1
FHL2,CREBBP
FHL2,CTNNB1
FHL2,HIPK2
FHL2,NFKB1
FHL2,PSEN2
FHL2,PTK2
FHL2,SMAD2
FHL2,SMAD3
FHL2,SMAD4
FHL2,TP53
FKBP12,CCNB1
FKBP12,FYN
FKBP12,PSEN1
FKBP12,RAF1
FKBP12,SMAD2
FKBP51,CDC25A
FKBP51,EIF3S2
FKBP51,FZR1
FKBP51,SMAD3
FLIP,APC
FLIP,CASP8
FLIP,CASP9
FLIP,CDK7
FLIP,FADD
FLIP,FAF1
FLIP,FYN
FLIP,IKBKG
FLIP,NOTCH2
FLIP,NRAS
FLIP,PSEN1
FLIP,PSMD12
FLIP,RIPK1
FLIP,STUB1
FLIP,SVIL
FLIP,TGFB1
FLIP,TRADD
FLIP,TRAF1
FLIP,TRAF2
FLIP,TRAF5
FLNA,FYN
FLNA,NOTCH2
FOS,CAMK2A
FOS,CREBBP
FOS,HDAC1
FOS,HDAC2
FOS,JAK2
FOS,JUNB
FOS,JUND
FOS,NCOA3
FOS,PRKCA
FOS,RAF1
FOS,RELA
FOS,RIPK1
FOS,SMAD2
FOS,SMAD3
FOS,SMAD4
FOS,STAT1
FOS,STAT3
FOS,STAT5B
FOS,ZFHX1B
FOXO4,APC
FOXO4,CREBBP
FOXO4,RAN
FOXO4,SMAD2
FOXO4,ZFHX1B
FRP2,FZD6
FYN,APC
FYN,CDC42
FYN,CREBBP
FYN,FES
FYN,GJA1
FYN,GRB10
FYN,GRB2
FYN,HD
FYN,HES1
FYN,HSPA8
FYN,JAK1
FYN,JAK2
FYN,KIT
FYN,KRT18
FYN,LYN
FYN,MEF2A
FYN,MET
FYN,NCK2
FYN,NRAS
FYN,PIK3CB
FYN,PIK3R2
FYN,PKN1
FYN,PKN2
FYN,PLCG1
FYN,PPP2CA
FYN,PRKCA
FYN,PRKCD
FYN,PRKCG
FYN,PRKCZ
FYN,PSEN1
FYN,PSEN2
FYN,PTEN
FYN,PTK2
FYN,PTPN12
FYN,RAC1
FYN,RAF1
FYN,RELA
FYN,RPL8
FYN,SHC1
FYN,SOCS5
FYN,SRC
FYN,STAT1
FYN,STAT2
FYN,STAT3
FYN,STAT5B
FYN,TGFB1
FYN,TGFBR2
FYN,TRAF1
FYN,VIM
FYN,WASL
FZR1,ID3
G3BP2,RELA
G3BP2,RPL8
GAB2,GRB2
GAB2,PRKCA
GAB2,RELA
GAB2,SMAD3
GAPDH,APP
GAPDH,MYC
GAPDH,PLD2
GAS1,GLI1
GAS1,HHIP
GAS1,MYC
GIPC,AKT1
GIPC,CLTC
GIPC,DAB2
GIPC,ENG
GIPC,ITGA6
GIPC,PRKCA
GIPC,RAC1
GIT1,GRB2
GIT1,KPNB1
GIT1,MCM7
GIT1,NUP153
GJA1,LYN
GJA1,RAF1
GLG1,WASL
GP130,EGFR
GP130,ERBB2
GP130,FYN
GP130,JAK1
GP130,JAK2
GP130,LYN
GP130,NRAS
GP130,STAT1
GP130,STAT5B
GRB2,CDC42
GRB2,GRB10
GRB2,JAK1
GRB2,JAK2
GRB2,JUP
GRB2,KIT
GRB2,LYN
GRB2,MET
GRB2,NCK2
GRB2,PIK3R2
GRB2,PLCG1
GRB2,PRKCA
GRB2,PRKCG
GRB2,PTK2
GRB2,PTPN12
GRB2,RAC1
GRB2,RAF1
GRB2,RANBP9
GRB2,RELA
GRB2,SHC1
GRB2,SOS2
GRB2,SRC
GRB2,STAT1
GRB2,STAT2
GRB2,STAT3
GRB2,STAT5B
GRB2,TBK1
GRB2,WASL
GRB10,ABL1
GRB10,JAK1
GRB10,JAK2
GRB10,KIT
GRB10,LYN
GRB10,MET
GRB10,NCK2
GRB10,NRAS
GRB10,PIK3R2
GRB10,PTK2
GRB10,RAF1
GRB10,SRC
GRB10,STAT1
GRB10,STAT3
GRB10,STAT5B
GRIM19,STAT3
GTFII-I,FOS
GTFII-I,HDAC1
GTFII-I,HDAC2
GTFII-I,JAK2
GTFII-I,MYC
GTFII-I,SMAD2
GTFII-I,SRC
GTFII-I,STAT1
GTFII-I,STAT3
GTFII-I,YY1
HAT1,RBBP7
HBO1,E2F4
HBO1,ELK1
HBO1,HDAC6
HBO1,SMARCA4
HD,HDAC1
HD,KPNA2
HD,PSEN1
HD,SMAD2
HD,SMAD3
HD,STAT1
HD,TCF3
HD,WASL
HDAC1,APC
HDAC1,HDAC2
HDAC1,HDAC6
HDAC1,KPNA2
HDAC1,NCOR1
HDAC1,PAPOLA
HDAC1,PML
HDAC1,PTEN
HDAC1,RELA
HDAC1,RELB
HDAC1,SIN3A
HDAC1,SMAD2
HDAC1,SMAD3
HDAC1,SMAD4
HDAC1,SMARCE1
HDAC1,SPEN
HDAC1,STAT1
HDAC1,STAT2
HDAC1,STAT5B
HDAC1,TCF3
HDAC1,TP53
HDAC1,YY1
HDAC2,CREBBP
HDAC2,MAPK14
HDAC2,MCM5
HDAC2,MCM7
HDAC2,PTEN
HDAC2,RELA
HDAC2,RELB
HDAC2,SIN3A
HDAC2,SMAD2
HDAC2,STAT1
HDAC2,STAT2
HDAC2,STAT5B
HDAC2,TP53
HDAC6,ITGB4BP
HES1,ID1
HES1,ID2
HES1,ID3
HES1,JUNB
HES1,LYN
HES1,MYC
HES1,NCOA3
HES1,STAT1
HES1,STAT5B
HES1,TCF12
HES1,TCF3
HES1,TCF4
HGS,CREBBP
HGS,JAK1
HGS,JAK2
HGS,KPNB1
HGS,PLCG2
HGS,PRKACA
HGS,RAN
HGS,SMAD2
HGS,SMAD3
HGS,SMURF2
HGS,SNRPD2
HGS,STK11
HGS,SVIL
HGS,ZFHX1B
HIPK2,SMAD2
HIPK2,SMAD3
HIPK2,SUMO2
HIVEP3,FHL1
HIVEP3,GRB10
HIVEP3,RING1
HIVEP3,STXBP1
HIVEP3,TRAF1
HIVEP3,TRAF2
HRAS,NRAS
HRAS,PIK3CB
HSP27,PRKCG
HSP90A,ANAPC5
HSP90A,ATF1
HSP90A,CDC23
HSP90A,CDC37
HSP90A,COPS3
HSP90A,CSK
HSP90A,EGFR
HSP90A,HDAC1
HSP90A,HDAC2
HSP90A,HSPA8
HSP90A,MAPK14
HSP90A,NRAS
HSP90A,NUP153
HSP90A,PRKCZ
HSP90A,RELA
HSP90A,SMAD4
HSP90A,STAT1
HSP90A,STAT5B
HSP90A,STUB1
HSP90A,SUMO1
HSP90A,SUMO2
HSP90B,AP2B1
HSP90B,HSPA8
HSP90B,KPNA6
HSP90B,MAPK14
HSP90B,NUP153
HSP90B,RUVBL1
HSP90B,SUMO1
HSP90B,TBP
HSPA8,APC
HSPA8,CLTC
HSPA8,LYN
HSPA8,NUP153
HSPA8,RAF1
HSPA8,RAN
HSPA8,STAT1
HSPA8,STAT5B
HSPA8,STUB1
HSPA8,WASL
ID1,CREBBP
ID1,ID2
ID1,ID3
ID1,TCF3
ID2,CREBBP
ID2,ID3
ID2,MITF
ID2,MYC
ID2,NCOA3
ID2,TCF3
ID3,CREBBP
ID3,MITF
ID3,MYC
ID3,NCOA3
ID3,TCF12
ID3,TCF3
ID3,TCF4
IKBA,BCAR1
IKBA,BRCA1
IKBA,CASP3
IKBA,CREBBP
IKBA,FAF1
IKBA,FOS
IKBA,FYN
IKBA,HDAC1
IKBA,HDAC2
IKBA,JAK2
IKBA,KIT
IKBA,KPNA2
IKBA,PPP2CA
IKBA,PRKACA
IKBA,PRKCZ
IKBA,RELA
IKBA,RELB
IKBA,STAT1
IKBA,STAT3
IKBA,STAT5B
IKBE,RELB
IKBKAP,CSNK1A1
IKBKG,KPNA2
IKBKG,RELA
IKBKG,SMAD2
IKBKG,SMAD3
IKBKG,STAT1
IKBKG,TCF3
IKKB,CSK
IKKB,CTBP1
IKKB,KPNA2
IKKB,RELA
IKKB,SMAD2
IKKB,SMAD3
IKKB,STAT1
IKKB,TCF3
IKKE,AKT1
IKKE,CDC37
IKKE,HSPA8
IKKE,IKBKG
IKKE,NCK2
IKKE,PTEN
IKKE,RAF1
IKKE,RIPK1
IKKE,SRC
IKKE,STUB1
IKKE,TBK1
IQGAP2,JAK2
IQGAP2,KIT
IQGAP2,PSMD4
IQGAP2,RELA
IQGAP2,RGS16
IQGAP2,TCF3
ITGB4,JAK2
ITGB4,KIT
ITGB4,WASL
ITGB4BP,POLR1B
ITGB4BP,RPL4
ITGB4BP,RPL8
ITRAF,IKBKG
ITRAF,NFKB1
ITRAF,TBK1
ITRAF,TRADD
ITRAF,TRAF1
ITRAF,TRAF2
ITRAF,TRAF3
ITRAF,TRAF5
JAG1,NOTCH2
JAG1,PSEN1
JAG1,PSEN2
JAK1,ABL1
JAK1,CREBBP
JAK1,JAK2
JAK1,KIT
JAK1,LYN
JAK1,MET
JAK1,NCK2
JAK1,NRAS
JAK1,PIK3R2
JAK1,PLCG1
JAK1,PTK2
JAK1,PTPN12
JAK1,SHC1
JAK1,SRC
JAK1,STAT1
JAK1,STAT2
JAK1,STAT3
JAK1,STAT5B
JAK1,WASL
JAK2,ABL1
JAK2,CASP8
JAK2,CREBBP
JAK2,JUP
JAK2,KIT
JAK2,LYN
JAK2,NCK2
JAK2,NRAS
JAK2,NUP153
JAK2,PAPOLA
JAK2,PIK3CB
JAK2,PIK3R2
JAK2,PLCG1
JAK2,PLCG2
JAK2,PLD2
JAK2,PPP2CA
JAK2,PRKACA
JAK2,PRKCA
JAK2,PRKCZ
JAK2,PTK2
JAK2,PTPN12
JAK2,RAF1
JAK2,RELA
JAK2,SHC1
JAK2,SNX2
JAK2,SRC
JAK2,STAT1
JAK2,STAT2
JAK2,STAT3
JAK2,STAT5B
JAK2,STK11
JAK2,TGFB1
JAK2,TRADD
JAK2,VAV3
JAK2,WASL
JNKK2,CASP8
JNKK2,CDC42
JNKK2,FADD
JNKK2,FYN
JNKK2,PAK1
JNKK2,RAC1
JNKK2,RIPK1
JNKK2,TRADD
JNKK2,TRAF1
JUNB,CREBBP
JUNB,GSK3B
JUNB,JUND
JUNB,MITF
JUNB,PRKACA
JUNB,RELA
JUNB,SMAD2
JUNB,SMAD3
JUNB,STAT1
JUNB,ZFHX1B
JUND,CREBBP
JUND,MITF
JUND,RAF1
JUND,SMAD2
JUND,TBP
JUND,ZFHX1B
JUP,APC
JUP,CREBBP
JUP,CSNK1A1
JUP,KIT
JUP,PPP2CA
JUP,PRKACA
JUP,PSEN1
JUP,SMAD3
KIT,ABL1
KIT,CASP8
KIT,FES
KIT,LYN
KIT,NCK2
KIT,PIK3CB
KIT,PIK3R2
KIT,PLCG1
KIT,PLD2
KIT,PPP2CA
KIT,PRKCZ
KIT,PTK2
KIT,RAF1
KIT,SHC1
KIT,SNX2
KIT,SOS2
KIT,SRC
KIT,STAT1
KIT,STAT3
KIT,STAT5B
KIT,WASL
KPNA2,APC
KPNA2,CREBBP
KPNA2,KPNA6
KPNA2,KPNB1
KPNA2,NCOA3
KPNA2,NUP153
KPNA2,RAN
KPNA2,RELA
KPNA2,RELB
KPNA2,SMAD2
KPNA2,SMAD3
KPNA2,SMAD4
KPNA2,SPEN
KPNA2,STAT1
KPNA2,STAT2
KPNA2,TCF3
KPNA2,TP53
KPNA3,KPNA6
KPNA3,RAN
KPNA6,AP2B1
KPNA6,KPNB1
KPNA6,PRKAR2A
KPNA6,RAN
KPNA6,SIN3A
KPNA6,STAT5B
KPNA6,TP53
KPNB1,ABL1
KPNB1,CREBBP
KPNB1,LAMR1
KPNB1,NUP153
KPNB1,PRKAR2A
KPNB1,RAN
KPNB1,RELB
KPNB1,RPL4
KPNB1,SMAD2
KPNB1,SMARCC2
KPNB1,STAT1
KPNB1,TRAF2
KRAS2,SHOC2
KRT7,KRT17
KRT7,KRT18
KRT7,KTN1
KRT8,KRT18
KRT8,RAF1
KRT17,KRT18
KRT18,NRAS
KRT18,PRKCG
KRT18,RAF1
KRT18,RIPK1
LAMR1,CREBBP
LAMR1,NCOA3
LAMR1,PIK3CB
LAMR1,PSMC2
LAMR1,RAN
LAMR1,RPL4
LAMR1,RPL8
LAMR1,SMAD3
LAMR1,TP53
LEF1,APC
LEF1,CREBBP
LEF1,SMAD2
LEF1,SMAD3
LEF1,ZFHX1B
LFNG,JAG1
LFNG,NOTCH2
LFNG,NOTCH3
LIP1,FADD
LIP1,GIT1
LIP1,PPP2CA
LYN,ABL1
LYN,MET
LYN,NCK2
LYN,PIK3R2
LYN,PLCG1
LYN,PLD2
LYN,PRKCA
LYN,PSEN1
LYN,PTEN
LYN,PTK2
LYN,PTPN12
LYN,RAF1
LYN,SHC1
LYN,SMAD2
LYN,SOCS5
LYN,SRC
LYN,STAT1
LYN,STAT2
LYN,STAT3
LYN,STAT5B
LYN,TGFB1
LYN,TGFBR2
LYN,VAV2
LYN,VAV3
MAIL,NFKB1
MAIL,RELA
MAIL,RELB
MAML1,CCND1
MAML1,CTNNB1
MAML1,HES1
MAML1,HEY1
MAML1,MAML2
MAML1,NOTCH2
MAML1,NOTCH3
MAML1,PIAS1
MAML1,SENP1
MAML1,SNW1
MAML1,TP53
MAML2,HES1
MAML2,NOTCH2
MAML2,NOTCH3
MAML2,PAX8
MAML2,SNW1
MAP1B,PLD2
MAP3K4,AXIN1
MAP3K4,CDC42
MAP3K4,DVL1
MAP3K4,FLNA
MAP3K4,PRKCA
MAP3K4,PRKCB
MAP3K4,PRKCD
MAP3K4,RAC1
MAP3K4,TRAF4
MAPK14,ATF2
MAPK14,CDC25B
MAPK14,CDC42
MAPK14,ELK1
MAPK14,KRT8
MAPK14,MEF2A
MAPK14,MITF
MAPK14,NCOA3
MAPK14,NFKB1
MAPK14,RAC1
MAPK14,RELA
MAPK14,SHC1
MAPK14,SMAD3
MAPK14,STAT1
MAPK14,STAT3
MAPK14,TAB1
MAPK14,TAB2
MAPK14,TP53
MBP,CDC42
MBP,CREBBP
MBP,MBP
MBP,NRAS
MBP,RAC1
MCC,APC
MCC,CAMK2A
MCC,TP53
MCM5,MCM7
MCM5,SMAD2
MCM5,STAT1
MCM5,TFDP1
MCM7,TFDP1
MCM7,TRAF2
MEF2A,CREBBP
MEF2A,SMAD3
MEK1,AKT1
MEK1,CDC42
MEK1,HES1
MEK1,MAPK14
MEK1,PRKCZ
MEK1,RAF1
MEK1,SMAD2
MEK1,SMAD3
MEK2,MAPK14
MEK3,ATF2
MEK3,CAMK2B
MEK3,MAP3K4
MEK3,MAPK14
MEK3,NFKB1
MEK3,PKN1
MEK3,RAC1
MEK3,RIPK1
MEK3,TAB1
MEK3,TAB2
MEK3,TP53
MEK3,TRADD
MEK5,FOS
MEK5,MEF2A
MEK5,PRKCZ
MEK5,STAT3
MEKK1,ATF2
MEKK1,AXIN1
MEKK1,CASP3
MEKK1,CDC42
MEKK1,CRK
MEKK1,CRKL
MEKK1,FADD
MEKK1,GRB2
MEKK1,IKBKG
MEKK1,JUNB
MEKK1,MAPK14
MEKK1,NFKB1
MEKK1,RAC1
MEKK1,RELA
MEKK1,RHOA
MEKK1,RIPK1
MEKK1,SMAD2
MEKK1,TRADD
MEKK1,TRAF2
MEKK1,TRAF3
MEKK3,CCND1
MEKK3,GRB2
MEKK3,HRAS
MEKK3,IKBKG
MEKK3,MAPK14
MEKK3,NFKB1
MEKK3,NRAS
MEKK3,PAK1
MEKK3,PRKCA
MEKK3,PRKCB
MEKK3,PRKCD
MEKK3,RAC1
MEKK3,RHOA
MEKK3,RIPK1
MEKK3,TAB1
MEKK3,TAB2
MEKK3,TRADD
MEKK3,WNK1
MET,ABL1
MET,APC
MET,NCK2
MET,PIK3R2
MET,PLCG1
MET,PLCG2
MET,RAN
MET,SHC1
MET,SOS2
MET,SRC
MET,STAT1
MET,STAT3
MET,STAT5B
MET,VAV2
MET,WASL
MITF,MYC
MITF,NCOA3
MIZ1,CCND1
MIZ1,CDKN1A
MIZ1,ITGA6
MIZ1,MYC
MIZ1,SHC1
MIZ1,SMAD2
MIZ1,SMAD4
MKP1,FOS
MKP1,JUNB
MKP1,MAPK14
MKP1,NFKB1
MKP1,PRKCZ
MKP1,RAC1
MKP1,SKP2
MKP1,TP53
MYC,NCOA3
MYC,TCF3
NCK2,ABL1
NCK2,PIK3R2
NCK2,PTK2
NCK2,RAF1
NCK2,SMAD2
NCK2,SMAD3
NCK2,SRC
NCK2,STAT1
NCK2,STAT3
NCK2,STAT5B
NCK2,TGFB1
NCK2,WASL
NCOA3,TCF3
NCOR1,TBP
NIK,AKT1
NIK,EIF4E
NIK,FADD
NIK,HSPA8
NIK,IKBKG
NIK,MBP
NIK,NFKB1
NIK,RELA
NIK,RELB
NIK,RIPK1
NIK,TP53
NIK,TRADD
NIK,TRAF1
NIK,TRAF2
NIK,TRAF3
NKIRAS2,AKT1
NKIRAS2,BCL3
NKIRAS2,BTRC
NKIRAS2,CDC34
NKIRAS2,CDK6
NKIRAS2,CTNNB1
NKIRAS2,IKBKG
NKIRAS2,NFKB1
NKIRAS2,PSMD3
NKIRAS2,RELA
NKIRAS2,RELB
NKIRAS2,TRAF2
NOTCH2,NOTCH3
NOTCH2,PLCG1
NOTCH2,PSEN1
NOTCH2,PSEN2
NOTCH2,SMAD3
NR3C1,BAG1
NR3C1,CALR
NR3C1,FOS
NR3C1,HDAC2
NR3C1,HDAC6
NR3C1,NCOA3
NR3C1,NCOR1
NR3C1,NFKB1
NR3C1,RELA
NR3C1,SMAD4
NR3C1,SMARCA4
NR3C1,STAT3
NR3C1,STAT5B
NR3C1,TP53
NRAS,NRAS
NRAS,PIK3CB
NRAS,PKN2
NRAS,PRKACA
NRAS,PRKCA
NRAS,PRKCZ
NRAS,PSMC1
NRAS,RAF1
NRAS,RALGDS
NRAS,RBL2
NRAS,SHOC2
NRAS,SRC
NSMAF,GRB10
NSMAF,MAP3K4
NSMAF,TRADD
NSMAF,TRAF2
NUMBL,APP
NUMBL,ASCL1
NUMBL,EPS15
NUMBL,HES1
NUMBL,NOTCH2
NUMBL,NOTCH3
NUMBL,TAB2
NUP153,EPS15
NUP153,ERBB2
NUP153,RANBP9
NUP214,G3BP2
OTF1,BRCA1
OTF1,POLR2L
OTF1,TBP
P70S6K,CUL1
P70S6K,IKBKG
P70S6K,MET
P70S6K,NOTCH3
P70S6K,SKP1
P70S6K,SKP2
P70S6K,SMAD4
P204,LYN
PAF53,POLR1B
PAK1,AKT1
PAK1,CASP3
PAK1,FLNA
PAK1,GIT1
PAK1,GRB10
PAK1,GRB2
PAK1,NCK2
PAK1,PXN
PAK1,RAC1
PAK1,RAF1
PAK1,RHOA
PAPOLA,CREBBP
PAPOLA,CTBP1
PAPOLA,CUL1
PAPOLA,KPNB1
PARD3,PRKCG
PARD3,PRKCZ
PARD3,RAF1
PATZ,ATF1
PATZ,MITF
PATZ,NCOR1
PATZ,RNF4
PEN2,APH1A
PEN2,APP
PEN2,CTNNB1
PEN2,NOTCH2
PEN2,NOTCH3
PEN2,PSEN1
PEN2,PSEN2
PIAS1,CREBBP
PIAS1,NCOA3
PIAS1,RELB
PIAS1,SMAD2
PIAS1,SMAD3
PIAS1,SPEN
PIAS1,STAT1
PIAS1,STAT5B
PIAS1,SUMO2
PIAS3,SMAD2
PIAS3,ZFHX1B
PIAS4,CREBBP
PIAS4,RELB
PIAS4,SMAD3
PIAS4,SMARCC2
PIAS4,STAT5B
PIAS4,SUMO1
PIK3CB,STAT1
PIK3CB,STAT3
PIK3R2,ABL1
PIK3R2,PRKCG
PIK3R2,PTK2
PIK3R2,RAF1
PIK3R2,SMAD2
PIK3R2,SMAD3
PIK3R2,SRC
PIK3R2,STAT1
PIK3R2,STAT3
PIK3R2,STAT5B
PIK3R2,WASL
PITPN,ARRB2
PITPN,CAMK2D
PITPN,CRK
PITPN,EGFR
PITPN,PLCG1
PKN1,APC
PKN1,PSEN1
PKN1,RELA
PKN2,PLD2
PKN2,PSEN1
PKN2,WASL
PLCE1,HRAS
PLCE1,PIK3C2B
PLCE1,PIK3CB
PLCE1,PIK3R1
PLCE1,PLCG1
PLCE1,PLCG2
PLCE1,PTEN
PLCG1,PLD2
PLCG1,PTK2
PLCG1,SRC
PLCG2,ABL1
PLCG2,SRC
PLD2,PRKCG
PLD2,RAC1
PLD2,SMAD3
PLEC1,CREBBP
PPP2CA,CREBBP
PPP2CA,PPP2R5B
PPP2CA,STAT1
PPP2CA,STAT3
PPP2CA,STAT5B
PRKACA,CTNNB1
PRKACA,GSK3B
PRKACA,PRKAR1A
PRKACA,PRKAR2A
PRKACA,PRKCA
PRKACA,PSEN1
PRKACA,RELA
PRKAR2A,SMAD2
PRKCA,PRKCG
PRKCA,PRKCZ
PRKCA,SRC
PRKCA,STAT5B
PRKCB,GJA1
PRKCB,IKBKG
PRKCB,JAK1
PRKCB,PLCG1
PRKCB,PLCG2
PRKCB,PRKCA
PRKCB,PRKCG
PRKCB,RAF1
PRKCB,RHOA
PRKCG,ADD1
PRKCG,CDC42
PRKCG,PRKACA
PRKCG,PRKCZ
PRKCG,RAC1
PRKCG,RAF1
PRKCG,RGS16
PRKCG,SMAD3
PRKCG,SRC
PRKCG,STAT5B
PRKCL,AKT1
PRKCL,AKT2
PRKCL,BCAR1
PRKCL,CAMK2A
PRKCL,CASP3
PRKCL,CASP8
PRKCL,CASP9
PRKCL,CCND1
PRKCL,CD44
PRKCL,CDC23
PRKCL,CDC42
PRKCL,EGFR
PRKCL,GRB2
PRKCL,HSPA8
PRKCL,JAK2
PRKCL,NRAS
PRKCL,PARD3
PRKCL,PRKCG
PRKCL,PRKCZ
PRKCL,RAC1
PRKCL,RAF1
PRKCL,RELA
PRKCL,RELB
PRKCL,RGS16
PRKCL,SF1
PRKCL,SMAD3
PRKCM,CCNE1
PRKCM,YAP1
PRKCZ,CASP8
PRKCZ,CREBBP
PRKCZ,NUP153
PRKCZ,RAC1
PRKCZ,RAF1
PRKCZ,RGS16
PRKCZ,SMAD2
PRKCZ,SMAD3
PSD93,CAMK2A
PSD93,PTEN
PSD95,FYN
PSD95,SRC
PSEN1,APC
PSEN1,CDC42
PSEN1,GSK3B
PSEN1,PSEN2
PSEN1,RAC1
PSEN1,TRAF1
PSEN1,VIM
PSEN2,APC
PSEN2,GSK3B
PSMB5,PSMD12
PSMB5,PSMD4
PSMC1,PSMC2
PSMC1,PSMC3
PSMC1,PSMD1
PSMC1,PSMD12
PSMC1,PSMD13
PSMC1,PSMD3
PSMC1,PSMD4
PSMC1,PSMD7
PSMC2,PSMC3
PSMC2,PSMD1
PSMC2,PSMD12
PSMC2,PSMD13
PSMC2,PSMD3
PSMC2,PSMD4
PSMC2,PSMD7
PSMC2,RAF1
PSMC2,TBP
PSMC3,PSMD1
PSMC3,PSMD12
PSMC3,PSMD13
PSMC3,PSMD4
PSMC3,PSMD7
PSMC3,TBP
PSMD1,CLTC
PSMD1,PSMD12
PSMD1,PSMD13
PSMD1,PSMD3
PSMD1,PSMD4
PSMD1,PSMD7
PSMD3,COPS3
PSMD3,PSMD12
PSMD3,PSMD13
PSMD3,PSMD4
PSMD3,PSMD7
PSMD4,CREBBP
PSMD4,PSMD12
PSMD4,PSMD13
PSMD4,PSMD7
PSMD4,RELA
PSMD4,SUMO2
PSMD4,TBP
PSMD4,TRAF2
PSMD7,PSMD12
PSMD7,PSMD13
PSMD12,PSMD13
PSMD12,RIPK1
PSMD12,TRADD
PSMD13,ANAPC5
PSMD13,PSMB5
PTEN,RAF1
PTEN,RPL8
PTEN,STAT5B
PTK2,ABL1
PTK2,SHC1
PTK2,SRC
PTK2,STAT1
PTK2,STAT2
PTK2,STAT3
PTK2,STAT5B
PTPN12,APC
PTPN12,PRKAR1A
PTPN12,SRC
PTPN12,STAT1
PTPN12,STAT5B
PTPN12,STUB1
PTPN12,WASL
PYK2,ABL1
PYK2,CAMK2A
PYK2,CAMK2B
PYK2,CAMK2D
PYK2,CREBBP
PYK2,CRK
PYK2,HRAS
PYK2,PRKCA
PYK2,PRKCB
PYK2,PRKCG
PYK2,PXN
PYK2,SRC
RAB5,AKT1
RAB5,CAV1
RAB5,CTNNB1
RAB5,EGFR
RAB5,EPS8
RAB5,MAPK14
RAB5,PIK3R1
RAC1,SMAD2
RAC1,SMAD3
RACK1,FYN
RACK1,GRB2
RACK1,HRAS
RACK1,NSMAF
RACK1,PRKCA
RACK1,PRKCB
RACK1,PRKCD
RACK1,PRKCG
RACK1,RPL4
RACK1,RPS13
RACK1,SDC2
RACK1,SHC1
RACK1,SRC
RAD54L2,DYRK1A
RAD54L2,PKN1
RAD54L2,SUMO1
RAD54L2,SUMO2
RAF1,PAPOLA
RAF1,PRKACA
RAF1,PRKAR1A
RAF1,RHOA
RAF1,SF1
RAF1,SHOC2
RAF1,SMAD2
RAF1,SMAD4
RAF1,SRC
RAF1,STAT1
RAF1,STAT3
RAF1,STAT5B
RAF1,TCF3
RAF1,TP53
RAI,JUP
RAI,NFKB1
RAI,RELA
RAI,TP53
RALBP1,ABL1
RALBP1,CDC42
RALBP1,CSK
RALBP1,FGR
RALBP1,FYN
RALBP1,JAK1
RALBP1,JAK2
RALBP1,KIT
RALBP1,LYN
RALBP1,MTIF2
RALBP1,NRAS
RALBP1,RAC1
RALBP1,RALB
RALBP1,RAN
RALBP1,RHOA
RAN,HDAC1
RAN,NUP214
RAN,RANBP9
RAN,RELA
RAN,SUMO1
RANBP9,TBP
RAP74,CDK9
RAP74,TBP
RB,FHL2
RBL2,RELA
RBPSUH,CREBBP
RBPSUH,CTBP1
RBPSUH,CTBP2
RBPSUH,FHL1
RBPSUH,HDAC1
RBPSUH,HDAC2
RBPSUH,HES1
RBPSUH,HEY1
RBPSUH,JAG1
RBPSUH,MAML1
RBPSUH,MAML2
RBPSUH,NFKB1
RBPSUH,NOTCH2
RBPSUH,NOTCH3
RBPSUH,POFUT1
RBPSUH,PTEN
RBPSUH,SNW1
RBPSUH,SPEN
RBX1,ZNF259
RELA,RELB
RELA,RGS16
RELA,SMAD2
RELA,SMAD3
RELA,SRC
RELA,STAT1
RELA,STAT3
RELA,STAT5B
RELA,TBK1
RELA,TCF3
RELA,TP53
RELB,CREBBP
RELB,STAT5B
REPS1,CRK
REPS1,GRB2
REPS1,RALB
REPS1,RALBP1
REQ,CASP7
REQ,FADD
REQ,FHL2
REQ,SMARCE1
RHOA,PRKAR1A
RHOA,SMAD2
RHOA,SMAD3
RHOA,TGFB1
RIP2,AKT1
RIP2,CDC42
RIP2,PTK2
RIP2,RAC1
RIP2,RHOA
RIP2,RTKN
RIP2,SRC
RIPK1,STAT1
RIPK1,TRADD
RIPK1,TRAF1
RIPK1,TRAF2
RKIP,CDH1
RKIP,GSK3B
RKIP,NFKB1
RKIP,PRKCA
RKIP,PRKCB
RKIP,PRKCD
RKIP,PRKCG
RKIP,PRKCZ
RKIP,RAF1
RKIP,SPRED1
RKIP,YY1
ROR2,ABL1
ROR2,FYN
ROR2,GRB2
ROR2,PIK3R2
ROR2,SOCS5
ROR2,STAT3
RPA5,POLR1B
RPA5,POLR1D
RPA5,POLR2L
RPL4,RPL8
RPL6,RPL8
RSK1,AP2A1
RSK1,AP2B1
RSK1,CREBBP
RSK1,FOS
RSK1,GRB2
RSK1,HRAS
RSK1,MITF
RSK1,NRAS
RSK1,PRKAR2A
RSK1,SH3GL2
RSK3,AP2A1
RSK3,AP2B1
RSK3,CREBBP
RSK3,EIF4E
RSK3,FOS
RSK3,HRAS
RSK3,NRAS
RSK3,PRKCA
RSK3,SH3GL2
RTKN,AKT1
RTKN,CDC42
RTKN,PAK1
RTKN,PKN1
RTKN,RAC1
RTKN,RHOA
RTKN,SNX2
RUVBL1,TBP
SAM68,CD44
SAM68,CRK
SAM68,CSK
SAM68,FYN
SAM68,GRB10
SAM68,GRB2
SAM68,LYN
SAM68,PIK3R1
SAM68,PIK3R2
SAM68,PLCG1
SAM68,PRMT1
SAM68,SRC
SAM68,STAT3
SAP97,ADAM10
SAP97,CAMK2B
SAP97,PTEN
SAP97,SRC
SAP97,UBE3A
SCF,APH1A
SCF,BRCA1
SCF,BTRC
SCF,CTNNB1
SCF,CUL1
SCF,FBXW7
SCF,GLI1
SCF,GSK3B
SCF,RBX1
SCF,SKP1
SCF,SKP2
SCF,UBE2L3
SENP1,HDAC1
SENP1,LRP5
SENP1,PIAS1
SENP1,PIAS4
SENP1,PML
SENP1,RNF4
SENP1,SUMO1
SENP1,SUMO2
SF1,APC
SH2D3C,BCAR1
SH2D3C,EIF4E
SH2D3C,G3BP2
SH2D3C,SRC
SHC1,SRC
SHIP,CRKL
SHIP,DOK1
SHIP,GRB2
SHIP,HRAS
SHIP,JAK1
SHIP,LYN
SHIP,MET
SHIP,PIK3C2B
SHIP,PIK3CB
SHIP,PIK3R1
SHIP,PIK3R2
SHIP,PIK3R3
SHIP,PRKCB
SHIP,PTEN
SHIP,RAF1
SHIP,SHC1
SHIP2,AKT1
SHIP2,AKT2
SHIP2,BCAR1
SHIP2,CRK
SHIP2,EGFR
SHIP2,GAB2
SHIP2,GRB2
SHIP2,MET
SHIP2,PIK3R1
SHIP2,PIK3R2
SHIP2,PLCE1
SHIP2,PLCG1
SHIP2,PLCG2
SHIP2,PTEN
SHIP2,SHC1
SHIP2,SRC
SHOC2,PAPOLA
SHP2,AKT1
SHP2,EGFR
SHP2,ERBB2
SHP2,FYN
SHP2,GAB2
SHP2,GRB2
SHP2,HRAS
SHP2,JAK1
SHP2,JAK2
SHP2,KIT
SHP2,MET
SHP2,NRAS
SHP2,PIK3R1
SHP2,PIK3R2
SHP2,PTK2
SHP2,PXN
SHP2,STAT1
SHP2,STAT3
SIN3A,SMARCC2
SIN3A,SPEN
SIN3A,YY1
SINK,AKT1
SINK,AKT2
SINK,ATF2
SINK,ATF3
SINK,PPP2CA
SINK,RELA
SKP1,AXIN1
SKP1,BTRC
SKP1,CCNA2
SKP1,CDKN1A
SKP1,CTNNB1
SKP1,FBXW7
SKP1,NFKB1
SKP1,PSMC2
SKP1,PSMD12
SKP1,RBX1
SKP1,SKP2
SMAD2,NCOA3
SMAD2,NUP153
SMAD2,NUP214
SMAD2,RAN
SMAD2,SMAD3
SMAD2,SMAD4
SMAD2,SMURF2
SMAD2,SPEN
SMAD2,STAT1
SMAD2,STAT2
SMAD2,STAT3
SMAD2,STUB1
SMAD2,TCF3
SMAD2,TCF8
SMAD2,TGFB1
SMAD2,TGFBR2
SMAD2,TP53
SMAD2,VIM
SMAD2,YY1
SMAD2,ZFHX1B
SMAD3,CAMK2A
SMAD3,CREBBP
SMAD3,NCOA3
SMAD3,NUP153
SMAD3,NUP214
SMAD3,RAN
SMAD3,SMAD4
SMAD3,SMURF2
SMAD3,SPEN
SMAD3,STAT1
SMAD3,STAT2
SMAD3,STAT3
SMAD3,STUB1
SMAD3,TCF3
SMAD3,TCF8
SMAD3,TGFB1
SMAD3,TGFBR2
SMAD3,TP53
SMAD3,ZFHX1B
SMAD4,SMURF2
SMAD4,STAT1
SMAD4,TCF3
SMAD4,TGFB1
SMAD4,TP53
SMARCB1,CCND1
SMARCB1,CCNE1
SMARCB1,CDKN1A
SMARCB1,HDAC1
SMARCB1,MYC
SMARCB1,NCOR1
SMARCB1,SIN3A
SMARCB1,SMARCA4
SMARCB1,SMARCC1
SMARCB1,SMARCC2
SMARCB1,SMARCE1
SMARCB1,TP53
SMARCB1,VIM
SMARCC1,CREBBP
SMARCC1,HDAC1
SMARCC1,HDAC2
SMARCC1,HDAC6
SMARCC1,LEF1
SMARCC1,NCOR1
SMARCC1,SMARCA4
SMARCC1,TCF8
SMARCC2,SMARCA4
SMARCC2,SMARCC1
SMARCC2,TBP
SMOH,ABL1
SMOH,ARRB1
SMOH,ARRB2
SMOH,CCND1
SMOH,CSNK1A1
SMOH,GAS1
SMOH,GLI1
SMOH,HHIP
SMOH,NUMB
SMOH,PRKAR2A
SMOH,STK36
SMRT,CTBP1
SMRT,NCOR1
SMRT,SIN3A
SMURF1,CAV1
SMURF1,CDC42
SMURF1,EGFR
SMURF1,HDAC1
SMURF1,KIT
SMURF1,MET
SMURF1,PML
SMURF1,RHOA
SMURF1,SMAD2
SMURF1,SMAD3
SMURF1,SMAD4
SMURF1,SMURF2
SMURF1,TGFBR2
SMURF2,CREBBP
SMURF2,NUP214
SMURF2,RAN
SNW1,CDK9
SNW1,CREBBP
SNW1,MYC
SNW1,NOTCH2
SNW1,NOTCH3
SNW1,RBL2
SNW1,SMAD2
SNW1,SMAD3
SNX1,EGFR
SNX1,EPS15
SNX1,HGS
SNX1,RAC1
SNX1,SNX2
SNX1,SNX6
SNX4,ABL1
SNX4,AKT1
SNX4,CDK9
SNX4,CSK
SNX4,FGR
SNX4,FYN
SNX4,JAK1
SNX4,JAK2
SNX4,LYN
SNX4,RIPK1
SNX4,SOS2
SNX4,SRC
SNX6,JAK1
SOCS5,STAT5B
SODD,BAG1
SODD,DAXX
SODD,FADD
SODD,HSPA8
SODD,NFKB1
SODD,NKIRAS2
SODD,PPP2R2A
SODD,PSMD3
SODD,RIPK1
SODD,STUB1
SODD,TRADD
SODD,TRAF1
SODD,TRAF2
SOS2,WASL
SPEN,STAT1
SPEN,TCF3
SPRY2,LRP1
SRC,APC
SRC,CREBBP
SRC,STAT1
SRC,STAT2
SRC,STAT3
SRC,STAT5B
SRC,VAV2
SRC,WASL
STAMBPL1,CLTC
STAMBPL1,COPS5
STAMBPL1,GRB2
STAMBPL1,SMAD2
STAT1,ABL1
STAT1,NCOA3
STAT1,PAPOLA
STAT1,RAC1
STAT1,RAN
STAT1,RELB
STAT1,STAT2
STAT1,STAT3
STAT1,STAT5B
STAT1,TCF3
STAT1,TP53
STAT2,ABL1
STAT2,STAT3
STAT2,STAT5B
STAT2,TCF3
STAT3,CCND1
STAT3,MYC
STAT3,PIAS3
STAT3,RAC1
STAT5B,ABL1
STAT5B,CREBBP
STAT5B,NUP153
STAT5B,RAC1
STAT5B,STAT3
STAT5B,TGFB1
STAT5B,TRADD
STAT5B,VAV3
STEP,FYN
STEP,MAPK14
STK36,CDK9
STK36,GLI1
STK36,HHIP
STUB1,TGFB1
SUMO1,SMARCA4
SUMO1,SUMO2
SUMO1,ZNF259
SVIL,APC
SVIL,TRADD
SVIL,WASL
T2BP,DVL2
T2BP,NFKB1
T2BP,SMURF2
T2BP,TRADD
T2BP,TRAF2
T2BP,TRAF3
T2BP,TRAF5
TAB1,HIPK2
TAB1,IKBKG
TAB1,RIPK1
TAB1,TAB2
TAB1,TGFBR2
TAB1,TRADD
TAB1,TRAF2
TAB2,HIPK2
TAB2,IKBKG
TAB2,NCOR1
TAB2,NFKB1
TAB2,NLK
TAB2,RIPK1
TAB2,TGFBR2
TAB2,TRADD
TAB2,TRAF2
TAK1,TAB1
TAK1,TAB2
TAK1,TRAF2
TBK1,WASL
TBP,SMARCA4
TBP,SMARCB1
TBPIP,BRCA1
TBPIP,CCNB2
TBPIP,PSMC3
TCF3,CREBBP
TCF3,STAT3
TCF3,TCF12
TCF3,TCF4
TCF3,TP53
TCF4,CREBBP
TCF4,TCF12
TCF8,CREBBP
TCF8,ZFHX1B
TCF12,CREBBP
TGFB1,RAN
TGFB1,TGFB3
TGFB1,TGFBR2
TGFBR2,CREBBP
TGFBRAP1,NCOR1
TGFBRAP1,SMAD2
TGFBRAP1,SMAD3
TGFBRAP1,SMAD4
TGFBRAP1,TGFB1
TGFBRAP1,TGFBR2
TGFBRAP1,TRAF1
TIEG2,FAF1
TIEG2,HDAC6
TIP1,CTNNB1
TIP1,RTKN
TIP60,APP
TIP60,FANCD2
TIP60,HDAC1
TIP60,MYC
TIP60,NCOR1
TIP60,NFKB1
TIP60,RUVBL1
TIP60,STAT3
TIP60,TP53
TNAP,TRAF2
TNAP,TRAF3
TNIP1,NFKB1
TNIP1,TRAF1
TP53,COPS5
TP53,NUP153
TP53,RAN
TP53,RELB
TRADD,CREBBP
TRADD,STAT3
TRADD,TRAF1
TRADD,TRAF2
TRADD,TRAF5
TRAF1,CREBBP
TRAF1,TRAF2
TRAF1,TRAF5
TRAF2,NUP153
TRAF2,TRAF5
TRAF2,WASL
TRIP,CTNNB1
TRIP,EGFR
TRIP,ETS1
TRUSS,APH1A
TRUSS,APP
TRUSS,CTNNB1
TRUSS,IKBKG
TRUSS,MYC
TRUSS,NCOR1
TRUSS,PSEN1
TRUSS,PSEN2
TRUSS,RBX1
TRUSS,RIPK1
TRUSS,TRADD
TRUSS,TRAF2
TRUSS,UBE2D1
TVL1,CASP8
TVL1,KRT7
TVL1,MYC
TVL1,NFYB
TVL1,NFYC
TVL1,RAF1
UBC9,CASP3
UBC9,GAS1
UBC9,JAK2
UBCH5B,BTRC
UBCH5B,CUL1
UBCH5B,RBX1
UBCH5B,STUB1
UBCH5B,SUMO1
UBCH5B,UBE3A
UBCH5C,PPP2CA
UBCH5C,RAN
UBE3A,HDAC1
UBE3A,MCM7
UBE3A,RBBP7
UBE3A,SAP18
UBE3A,SIN3A
UBE3A,TP53
UBE3A,UBE2D1
UBE3A,UBE2L3
UNC5CL,NFKB1
UNC5CL,RELA
UNC5CL,RELB
USP9,CCND1
USP9,SUMO1
USP9,SUMO2
UXT,RPL4
VAV2,ABL1
VAV2,WASL
VAV3,WASL
VIM,CREBBP
VIM,PRKAR1A
WASL,ABL1
WASL,APC
WASL,CRK
WASL,RAC1
WASL,SHC1
WASL,SNX1
WASL,STAT3
YES,ABL1
YES,CBLB
YES,CSK
YES,CTNND1
YES,EGFR
YES,FGR
YES,FYN
YES,LYN
YES,MAPK14
YES,PLCG1
YES,RAC1
YES,SRC
YY1,PAPOLA
ZFHX1B,CREBBP
ZIN,RIPK1
ZIN,STAT3
ZIN,UBE2L3
ZNF216,CDC34
ZNF216,FOXO4
ZNF216,IKBKG
ZNF216,RELA
ZNF216,RIPK1
