# Protein-1,# Protein-2
4EBP1,AKT1
4EBP1,CCND1
4EBP1,EIF4E
4EBP1,MAPK14
4EBP1,TFDP1
14-3-3-zeta,AKT1
14-3-3-zeta,BAD
14-3-3-zeta,CDC25A
14-3-3-zeta,CDC25B
14-3-3-zeta,CSNK1A1
14-3-3-zeta,CTNNB1
14-3-3-zeta,KRT18
14-3-3-zeta,PIK3R1
14-3-3-zeta,PRKCA
14-3-3-zeta,RAF1
14-3-3-zeta,RAN
A20,G3BP2
ABIN2,FLNA
ABIN2,LYN
ABIN2,NFKB1
ABIN2,NFKB2
ABIN2,RELA
ABIN2,RIPK1
ABIN2,TAB2
ABIN2,TRAF2
ABL1,APP
ABL1,BCAR1
ABL1,CCNA2
ABL1,CDC42
ABL1,CRK
ABL1,CRKL
ABL1,CTNNB1
ABL1,FOS
ABL1,FYN
ABL1,GRB2
ABL1,JUN
ABL1,MYC
ABL1,NUP214
ABL1,PLCG1
ABL1,PLSCR1
ABL1,SHC1
ABL1,SRC
ABL1,STAT5A
ABL1,TP53
ABL1,YAP1
ACVRL1,CAV1
ACVRL1,SMAD1
ACVRL1,SMAD2
ACVRL1,SMAD3
ACVRL1,SMAD4
ACVRL1,TGFB1
ACVRL1,TGFBR1
ACVRL1,TGFBR2
ADAM10,APP
ADAM10,CD44
ADAM10,CDH1
ADAM10,CTNNB1
ADAM10,FHL2
ADAM10,FURIN
ADAM10,JAG1
ADAM10,NOTCH2
ADAM10,PSEN1
ADAM17,ADAM10
ADAM17,APP
ADAM17,ERBB2
ADAM17,FHL2
ADAM17,FURIN
ADAM17,NOTCH2
ADAM17,TRAF6
ADD1,ABL1
ADD1,AKT1
ADD1,CSK
ADD1,CSNK1E
ADD1,FGR
ADD1,HIPK2
ADD1,JAK1
ADD1,LCK
ADD1,LYN
ADD1,PKN2
ADD1,PRKCA
ADD1,PRKCZ
ADD1,RAF1
ADD1,TBK1
AES,CCND1
AES,CTBP1
AES,CTNNB1
AES,HDAC1
AES,MYC
AES,PRMT1
AES,RELA
AES,TLE1
AIP4,ARRB2
AIP4,HGS
AIP4,JUN
AIP4,JUNB
AIP4,LYN
AIP4,MET
AIP4,NUMB
AIP4,SMAD3
AKAP95,CASP3
AKAP95,CCND1
AKAP95,CCNE1
AKAP95,MYC
AKAP95,PRKAR2A
AKT1,CCNA2
AKT1,FYN
AKT1,NRAS
AKT1,PRKCA
AKT1,PRKCI
AKT1,PSEN1
AKT1,STAT3
AKT1,STAT5A
AKT1,STAT5B
AML1,CTCF
AML1,HAT1
AML1,NCOR1
AML1,PPP2CA
AML1,RUVBL1
ANAPC1,ANAPC2
ANAPC2,ANAPC4
ANAPC2,ANAPC5
ANAPC2,ANAPC7
ANAPC2,CCNB1
ANAPC2,CDC16
ANAPC2,CDC27
ANAPC2,CDK2
ANAPC2,FZR1
ANAPC2,PSMB5
ANAPC2,PSMC2
ANAPC2,PSMC3
ANAPC2,PSMD1
ANAPC2,PSMD12
ANAPC2,PSMD13
ANAPC2,UBE2E1
ANAPC4,ANAPC5
ANAPC4,ANAPC7
ANAPC4,CCNB1
ANAPC4,CDC16
ANAPC4,CDC27
ANAPC4,CDK2
ANAPC4,FZR1
ANAPC4,PSMB5
ANAPC4,PSMC2
ANAPC4,PSMC3
ANAPC4,PSMD1
ANAPC4,PSMD12
ANAPC4,PSMD13
ANAPC4,UBE2E1
ANAPC5,SMAD1
ANAPC5,SMAD2
ANAPC5,SMAD3
ANAPC5,TGFB1
ANKRD6,AXIN1
ANKRD6,CSNK1E
ANKRD6,CTNNB1
ANKRD6,DVL1
ANKRD6,DVL2
ANKRD6,DVL3
ANKRD6,FZD1
ANKRD6,FZD4
ANKRD6,FZD5
ANKRD6,FZD9
ANKRD6,MAGI3
ANKRD6,NKD1
ANKRD6,NLK
AO7,CDC34
AO7,NKD1
AO7,RELA
AO7,RNF4
AO7,UBE2D1
APC,CDH1
APH1A,APP
APH1A,CTNNB1
APH1A,NOTCH2
APH1A,PSEN1
APH1A,PSEN2
APH1A,TRAF6
APH2,ADAM10
APH2,APH1A
APH2,APP
APH2,CTNNB1
APH2,NOTCH2
APH2,PSEN1
APH2,PSEN2
APH2,TRAF6
APP,CRKL
APP,FYN
APP,STAT5A
APPL2,AKT2
APPL2,HDAC1
APPL2,HDAC2
APPL2,MTA2
APPL2,PIK3CB
APPL2,PIK3R1
APPL2,RBBP7
APS,ABL1
APS,BCAR1
APS,CAMK2G
APS,CASP3
APS,CAV1
APS,CRKL
APS,CSK
APS,EPOR
APS,ERBB2
APS,FGR
APS,FYN
APS,GRB10
APS,GRB2
APS,GRB7
APS,JAK1
APS,LCK
APS,LYN
APS,MET
APS,NCK2
APS,PIK3R2
APS,PSEN1
APS,PSEN2
APS,PTK2
APS,SOCS3
APS,SOS1
APS,SRC
APS,STAT1
APS,STAT3
APS,STAT5A
APS,STAT5B
APS,WASL
AR,AKT1
AR,BAG1
AR,BRCA1
AR,CCND1
AR,CTNNB1
AR,ERBB2
AR,FHL2
AR,JUN
AR,NCOA3
AR,NCOR1
AR,SMAD3
AR,SP1
AR,SRC
AR,STAT3
AR,TP53
AR,UXT
ARA54,FHL2
ARA54,NCOA3
ARA54,NCOR1
ARA54,PIAS1
ARA54,RAN
ARA54,SVIL
ARA54,UBE2D1
ARA54,UBE2E1
ARA54,UBE2L3
ARA55,CRK
ARA55,CRKL
ARA55,CSK
ARA55,FOS
ARA55,FYN
ARA55,GIT1
ARA55,NCOA3
ARA55,PTK2
ARA55,PTPN12
ARA55,PXN
ARA55,RAN
ARA55,RHOA
ARA55,SMAD3
ARA55,SRC
ARA55,SVIL
ARA55,TGFBR2
ARA55,TRAF4
ARA70,FHL2
ARA70,HRAS
ARA70,NCOA3
ARA70,NRAS
ARA70,RAN
ARA70,SVIL
ARA160,FHL2
ARA160,PIAS1
ARA160,RAN
ARA160,SMARCA4
ARAF1,HRAS
ARAF1,NRAS
ARAF1,PIK3R1
ARAF1,PRKCA
ARAF1,PRKCD
ARF4,PLD2
ARNIP,ARRB2
ARNIP,CAV1
ARNIP,GIT1
ARNIP,PRKCA
ARNIP,PRKCD
ARRB1,HGS
ARRB2,DVL3
ARRB2,FYN
ARRB2,HGS
ARRB2,NRAS
ASE1,CCNA2
ASE1,CCNB1
ASE1,CDC16
ASE1,CDC27
ASE1,NCOR1
ATF1,CTBP1
ATF1,FOS
ATF1,HDAC1
ATF1,HDAC2
ATF1,KPNA2
ATF1,PIAS1
ATF1,PKN2
ATF1,SMAD2
ATF1,SMAD3
ATF1,STAT1
ATF1,TCF3
ATF1,YY1
ATF3,FOS
ATF3,JUN
AXAM2,AXIN1
AXAM2,DVL1
AXAM2,DVL2
AXAM2,DVL3
AXAM2,KPNB1
AXAM2,NUP153
AXAM2,RAN
AXAM2,SUMO1
AXAM2,SUMO2
AXIN1,GRB2
AXIN1,JUP
AXIN1,SMAD1
AXIN1,SMAD2
AXIN1,SMAD3
AXIN1,SMURF2
AXIN1,TGFBR1
BAD,CDC25A
BAD,NRAS
BAD,RAF1
BAF53A,HAT1
BAF53A,MYC
BAF53A,RUVBL1
BAF53A,SMARCA4
BAF53A,SMARCB1
BAF53A,SMARCC1
BAF53A,SMARCC2
BAF53A,SMARCE1
BAF53A,SVIL
BAG1,HSPA8
BCAR1,CASP3
BCAR1,CASP8
BCAR1,CAV1
BCAR1,CD44
BCAR1,CDC2
BCAR1,CRK
BCAR1,CRKL
BCAR1,CSK
BCAR1,CTNNB1
BCAR1,EPOR
BCAR1,EPS15
BCAR1,FGR
BCAR1,FYN
BCAR1,GRB10
BCAR1,GRB2
BCAR1,IQGAP2
BCAR1,JUP
BCAR1,LYN
BCAR1,NCK2
BCAR1,PIK3R2
BCAR1,PLD2
BCAR1,PRKCI
BCAR1,PRKCZ
BCAR1,PTK2
BCAR1,RAF1
BCAR1,SHC1
BCAR1,SMAD2
BCAR1,SMAD3
BCAR1,SNX2
BCAR1,SOS1
BCAR1,STAT1
BCAR1,STAT3
BCAR1,STAT5A
BCAR1,STAT5B
BCAR1,WASL
BCL3,NOTCH2
BCL3,RELA
BCL3,UBE2D1
BCL7A,CDC25A
BCL7A,PDCD2
BCL7A,TRAF6
BP75,CCNH
BP75,PCAF
BPAG1,CTNNB1
BPAG1,FOS
BPAG1,HDAC6
BPAG2,CD151
BPAG2,CTNND1
BPAG2,DSP
BPAG2,HDAC1
BPAG2,ITGA6
BPAG2,KRT18
BRCA1,CCNB1
BRCA1,CCNB2
BRCA1,CCND1
BRCA1,CCNH
BRCA1,CDC25A
BRCA1,CDC25C
BRCA1,CDK4
BRCA1,CRKL
BRCA1,FOS
BRCA1,FYN
BRCA1,FZR1
BRCA1,GIT1
BRCA1,HDAC1
BRCA1,HDAC2
BRCA1,JUN
BRCA1,JUNB
BRCA1,MTA2
BRCA1,PCAF
BRCA1,RBL1
BRCA1,SMAD1
BRCA1,SMAD2
BRCA1,SMAD3
BRCA1,SP1
BRCA1,STAT1
BRCA1,STAT3
BRCA1,STAT5A
BRCA1,STAT5B
BRCA1,TP53
BTK,ABL1
BTK,BCAR1
BTK,CASP3
BTK,CASP7
BTK,CASP9
BTK,CDC2
BTK,CDK2
BTK,CDK7
BTK,CRK
BTK,CRKL
BTK,CSK
BTK,EPOR
BTK,FGR
BTK,FYN
BTK,GRB10
BTK,GRB2
BTK,JAK1
BTK,LCK
BTK,LYN
BTK,MET
BTK,NCK2
BTK,PIK3R2
BTK,PLCG1
BTK,PRKCA
BTK,PTK2
BTK,SHC1
BTK,SOCS3
BTK,SOCS5
BTK,SOS1
BTK,SRC
BTK,STAT1
BTK,STAT3
BTK,STAT5A
BTK,STAT5B
BTK,VAV2
BTRC2,APH1A
BTRC2,BRCA1
BTRC2,CTNNB1
BTRC2,CUL1
BTRC2,FBXW7
BTRC2,RBX1
BTRC2,SKP1
BTRC2,SKP2
BTRC2,UBE2L3
CAMK2A,PRKCI
CAMK2B,CAMK2D
CAMK2B,FOS
CAMK2B,HRAS
CAMK2B,JAK1
CAMK2B,MEF2A
CAMK2B,STAT1
CAMK2G,LYN
CAMK2D,SMAD3
CAMK2D,STAT3
CAMK2D,STAT5A
CAMK2D,STAT5B
CAPN3,RELA
CAPN3,RPL8
CASP2,CASP8
CASP2,CASP9
CASP2,CDK7
CASP2,FADD
CASP2,FYN
CASP2,HDAC1
CASP2,HDAC2
CASP2,NFKB2
CASP2,PSEN1
CASP2,PSMD12
CASP2,RIPK1
CASP2,TRADD
CASP3,CASP7
CASP3,CASP8
CASP3,CASP9
CASP3,CD44
CASP3,CDC2
CASP3,CRK
CASP3,CSK
CASP3,CTNNB1
CASP3,EIF4E
CASP3,EPS15
CASP3,FGR
CASP3,FLNA
CASP3,FYN
CASP3,IQGAP2
CASP3,JUP
CASP3,NOTCH2
CASP3,PIK3R2
CASP3,PLCG1
CASP3,PLD2
CASP3,PRKCI
CASP3,PRKCZ
CASP3,PSEN1
CASP3,RAF1
CASP3,SHC1
CASP3,SOS1
CASP3,STAT1
CASP3,TRAF2
CASP7,CSK
CASP8,CASP9
CASP8,FADD
CASP8,FYN
CASP8,NFKB2
CASP8,PSEN1
CASP8,PSMD12
CASP8,RIPK1
CASP8,TRADD
CASP9,CSK
CASP9,FADD
CASP9,FYN
CASP9,JUN
CASP9,NFKB2
CASP9,PRKCI
CASP9,PSEN1
CASP9,PSMD12
CASP9,RAF1
CASP9,RIPK1
CASP9,SMAD2
CASP9,STAT5A
CASP9,STUB1
CASP9,TRADD
CAV1,CRKL
CAV1,CSK
CAV1,ERBB2
CAV1,FGR
CAV1,GRB10
CAV1,LYN
CAV1,RHOA
CAV1,SRC
CAV1,STAT1
CAV1,STAT5A
CAV1,STAT5B
CBL,ABL1
CBL,BCAR1
CBL,CASP3
CBL,CAV1
CBL,CDC25A
CBL,CDC25C
CBL,CRK
CBL,CRKL
CBL,CSK
CBL,CTNNB1
CBL,DAB2
CBL,EPOR
CBL,ERBB2
CBL,FGR
CBL,FLNA
CBL,FYN
CBL,GRB10
CBL,GRB2
CBL,GRB7
CBL,HD
CBL,JAK1
CBL,KRT18
CBL,LCK
CBL,LYN
CBL,MET
CBL,NCK2
CBL,PARD3
CBL,PIK3R2
CBL,PRKCZ
CBL,PTPN12
CBL,RAF1
CBL,SHC1
CBL,SOS1
CBL,SRC
CBL,STAT1
CBL,STAT3
CBL,STAT5A
CBL,STAT5B
CBL,SVIL
CBL,TGFBR1
CBL,VAV2
CBL,WASL
CBLB,ABL1
CBLB,BCAR1
CBLB,CASP3
CBLB,CRK
CBLB,CRKL
CBLB,CSK
CBLB,DAB2
CBLB,EPOR
CBLB,ERBB2
CBLB,FGR
CBLB,FLNA
CBLB,FYN
CBLB,GRB10
CBLB,GRB2
CBLB,GRB7
CBLB,HD
CBLB,JAK1
CBLB,LCK
CBLB,LYN
CBLB,MET
CBLB,PIK3R2
CBLB,PTK2
CBLB,PTPN12
CBLB,SHC1
CBLB,SOS1
CBLB,SRC
CBLB,STAT1
CBLB,STAT3
CBLB,STAT5A
CBLB,STAT5B
CBLB,SVIL
CBLB,VAV2
CBLB,WASL
CCNA2,CCNB1
CCNA2,CCNB2
CCNA2,CCND1
CCNA2,CCNE1
CCNA2,CCNH
CCNA2,CDC25A
CCNA2,CDK2
CCNA2,CDK4
CCNA2,CDK7
CCNA2,CEBPA
CCNA2,E2F4
CCNA2,HDAC1
CCNA2,ID2
CCNA2,MCM7
CCNA2,MYB
CCNA2,RBL1
CCNA2,SP1
CCNB1,CCNB2
CCNB1,CCNE1
CCNB1,CDC2
CCNB1,CDC25A
CCNB1,CDC25C
CCNB1,CDC42
CCNB1,CDK2
CCNB1,CDK4
CCNB1,CTNNB1
CCNB1,FLNA
CCNB1,FOXO1A
CCNB1,FZR1
CCNB1,GIT1
CCNB1,HDAC6
CCNB1,HSPA8
CCNB1,ID2
CCNB1,LCK
CCNB1,MCM7
CCNB1,PKN1
CCNB1,PRKCA
CCNB1,PSMC2
CCNB1,RAC1
CCNB1,TP53
CCNB1,TRAF2
CCNB2,ABL1
CCNB2,CCNE1
CCNB2,CCNH
CCNB2,CDC25A
CCNB2,CDC25B
CCNB2,CDC25C
CCNB2,CDK2
CCNB2,CDK7
CCNB2,CDKN1A
CCNB2,ETS1
CCNB2,FOXO1A
CCNB2,FZR1
CCNB2,ID3
CCNB2,MCM5
CCNB2,MCM7
CCNB2,PRKCA
CCNB2,PSMC2
CCNB2,RBL1
CCNB2,RBL2
CCNB2,RPS11
CCND1,CDK4
CCND1,CDKN1A
CCND1,CEBPA
CCND1,DYRK1A
CCND1,HDAC1
CCND1,HDAC2
CCND1,LCK
CCND1,PRKCI
CCND1,RBL1
CCND1,SMAD2
CCND1,SMAD3
CCND1,TGFBR1
CCNE1,BRCA1
CCNE1,CDC25A
CCNE1,CDK4
CCNE1,CDKN1A
CCNE1,CEBPA
CCNE1,DYRK1A
CCNE1,HDAC1
CCNE1,HDAC2
CCNE1,LCK
CCNE1,PRKCI
CCNE1,RBL1
CCNE1,SMAD2
CCNE1,SMAD3
CCNE1,TGFBR1
CCNH,CDC2
CCNH,CDC25A
CCNH,CDK2
CCNH,CDK7
CCNH,CTNNB1
CCNH,FZR1
CCNH,ITGB4BP
CCNH,LYN
CCNH,MCM5
CCNH,TCF3
CD30,JUNB
CD30,NFKB1
CD30,TRAF2
CD30,TRAF3
CD30,TRAF5
CD44,ERBB2
CD44,JUN
CD44,MMP7
CD44,PRKCI
CD44,RAF1
CD44,SMAD2
CD44,SMAD3
CD44,STAT5A
CD44,TGFB1
CDC2,CDC25C
CDC2,CDK2
CDC2,HDAC1
CDC2,HDAC2
CDC2,STAT1
CDC2,STAT5A
CDC16,BRCA1
CDC16,CCNA2
CDC16,CCNB2
CDC16,CDC2
CDC16,CDC25A
CDC16,CDK2
CDC16,CDK7
CDC16,CTNNB1
CDC16,FZR1
CDC16,ITGB4BP
CDC16,LYN
CDC16,MCM5
CDC16,PSMC2
CDC16,TCF3
CDC23,AKT1
CDC23,ANAPC2
CDC23,BAD
CDC23,CCNB1
CDC23,CCNB2
CDC23,CDC16
CDC23,CDC25A
CDC23,CDC25C
CDC23,CDC27
CDC23,CDK2
CDC23,FOXO1A
CDC23,FZR1
CDC23,KRT18
CDC23,PARD3
CDC23,PIK3R2
CDC23,PRKCA
CDC23,PRKCI
CDC23,PSMC2
CDC23,RAF1
CDC23,VIM
CDC25A,CDC25C
CDC25A,CDK2
CDC25A,CDK7
CDC25A,CDKN1A
CDC25A,CEBPA
CDC25A,CSK
CDC25A,ERBB2
CDC25A,ETS1
CDC25A,FZR1
CDC25A,ID3
CDC25A,KRT18
CDC25A,NFYA
CDC25A,NRAS
CDC25A,PARD3
CDC25A,PIK3R2
CDC25A,PRKACA
CDC25A,PRKCZ
CDC25A,RAF1
CDC25A,RBL1
CDC25A,RBL2
CDC25A,SALL1
CDC25A,SMAD1
CDC25A,SMAD2
CDC25A,SRC
CDC25A,TGFBR1
CDC25B,FGR
CDC25B,LYN
CDC25C,CAMK2D
CDC25C,CCNA2
CDC25C,CDC25B
CDC25C,CDK2
CDC25C,CDKN1A
CDC25C,FLNA
CDC25C,MAPK14
CDC25C,PIN1
CDC25C,PKN1
CDC25C,TP53
CDC27,FZR1
CDC34,CUL1
CDC34,RAN
CDC34,RBX1
CDC34,RELA
CDC37,FZR1
CDC37,HDAC1
CDC37,HDAC2
CDC42,AKT1
CDC42,IQGAP2
CDC42,PIK3R1
CDC42,PRKCI
CDC42,PRKCZ
CDC42,SRC
CDC42,WASL
CDK2,CDK4
CDK2,CDK7
CDK2,CDKN1A
CDK2,CTNNB1
CDK2,FGR
CDK2,FZR1
CDK2,GIT1
CDK2,HDAC2
CDK2,ID2
CDK2,MCM5
CDK2,MCM7
CDK2,PRKCA
CDK2,PSMC2
CDK2,RBL1
CDK2,SMAD1
CDK2,SMAD2
CDK2,STAT1
CDK2,STAT5A
CDK2,TCF3
CDK2,TGFBR1
CDK4,CDK6
CDK4,CDKN1A
CDK4,CTCF
CDK4,MCM5
CDK4,MCM7
CDK4,PKN2
CDK4,PRKACA
CDK4,RBL1
CDK4,SIN3A
CDK4,SMAD1
CDK4,SMAD2
CDK4,SMAD3
CDK4,SP1
CDK4,TGFB1
CDK4,TGFBR1
CDK6,SMAD1
CDK6,SMAD2
CDK6,SMAD3
CDK6,TGFB1
CDK7,FRAP1
CDK7,FZR1
CDK7,ID2
CDK7,ID3
CDK7,MAPK14
CDK7,RBL1
CDK7,TP53
CDKN1A,FZR1
CDKN1A,HDAC1
CDKN1A,HDAC2
CEACAM1,CRKL
CEACAM1,ERBB2
CEACAM1,STAT5A
CEACAM1,STAT5B
CEBPA,CRKL
CEBPA,KPNA2
CEBPA,SMAD2
CEBPA,SMAD3
CEBPA,STAT1
CEBPA,STAT3
CEBPA,STAT5B
CEBPA,TCF3
CEBPB,ATF3
CEBPB,CCND1
CEBPB,CDK2
CEBPB,FOS
CEBPB,MAPK14
CEBPB,MYB
CEBPB,MYC
CEBPB,NFKB1
CEBPB,RELA
CEBPB,SMAD4
CEBPB,SP1
CEBPB,STAT5A
CHK,AXIN1
CHK,CCNA2
CHK,CCND1
CHK,CDK2
CHK,CDK4
CHK,CDKN1A
CHK,CSNK1A1
CHK,CSNK1D
CHK,CSNK1E
CHK,PRKAR2A
CIAP1,AKT1
CIAP1,CASP3
CIAP1,CASP7
CIAP1,CASP8
CIAP1,CASP9
CIAP1,FADD
CIAP1,NFKB1
CIAP1,RIPK1
CIAP1,TRADD
CIAP1,TRAF2
CIAP1,TRAF3
CIAP1,TRAF6
CIAP2,CASP2
CIAP2,CASP3
CIAP2,CASP7
CIAP2,CASP8
CIAP2,CASP9
CIAP2,FADD
CIAP2,MYB
CIAP2,NFKB1
CIAP2,RELA
CIAP2,RIPK1
CIAP2,TRADD
CIAP2,TRAF2
CIAP2,TRAF3
CIAP2,TRAF6
CIN85,AP2A1
CIN85,AP2B1
CIN85,BCAR1
CIN85,CDC42
CIN85,DAB2
CIN85,EPS15
CIN85,GRB2
CIN85,HGS
CIN85,MET
CIN85,PIK3R1
CIN85,SPRY2
CIN85,SRC
CIN85,TRADD
CIR,HDAC1
CIR,HDAC2
CIR,HDAC6
CIR,MTA2
CIR,NCOR1
CIR,SAP18
CIR,SNW1
CK2A1,APPL2
CK2A1,CTNNB1
CK2A1,DVL1
CK2A1,DVL2
CK2A1,DVL3
CK2A1,FOS
CK2A1,HDAC1
CK2A1,HDAC2
CK2A1,JUN
CK2A1,MTA2
CK2A1,MYC
CK2A1,PLD2
CK2A1,RBBP7
CK2A1,RELA
CK2A1,SIN3A
CK2A2,CDC37
CK2A2,CTNNB1
CK2A2,DVL1
CK2A2,DVL2
CK2A2,DVL3
CK2A2,FOS
CK2A2,HDAC1
CK2A2,JUN
CK2A2,MYC
CK2A2,PIN1
CK2A2,RELA
CK2B,CSNK1A1
CK2B,CSNK1D
CK2B,CSNK1E
CK2B,FAF1
CK2B,MBP
CK2B,MTIF2
CK2B,PRKAR2A
CLCA1,SP1
CLCA1,YY1
CLTC,EPS15
CLTC,HDAC1
CLTC,HDAC2
CLTC,HGS
CLTC,KRT18
CLTC,NUP153
CLTC,PAPOLA
CLTC,SMAD2
CLTC,SMAD3
CLTC,WASL
CNTN1,BCAR1
CNTN1,CASP3
CNTN1,JAG1
COPS3,COPS5
COPS3,EIF4E
COPS3,NRAS
COPS3,PSMD12
COPS3,PSMD4
COPS3,SMAD1
COPS5,PSMD12
COPS5,SMAD2
COPS5,SMAD3
CREB,ATF2
CREB,BRCA1
CREB,CAMK2G
CREB,FOS
CREB,HIPK2
CREB,JUN
CREB,JUND
CREB,PRKACA
CREB,PRKAR2A
CREB,SP1
CREBBP,BRCA1
CREBBP,CTBP1
CREBBP,CTNNB1
CREBBP,E2F5
CREBBP,ETS1
CREBBP,HDAC1
CREBBP,JUN
CREBBP,MAML1
CREBBP,MYB
CREBBP,MYC
CREBBP,NCOA3
CREBBP,NFKB1
CREBBP,RELA
CREBBP,SMAD2
CREBBP,SMAD4
CREBBP,STAT1
CREBBP,STAT3
CREBBP,TP53
CREBBP,YY1
CRK,CSK
CRK,ERBB2
CRK,FGR
CRK,FYN
CRK,GRB2
CRK,JAK1
CRK,LCK
CRK,LYN
CRK,MET
CRK,PTK2
CRK,SRC
CRK,STAT1
CRK,STAT3
CRK,STAT5A
CRKL,CDC42
CRKL,CSK
CRKL,CSNK1E
CRKL,EPOR
CRKL,FGR
CRKL,FYN
CRKL,GIT1
CRKL,GLG1
CRKL,GRB10
CRKL,GRB2
CRKL,GRB7
CRKL,JAK1
CRKL,LCK
CRKL,LYN
CRKL,MET
CRKL,NCK2
CRKL,PIK3R2
CRKL,PPP2CA
CRKL,PRKCA
CRKL,PTK2
CRKL,PTPN12
CRKL,RAC1
CRKL,RAF1
CRKL,SMAD3
CRKL,SOCS3
CRKL,SOCS5
CRKL,SOS1
CRKL,SRC
CRKL,STAT1
CRKL,STAT3
CRKL,STAT5A
CRKL,STAT5B
CRKL,TGFBR1
CRKL,TRAF2
CRKL,VAV3
CRKL,WASL
CRM1,CCNB1
CRM1,CRK
CRM1,CTNNB1
CRM1,HDAC1
CRM1,NFKB1
CRM1,NUP153
CRM1,NUP214
CRM1,RAN
CRM1,RELA
CRM1,STAT1
CRM1,TP53
CSF2RB,ABL1
CSF2RB,BCAR1
CSF2RB,CASP3
CSF2RB,CCNH
CSF2RB,CRKL
CSF2RB,CSK
CSF2RB,FGR
CSF2RB,FYN
CSF2RB,JAK1
CSF2RB,LYN
CSF2RB,PIK3R2
CSF2RB,STAT1
CSF2RB,STAT3
CSF2RB,STAT5A
CSF2RB,STAT5B
CSK,ABL1
CSK,CTBP1
CSK,DAB2
CSK,EPOR
CSK,FGR
CSK,FYN
CSK,GRB10
CSK,GRB2
CSK,HD
CSK,JAK1
CSK,KPNA2
CSK,LCK
CSK,LYN
CSK,MET
CSK,NCK2
CSK,PIK3CD
CSK,PIK3R2
CSK,PLCG1
CSK,PLD2
CSK,PRKAR1A
CSK,PRKCA
CSK,PTK2
CSK,RAF1
CSK,SHC1
CSK,SMAD1
CSK,SMAD2
CSK,SMAD3
CSK,SOCS3
CSK,SRC
CSK,STAT1
CSK,STAT3
CSK,STAT5A
CSK,STAT5B
CSK,TCF3
CSK,TGFBR1
CSNK1D,CSNK1A1
CSNK1D,DVL2
CSNK1D,DVL3
CSNK1D,IKBKAP
CSNK1E,EPS15
CSNK1E,FYN
CSNK1E,IKBKAP
CSNK1E,JUP
CSNK1E,STAT5A
CSNK1E,STAT5B
CTBP1,DAXX
CTBP1,ETS1
CTBP1,HD
CTBP1,HDAC1
CTBP1,MYB
CTBP1,NCOA3
CTBP1,PIK3CD
CTBP1,RELA
CTBP1,SMAD2
CTBP1,SPEN
CTBP1,STAT1
CTBP1,TCF3
CTBP1,ZFHX1B
CTBP2,CDH1
CTBP2,HDAC1
CTBP2,HDAC2
CTCF,SP1
CTNNB1,FYN
CTNNB1,HDAC1
CTNNB1,HDAC2
CTNNB1,JUP
CTNNB1,NOTCH2
CTNNB1,PSEN1
CTNNB1,SMAD1
CTNNB1,SMAD2
CTNNB1,SMAD3
CTNNB1,SMURF2
CTNNB1,TGFBR1
CUL1,AXIN1
CUL1,CDK2
CUL1,CDKN1A
CUL1,COPS5
CUL1,CTNNB1
CUL1,FBXW7
CUL1,FZR1
CUL1,NFKB1
CUL1,PSMD7
CUL1,RBX1
CUL1,SKP1
CUL1,SKP2
CUL1,SMAD3
DAAM1,ARF4
DAB2,FGR
DAB2,FYN
DAB2,LYN
DAB2,PIK3R2
DAB2,SMAD1
DAB2,SMAD2
DAB2,SMAD3
DAB2,SOS1
DAB2,STAT1
DAB2,STAT5A
DAB2,TGFB1
DAB2,WASL
DAP,FADD
DAP,TNIP1
DAXX,FADD
DAXX,HDAC1
DAXX,KPNA2
DAXX,RIPK1
DAXX,SIN3A
DAXX,SMAD2
DAXX,SMAD3
DAXX,SP1
DAXX,STAT1
DAXX,TCF3
DCP1A,CSNK1D
DCP1A,CSNK1E
DCP1A,HSPA8
DCP1A,NCK2
DDEF1,ARF4
DDEF1,CRK
DDEF1,GRB2
DDEF1,PTK2
DDEF1,PXN
DDEF1,SRC
DDX3,CCNA2
DDX3,CCNE1
DDX3,G3BP2
DDX3,SP1
DDX3,TBK1
DLL1,JAG1
DLL1,MFNG
DLL1,NOTCH2
DLL1,PSEN1
DLL1,PSEN2
DNM,ARRB2
DNM,CAV1
DNM,EPS15
DNM,GRB2
DNM,JAG1
DNM,PIAS1
DNM,PIK3R1
DNM,PLCG1
DNM,SP1
DNM,SRC
DOK1,ABL1
DOK1,AXIN1
DOK1,BCAR1
DOK1,CASP3
DOK1,CRKL
DOK1,CSK
DOK1,FGR
DOK1,FYN
DOK1,GRB10
DOK1,LCK
DOK1,LYN
DOK1,NCK2
DOK1,PIK3R2
DOK1,PKN2
DOK1,SOS1
DOK1,SRC
DOK1,STAT5A
DOK1,STAT5B
DOK1,TGFBR1
DOK1,TRAF2
DOK1,WASL
DSP,FOS
DTX1,GIT1
DTX1,RIPK1
DVL1,ARRB2
DVL1,AXIN1
DVL1,CSNK1E
DVL1,CTNNB1
DVL1,CTNND1
DVL1,DVL2
DVL1,DVL3
DVL1,FZD1
DVL1,FZD4
DVL1,FZD5
DVL1,FZD7
DVL1,FZD9
DVL1,LRP6
DVL1,NKD1
DVL1,NOTCH2
DVL1,RAC1
DVL2,CSNK1A1
DVL2,DVL3
DVL2,JUP
DVL3,CSNK1A1
DVL3,JUP
DVL3,SMAD3
DYRK1A,HGS
DYRK1A,JUP
DYRK1A,SMAD1
DYRK1A,SMAD2
DYRK1A,SMAD3
DYRK1A,TGFB1
E2F5,BRCA1
E2F5,CCNA2
E2F5,E2F4
E2F5,SMARCA4
E2F5,TP53
E3B1,ABL1
E3B1,AKT1
E3B1,CDC42
E3B1,CRK
E3B1,EPS8
E3B1,FGR
E3B1,LYN
E3B1,MYC
E3B1,RAC1
E3B1,SOS1
E3B1,SRC
E3B1,WASL
EBP1,ERBB2
EBP1,HDAC2
EBP1,KPNA3
EBP1,PRKCA
EBP1,RPL30
EBP1,RPL4
EBP1,RPL8
EBP1,SIN3A
EF1A,BAD
EF1A,UBE3A
EGF,ERBB2
EGF,GRB7
EGF,RAF1
EGF,SOS1
EGF,WASL
EGFR,ABL1
EGFR,CAV1
EGFR,CRK
EGFR,CRKL
EGFR,CSK
EGFR,EPOR
EGFR,ERBB2
EGFR,FGR
EGFR,FYN
EGFR,GRB10
EGFR,GRB2
EGFR,GRB7
EGFR,HGS
EGFR,JAK1
EGFR,JUP
EGFR,LCK
EGFR,LYN
EGFR,MET
EGFR,NCK2
EGFR,PIK3R2
EGFR,PLCG1
EGFR,PRKCI
EGFR,PRKCZ
EGFR,PTK2
EGFR,SHC1
EGFR,SOCS3
EGFR,SOS1
EGFR,SRC
EGFR,STAT1
EGFR,STAT3
EGFR,STAT5A
EGFR,STAT5B
EGFR,WASL
EIF3S2,PPP2CA
EIF3S2,PSMD1
EIF3S2,SMARCA4
EIF4E,FBL
EIF4E,G3BP2
ELK1,JUN
ELK1,JUNB
ELK1,JUND
ELK1,KPNA2
ELK1,RAF1
ELK1,SMAD2
ELK1,SMAD3
ELK1,STAT1
ELK1,STAT5A
ELK1,TCF3
ELK3,CCNB1
ELK3,CCND1
ELK3,CCNE1
ELK3,CCNH
ELK3,CEBPA
ELK3,FOS
ELK3,JUN
ELK3,JUNB
ELK3,JUND
ELK3,PCAF
ELK3,RBL1
ELK3,RBL2
ELK3,SMARCA4
ELK4,MTA2
ENG,CD44
ENG,SMAD1
ENG,SMAD2
ENG,SMAD4
ENG,SP1
ENG,TGFB1
ENG,TGFBR1
ENG,TGFBR2
EPOR,ABL1
EPOR,FGR
EPOR,FYN
EPOR,GRB2
EPOR,JAK1
EPOR,LCK
EPOR,LYN
EPOR,PIK3R2
EPOR,RAF1
EPOR,SOS1
EPOR,SRC
EPOR,STAT1
EPOR,STAT3
EPOR,STAT5A
EPOR,STAT5B
EPOR,WASL
EPS8,SMAD2
EPS15,ERBB2
EPS15,GRB2
EPS15,HGS
EPS15,RPL8
EPS15R,AP2A1
EPS15R,AP2B1
EPS15R,CLTC
EPS15R,EPS15
EPS15R,HGS
EPS15R,NUMB
EPS15R,SPRY2
EPS15R,SRC
ERBB2,ABL1
ERBB2,FGR
ERBB2,FYN
ERBB2,GRB10
ERBB2,GRB2
ERBB2,GRB7
ERBB2,HGS
ERBB2,KRT18
ERBB2,KRT8
ERBB2,LCK
ERBB2,LYN
ERBB2,MET
ERBB2,NCK2
ERBB2,PIK3R2
ERBB2,PLCG1
ERBB2,PLD2
ERBB2,PLSCR1
ERBB2,PRKCA
ERBB2,PTK2
ERBB2,RIPK1
ERBB2,SHC1
ERBB2,SOCS3
ERBB2,SOS1
ERBB2,SRC
ERBB2,STAT1
ERBB2,STAT3
ERBB2,STAT5A
ERBB2,STAT5B
ERBB2,VAV3
ERBB2,WASL
ERK1,AKT1
ERK1,ARRB2
ERK1,ATF3
ERK1,AXIN1
ERK1,BAD
ERK1,BRCA1
ERK1,CASP9
ERK1,CCNE1
ERK1,CD44
ERK1,CDC25A
ERK1,CDK2
ERK1,CDK4
ERK1,CEBPA
ERK1,COPS3
ERK1,CRKL
ERK1,CSK
ERK1,CTNNB1
ERK1,DYRK1A
ERK1,EPOR
ERK1,ETS1
ERK1,FOS
ERK1,FYN
ERK1,GRB10
ERK1,HDAC1
ERK1,HGS
ERK1,HSPA8
ERK1,ID2
ERK1,JAK1
ERK1,JUN
ERK1,JUNB
ERK1,KRT18
ERK1,LCK
ERK1,LYN
ERK1,MEF2A
ERK1,NCK2
ERK1,NCOA3
ERK1,NFYA
ERK1,NRAS
ERK1,NUP153
ERK1,NUP214
ERK1,PCAF
ERK1,PIK3R2
ERK1,PKN2
ERK1,PLCG2
ERK1,PPP2CA
ERK1,PRKACA
ERK1,PRKCA
ERK1,PRKCI
ERK1,PRKCZ
ERK1,RAF1
ERK1,RAN
ERK1,RBL1
ERK1,RBL2
ERK1,RELA
ERK1,RIPK1
ERK1,SF1
ERK1,SHC1
ERK1,SMAD2
ERK1,SMAD3
ERK1,SMAD4
ERK1,SMARCA4
ERK1,SP1
ERK1,SRC
ERK1,STAT1
ERK1,STAT3
ERK1,STAT5A
ERK1,STAT5B
ERK1,SVIL
ERK1,TCF8
ERK1,TGFBR1
ERK1,TP53
ERK1,WASL
ERK2,AKT1
ERK2,CDK2
ERK2,CRKL
ERK2,EPOR
ERK2,FGR
ERK2,FYN
ERK2,GRB2
ERK2,HDAC1
ERK2,JAK1
ERK2,JUN
ERK2,JUNB
ERK2,NRAS
ERK2,NUP214
ERK2,PRKCI
ERK2,PSMD4
ERK2,RAF1
ERK2,SMAD1
ERK2,SMAD2
ERK2,SMAD3
ERK2,SOS1
ERK2,STAT1
ERK2,STAT3
ERK2,STAT5A
ERK2,STAT5B
ERK2,SVIL
ERK2,TGFBR1
ERK2,TP53
ERK5,ABL1
ERK5,ATF2
ERK5,CCND1
ERK5,CDC25C
ERK5,CDC42
ERK5,CTNNB1
ERK5,FOS
ERK5,JUN
ERK5,MAPK14
ERK5,MEF2A
ERK5,PPP2CA
ERM,CCND1
ERM,CCNE1
ERM,PKN1
ERM,PRKACA
ERM,PRKCA
ERM,PRKCZ
ERM,RBL1
ERT,EPS15
ERT,ERBB2
ERT,JAK1
ERT,JUN
ERT,MYC
ERT,NFKB1
ESR1,CDK4
ESR1,CDK7
ESR1,ERBB2
ESR1,FOS
ESR1,HDAC1
ESR1,JUN
ESR1,KPNA2
ESR1,LAMR1
ESR1,RAF1
ESR1,RELA
ESR1,SMAD1
ESR1,SMAD2
ESR1,SMAD3
ESR1,STAT1
ESR1,STAT5A
ESR1,TCF3
ETS1,FOS
ETS1,HDAC1
ETS1,JUN
ETS1,JUNB
ETS1,JUND
ETS1,KPNA2
ETS1,RAF1
ETS1,RBL2
ETS1,SMAD1
ETS1,SMAD2
ETS1,SMAD3
ETS1,STAT1
ETS1,STAT3
ETS1,STAT5A
ETS1,TCF3
ETS1,TGFBR1
FADD,FYN
FADD,HSPA8
FADD,KRT18
FADD,NFKB2
FADD,PSMD12
FADD,RIPK1
FADD,STAT3
FADD,STAT5A
FADD,STAT5B
FADD,TGFBR1
FADD,TRADD
FAF1,HDAC1
FAF1,HDAC2
FAF1,TRADD
FANCD2,NCOA3
FANCD2,TP53
FBL,ITGB4BP
FBL,POLR1A
FBL,PRMT1
FBL,PSMD3
FBXW7,RBX1
FGR,ABL1
FGR,CASP8
FGR,CDC42
FGR,FYN
FGR,GIT1
FGR,GJA1
FGR,GRB10
FGR,GRB2
FGR,JAK1
FGR,LCK
FGR,LYN
FGR,MET
FGR,NCK2
FGR,PIK3R2
FGR,PLCG1
FGR,PLD2
FGR,PRKCA
FGR,PTK2
FGR,PTPN12
FGR,RAC1
FGR,SHC1
FGR,SOCS3
FGR,SOCS5
FGR,SRC
FGR,STAT1
FGR,STAT3
FGR,STAT5A
FGR,STAT5B
FGR,VAV2
FGR,WASL
FHL2,BRCA1
FHL2,CCND1
FHL2,CDH1
FHL2,CTNNB1
FHL2,HIPK2
FHL2,NFKB1
FHL2,PSEN2
FHL2,PTK2
FHL2,SMAD2
FHL2,SMAD3
FHL2,SMAD4
FHL2,TP53
FHL2,TRAF6
FKBP12,CCNB1
FKBP12,FYN
FKBP12,JUN
FKBP12,PSEN1
FKBP12,RAF1
FKBP12,SMAD2
FKBP12,STAT5A
FKBP51,CDC25A
FKBP51,EIF3S2
FKBP51,FZR1
FKBP51,SMAD3
FKBP51,TGFBR1
FLIP,CASP2
FLIP,CASP8
FLIP,CASP9
FLIP,CDK7
FLIP,DSP
FLIP,FADD
FLIP,FAF1
FLIP,FYN
FLIP,NFKB2
FLIP,NOTCH2
FLIP,NRAS
FLIP,PSEN1
FLIP,PSMD12
FLIP,RIPK1
FLIP,STUB1
FLIP,SVIL
FLIP,TGFB1
FLIP,TRADD
FLIP,TRAF2
FLIP,TRAF5
FLNA,FYN
FLNA,LCK
FLNA,NOTCH2
FOS,HDAC1
FOS,HDAC2
FOS,JUN
FOS,JUNB
FOS,JUND
FOS,MYB
FOS,NCOA3
FOS,NFYA
FOS,PRKCA
FOS,RAF1
FOS,RELA
FOS,RIPK1
FOS,SALL1
FOS,SMAD1
FOS,SMAD2
FOS,SMAD3
FOS,SMAD4
FOS,SP1
FOS,STAT1
FOS,STAT3
FOS,STAT5A
FOS,STAT5B
FOS,ZFHX1B
FOSB,ATF3
FOSB,FOS
FOSB,JUN
FOSB,JUNB
FOSB,JUND
FOXG1B,CDKN1A
FOXG1B,FZD4
FOXG1B,HDAC1
FOXG1B,SMAD1
FOXG1B,SMAD2
FOXG1B,SMAD3
FOXG1B,SMAD4
FOXG1B,TLE1
FOXH1,CCNE1
FOXH1,RBL1
FOXH1,SMAD1
FOXH1,SMARCC2
FOXH1,TGIF
FOXO1A,KPNA2
FOXO1A,PIAS1
FOXO1A,SMAD1
FOXO1A,SMAD2
FOXO1A,SMAD3
FOXO1A,STAT1
FOXO1A,TCF3
FOXO1A,ZFHX1B
FOXO3A,CCNB1
FOXO3A,CCNB2
FOXO3A,CDK2
FOXO3A,JUP
FOXO3A,PCAF
FOXO3A,RAN
FOXO3A,SMAD1
FOXO3A,SMAD2
FOXO3A,SMAD3
FOXO3A,ZFHX1B
FOXO4,CDK2
FOXO4,RAN
FOXO4,SMAD1
FOXO4,SMAD2
FOXO4,ZFHX1B
FRAT1,ARRB2
FRP2,FZD9
FYN,CDC42
FYN,FES
FYN,GJA1
FYN,GRB10
FYN,GRB2
FYN,GRB7
FYN,HD
FYN,HSPA8
FYN,JAK1
FYN,KRT18
FYN,LCK
FYN,LYN
FYN,MEF2A
FYN,MET
FYN,NCK2
FYN,NRAS
FYN,PIK3CB
FYN,PIK3R2
FYN,PKN1
FYN,PKN2
FYN,PLCG1
FYN,PPP2CA
FYN,PRKCA
FYN,PRKCD
FYN,PRKCZ
FYN,PSEN1
FYN,PSEN2
FYN,PTK2
FYN,PTPN12
FYN,RAC1
FYN,RAF1
FYN,RELA
FYN,RPL8
FYN,SHC1
FYN,SOCS3
FYN,SOCS5
FYN,SOS1
FYN,SRC
FYN,STAT1
FYN,STAT3
FYN,STAT5A
FYN,STAT5B
FYN,TGFB1
FYN,TGFBR2
FYN,VIM
FYN,WASL
FZR1,CDC25C
FZR1,ID3
FZR1,SALL1
G3BP2,RELA
G3BP2,RPL8
GAB1,BCAR1
GAB1,CRKL
GAB1,ERBB2
GAB1,FYN
GAB1,GRB2
GAB1,JUN
GAB1,KPNA2
GAB1,NCK2
GAB1,PIK3R2
GAB1,RAF1
GAB1,SMAD2
GAB1,SMAD3
GAB1,SOS1
GAB1,STAT1
GAB1,STAT5A
GAB1,STAT5B
GAB1,TCF3
GAB1,WASL
GAB2,GRB2
GAB2,PRKCA
GAB2,RELA
GAB2,SMAD3
GAB2,TGFBR1
GAP,ABL1
GAP,BCAR1
GAP,CAV1
GAP,CRKL
GAP,CSK
GAP,EPOR
GAP,ERBB2
GAP,FGR
GAP,FYN
GAP,GRB10
GAP,GRB2
GAP,GRB7
GAP,JAK1
GAP,LCK
GAP,LYN
GAP,MET
GAP,NCK2
GAP,PIK3R2
GAP,PSEN1
GAP,PTK2
GAP,SOCS3
GAP,SOS1
GAP,SRC
GAP,STAT1
GAP,STAT3
GAP,STAT5A
GAP,STAT5B
GAP,WASL
GAPDH,APP
GAPDH,MYC
GAPDH,PLD2
GAS1,HIP1
GAS1,MYC
GAS1,RAB23
GAS1,STAT5A
GIPC,AKT1
GIPC,CLTC
GIPC,DAB2
GIPC,FZD1
GIPC,ITGA6
GIPC,PRKCA
GIPC,RAC1
GIPC,TGFBR3
GIT1,GRB2
GIT1,KPNB1
GIT1,MCM7
GIT1,NUP153
GJA1,LYN
GJA1,RAF1
GJA1,STAT5A
GLG1,WASL
GP130,ERBB2
GP130,FYN
GP130,JAK1
GP130,LYN
GP130,NRAS
GP130,STAT1
GP130,STAT5A
GP130,STAT5B
GRAP,ABL1
GRAP,BCAR1
GRAP,CD44
GRAP,CDC2
GRAP,CRKL
GRAP,CSK
GRAP,CSNK1E
GRAP,EPOR
GRAP,EPS15
GRAP,FYN
GRAP,GRB10
GRAP,GRB2
GRAP,GRB7
GRAP,IQGAP2
GRAP,JUP
GRAP,LCK
GRAP,LYN
GRAP,MET
GRAP,NCK2
GRAP,PIK3R2
GRAP,PLD2
GRAP,PRKCA
GRAP,PRKCZ
GRAP,PTK2
GRAP,RAF1
GRAP,RPL6
GRAP,SOCS5
GRAP,SOS1
GRAP,SRC
GRAP,STAT1
GRAP,STAT5A
GRAP,STAT5B
GRAP,TBK1
GRAP,WASL
GRB2,CDC42
GRB2,GRB10
GRB2,GRB7
GRB2,JAK1
GRB2,JUP
GRB2,LCK
GRB2,LYN
GRB2,MET
GRB2,NCK2
GRB2,PIK3R2
GRB2,PLCG1
GRB2,PRKCA
GRB2,PRKCI
GRB2,PTK2
GRB2,PTPN12
GRB2,RAC1
GRB2,RAF1
GRB2,RANBP9
GRB2,RELA
GRB2,SHC1
GRB2,SOCS3
GRB2,SOS1
GRB2,SRC
GRB2,STAT1
GRB2,STAT3
GRB2,STAT5A
GRB2,STAT5B
GRB2,TBK1
GRB2,WASL
GRB7,NCK2
GRB7,PIK3R2
GRB7,SOCS3
GRB7,SOS1
GRB7,STAT1
GRB7,STAT5A
GRB7,STAT5B
GRB7,WASL
GRB10,ABL1
GRB10,JAK1
GRB10,LCK
GRB10,LYN
GRB10,MET
GRB10,NCK2
GRB10,NRAS
GRB10,PIK3R2
GRB10,PTK2
GRB10,RAF1
GRB10,SOCS3
GRB10,SRC
GRB10,STAT1
GRB10,STAT3
GRB10,STAT5A
GRB10,STAT5B
GRB14,CRKL
GRB14,ERBB2
GRB14,FYN
GRB14,GRB2
GRB14,GRB7
GRB14,NCK2
GRB14,PIK3R2
GRB14,SOCS3
GRB14,STAT1
GRB14,STAT5A
GRB14,STAT5B
GRIM19,STAT3
GTFII-I,FOS
GTFII-I,HDAC1
GTFII-I,HDAC2
GTFII-I,MYC
GTFII-I,SMAD2
GTFII-I,SP1
GTFII-I,SRC
GTFII-I,STAT1
GTFII-I,STAT3
GTFII-I,YY1
HAT1,RBBP7
HBO1,E2F4
HBO1,ELK1
HBO1,HDAC6
HBO1,SMARCA4
HCK,ABL1
HCK,ARRB2
HCK,CAV1
HCK,CDC42
HCK,CRK
HCK,CRKL
HCK,CSK
HCK,FGR
HCK,FOS
HCK,FYN
HCK,GIT1
HCK,GLG1
HCK,GRB10
HCK,GRB2
HCK,JAK1
HCK,LCK
HCK,LYN
HCK,MET
HCK,NCK2
HCK,PIK3R2
HCK,PLCG1
HCK,PLD2
HCK,PTK2
HCK,PTPN12
HCK,RAC1
HCK,SHC1
HCK,SOCS3
HCK,SOS1
HCK,SRC
HCK,STAT1
HCK,STAT3
HCK,STAT5A
HCK,STAT5B
HCK,TRAF2
HCK,WASL
HD,HDAC1
HD,KPNA2
HD,PSEN1
HD,SMAD2
HD,SMAD3
HD,SOS1
HD,STAT1
HD,TCF3
HD,WASL
HDAC1,HDAC2
HDAC1,HDAC6
HDAC1,JUN
HDAC1,KPNA2
HDAC1,MTA2
HDAC1,MYB
HDAC1,NCOR1
HDAC1,NFYA
HDAC1,PAPOLA
HDAC1,RBL1
HDAC1,RELA
HDAC1,SIN3A
HDAC1,SMAD2
HDAC1,SMAD3
HDAC1,SMAD4
HDAC1,SMARCE1
HDAC1,SP1
HDAC1,SPEN
HDAC1,STAT1
HDAC1,STAT5A
HDAC1,STAT5B
HDAC1,TCF3
HDAC1,TP53
HDAC1,YY1
HDAC2,JUN
HDAC2,MAPK14
HDAC2,MCM5
HDAC2,MCM7
HDAC2,MTA2
HDAC2,MYB
HDAC2,RELA
HDAC2,SALL1
HDAC2,SIN3A
HDAC2,SMAD2
HDAC2,SP1
HDAC2,STAT1
HDAC2,STAT5A
HDAC2,STAT5B
HDAC2,TP53
HDAC6,ITGB4BP
HERP1,CASP2
HERP1,CASP8
HERP1,CASP9
HERP1,DAXX
HERP1,FADD
HERP1,GRB10
HERP1,NFKB1
HERP1,RIPK1
HERP1,TP53
HERP1,TRADD
HERP1,TRAF2
HES1,CCNB1
HES1,ELK1
HES1,FYN
HES1,ID1
HES1,ID2
HES1,ID3
HES1,JUN
HES1,JUNB
HES1,LYN
HES1,MYC
HES1,NCOA3
HES1,STAT1
HES1,STAT5A
HES1,STAT5B
HES1,TCF12
HES1,TCF3
HES5,CAMK2D
HES5,ID2
HES5,ID3
HES5,JAG1
HES5,NOTCH2
HES5,PSEN1
HES5,STAT3
HES6,ID1
HES6,ID2
HES6,ID3
HES6,MYC
HES6,NCOA3
HES6,TCF3
HGS,JAK1
HGS,KPNB1
HGS,MYB
HGS,PLCG2
HGS,PRKACA
HGS,RAN
HGS,SMAD1
HGS,SMAD2
HGS,SMAD3
HGS,SMURF2
HGS,SNRPD2
HGS,SVIL
HGS,TGFBR1
HGS,ZFHX1B
HIP1,ABL1
HIP1,CLTC
HIP1,CRK
HIP1,EPS15
HIP1,SRC
HIP1,WASL
HIPK2,SMAD2
HIPK2,SMAD3
HIPK2,SUMO2
HIPK2,TGFBR1
HIVEP3,FHL1
HIVEP3,GRB10
HIVEP3,JUN
HIVEP3,NFKB2
HIVEP3,TRAF2
HRAS,NRAS
HRAS,PIK3CB
HSP90A,ANAPC5
HSP90A,CDC37
HSP90A,COPS3
HSP90A,CSK
HSP90A,HDAC1
HSP90A,HDAC2
HSP90A,HSPA8
HSP90A,MAPK14
HSP90A,NRAS
HSP90A,NUP153
HSP90A,PRKCZ
HSP90A,RELA
HSP90A,SMAD4
HSP90A,STAT1
HSP90A,STAT5A
HSP90A,STAT5B
HSP90A,STUB1
HSP90A,SUMO1
HSP90A,SUMO2
HSP90B,AP2B1
HSP90B,HSPA8
HSP90B,KPNA6
HSP90B,MAPK14
HSP90B,NUP153
HSP90B,RUVBL1
HSP90B,SUMO1
HSPA8,CLTC
HSPA8,LYN
HSPA8,NUP153
HSPA8,PRKCI
HSPA8,RAF1
HSPA8,RAN
HSPA8,STAT1
HSPA8,STAT5A
HSPA8,STAT5B
HSPA8,STUB1
HSPA8,WASL
ICAT,AXIN1
ICAT,CTNNB1
ID1,ID2
ID1,ID3
ID1,TCF3
ID2,ID3
ID2,MYC
ID2,NCOA3
ID2,TCF3
ID3,MYC
ID3,NCOA3
ID3,TCF12
ID3,TCF3
ID4,ID1
ID4,ID3
ID4,TCF12
ID4,TCF3
IDAX,CSK
IDAX,FYN
IDAX,JUN
IDAX,LCK
IDAX,SHC1
IHH,FADD
IHH,LRP1
IHH,NOTCH2
IHH,PSEN1
IHH,PSEN2
IHH,RELA
IKBA,BCAR1
IKBA,BRCA1
IKBA,CASP3
IKBA,FAF1
IKBA,FOS
IKBA,FYN
IKBA,HDAC1
IKBA,HDAC2
IKBA,JUN
IKBA,KPNA2
IKBA,PCAF
IKBA,PPP2CA
IKBA,PRKACA
IKBA,PRKCZ
IKBA,RELA
IKBA,SP1
IKBA,STAT1
IKBA,STAT3
IKBA,STAT5A
IKBA,STAT5B
IKBKAP,CSNK1A1
IKBKG,CSK
IKBKG,CTBP1
IKBKG,KPNA2
IKBKG,RELA
IKBKG,SMAD2
IKBKG,SMAD3
IKBKG,STAT1
IKBKG,TCF3
IKKB,CSK
IKKB,CTBP1
IKKB,KPNA2
IKKB,RELA
IKKB,SMAD2
IKKB,SMAD3
IKKB,STAT1
IKKB,TCF3
IKKE,AKT1
IKKE,CDC37
IKKE,HSPA8
IKKE,NCK2
IKKE,RAF1
IKKE,RIPK1
IKKE,SRC
IKKE,STUB1
IKKE,TBK1
IQGAP2,PSMD4
IQGAP2,RELA
IQGAP2,TCF3
ITGB4,BCAR1
ITGB4,CASP3
ITGB4,CSK
ITGB4,SOS1
ITGB4,WASL
ITGB4BP,POLR1B
ITGB4BP,RPL4
ITGB4BP,RPL8
ITGB4BP,WDR12
ITRAF,NFKB1
ITRAF,TBK1
ITRAF,TRADD
ITRAF,TRAF2
ITRAF,TRAF3
ITRAF,TRAF5
ITRAF,TRAF6
JAG1,MFNG
JAG1,NOTCH2
JAG1,PSEN1
JAG1,PSEN2
JAG2,CASP3
JAG2,JAG1
JAG2,NOTCH2
JAG2,PSEN1
JAG2,PSEN2
JAK1,ABL1
JAK1,LCK
JAK1,LYN
JAK1,MET
JAK1,NCK2
JAK1,NRAS
JAK1,PIK3R2
JAK1,PLCG1
JAK1,PTK2
JAK1,PTPN12
JAK1,SHC1
JAK1,SOCS3
JAK1,SOS1
JAK1,SRC
JAK1,STAT1
JAK1,STAT3
JAK1,STAT5A
JAK1,STAT5B
JAK1,WASL
JAK2,ABL1
JAK2,AKT1
JAK2,APP
JAK2,BCAR1
JAK2,BRCA1
JAK2,CAMK2D
JAK2,CASP3
JAK2,CASP7
JAK2,CASP8
JAK2,CAV1
JAK2,CD44
JAK2,CDC2
JAK2,CEACAM1
JAK2,CEBPA
JAK2,CRK
JAK2,CRKL
JAK2,CSK
JAK2,CTNNB1
JAK2,EPOR
JAK2,EPS15
JAK2,ERBB2
JAK2,ETS1
JAK2,FADD
JAK2,FGR
JAK2,FOS
JAK2,FYN
JAK2,GRB10
JAK2,GRB2
JAK2,GRB7
JAK2,HGS
JAK2,IQGAP2
JAK2,JAK1
JAK2,JUN
JAK2,JUP
JAK2,LCK
JAK2,LYN
JAK2,MYB
JAK2,NCK2
JAK2,NRAS
JAK2,NUP153
JAK2,PAPOLA
JAK2,PIK3CB
JAK2,PIK3R2
JAK2,PLCG1
JAK2,PLCG2
JAK2,PLD2
JAK2,PPP2CA
JAK2,PRKACA
JAK2,PRKCA
JAK2,PRKCI
JAK2,PRKCZ
JAK2,PTK2
JAK2,PTPN12
JAK2,RAF1
JAK2,RELA
JAK2,SHC1
JAK2,SNX2
JAK2,SOCS3
JAK2,SOS1
JAK2,SRC
JAK2,STAT1
JAK2,STAT3
JAK2,STAT5A
JAK2,STAT5B
JAK2,TGFB1
JAK2,TGFBR1
JAK2,TRADD
JAK2,VAV3
JAK2,WASL
JNK1,FOS
JNK1,JUN
JNK1,RAF1
JNK1,SMAD1
JNK1,SMAD2
JNK1,SMAD3
JNK1,STAT1
JNK1,STAT5A
JNK1,STAT5B
JNK1,TGFBR1
JNKK2,CASP2
JNKK2,CASP8
JNKK2,CDC42
JNKK2,FADD
JNKK2,FYN
JNKK2,JUN
JNKK2,RAC1
JNKK2,RIPK1
JNKK2,TRADD
JUN,JUNB
JUN,JUND
JUN,KPNA2
JUN,LCK
JUN,LYN
JUN,NRAS
JUN,PRKACA
JUN,PRKCZ
JUN,RAF1
JUN,RELA
JUN,SMAD1
JUN,SMAD2
JUN,SMAD3
JUN,STAT1
JUN,STAT3
JUN,STAT5A
JUN,STAT5B
JUN,TCF3
JUN,TGFBR1
JUN,TP53
JUNB,JUND
JUNB,PRKACA
JUNB,RELA
JUNB,SMAD1
JUNB,SMAD2
JUNB,SMAD3
JUNB,STAT1
JUNB,TGFBR1
JUNB,ZFHX1B
JUND,RAF1
JUND,SMAD1
JUND,SMAD2
JUND,STAT5A
JUND,TGFBR1
JUND,ZFHX1B
JUP,CSNK1A1
JUP,PPP2CA
JUP,PRKACA
JUP,PSEN1
JUP,SMAD3
KIT,ABL1
KIT,BCAR1
KIT,BRCA1
KIT,CASP3
KIT,CASP8
KIT,CAV1
KIT,CD44
KIT,CDC2
KIT,CEBPA
KIT,CRK
KIT,CRKL
KIT,CSK
KIT,CTNNB1
KIT,EPOR
KIT,EPS15
KIT,ERBB2
KIT,FES
KIT,FGR
KIT,FYN
KIT,GRB10
KIT,GRB2
KIT,IQGAP2
KIT,JAK1
KIT,JUP
KIT,LCK
KIT,LYN
KIT,NCK2
KIT,PIK3CB
KIT,PIK3R2
KIT,PLCG1
KIT,PLD2
KIT,PPP2CA
KIT,PRKCZ
KIT,PTK2
KIT,RAF1
KIT,SHC1
KIT,SNX2
KIT,SOCS3
KIT,SOS1
KIT,SRC
KIT,STAT1
KIT,STAT3
KIT,STAT5A
KIT,STAT5B
KIT,TGFBR1
KIT,WASL
KPNA2,KPNA6
KPNA2,KPNB1
KPNA2,MYB
KPNA2,NCOA3
KPNA2,NUP153
KPNA2,PCAF
KPNA2,PIK3CD
KPNA2,RAN
KPNA2,RELA
KPNA2,SMAD2
KPNA2,SMAD3
KPNA2,SMAD4
KPNA2,SPEN
KPNA2,STAT1
KPNA2,TCF3
KPNA2,TP53
KPNA3,KPNA6
KPNA3,RAN
KPNA6,AP2B1
KPNA6,KPNB1
KPNA6,PRKAR2A
KPNA6,RAN
KPNA6,SIN3A
KPNA6,STAT5A
KPNA6,STAT5B
KPNA6,TP53
KPNB1,ABL1
KPNB1,LAMR1
KPNB1,NUP153
KPNB1,PRKAR2A
KPNB1,RAN
KPNB1,RPL4
KPNB1,SMAD2
KPNB1,SMARCC2
KPNB1,STAT1
KPNB1,STAT5A
KPNB1,TRAF2
KRT7,KRT18
KRT7,KTN1
KRT8,KRT18
KRT8,RAF1
KRT17,KRT18
KRT17,KRT7
KRT18,NRAS
KRT18,RAF1
KRT18,RIPK1
LAMR1,NCOA3
LAMR1,PIK3CB
LAMR1,PSMC2
LAMR1,RAN
LAMR1,RPL4
LAMR1,RPL8
LAMR1,SMAD3
LAMR1,TP53
LCK,ABL1
LCK,LYN
LCK,MET
LCK,NCK2
LCK,NRAS
LCK,PIK3R2
LCK,PLCG1
LCK,PLCG2
LCK,PTK2
LCK,RAF1
LCK,SHC1
LCK,SMAD2
LCK,SOCS3
LCK,SOS1
LCK,SRC
LCK,STAT1
LCK,STAT3
LCK,STAT5A
LCK,STAT5B
LCK,VAV2
LEF1,CTNNB1
LEF1,SMAD1
LEF1,SMAD2
LEF1,SMAD3
LEF1,ZFHX1B
LFNG,JAG1
LFNG,NOTCH2
LIP1,FADD
LIP1,GIT1
LIP1,PPP2CA
LYN,ABL1
LYN,MET
LYN,NCK2
LYN,PIK3CD
LYN,PIK3R2
LYN,PLCG1
LYN,PLD2
LYN,PRKCA
LYN,PSEN1
LYN,PTK2
LYN,PTPN12
LYN,RAF1
LYN,SHC1
LYN,SMAD2
LYN,SOCS3
LYN,SOCS5
LYN,SRC
LYN,STAT1
LYN,STAT3
LYN,STAT5A
LYN,STAT5B
LYN,TGFB1
LYN,TGFBR2
LYN,VAV2
LYN,VAV3
MAGI3,FZD4
MAGI3,FZD7
MAGI3,NKD1
MAGI3,NLK
MAIL,NFKB1
MAIL,NFKB2
MAIL,RELA
MAIL,TRAF6
MAML1,CCND1
MAML1,CTNNB1
MAML1,NOTCH2
MAML1,PIAS1
MAML1,SENP1
MAML1,SNW1
MAML1,TP53
MAML2,MAML1
MAML2,NOTCH2
MAML2,SNW1
MAML3,JAG1
MAML3,MAML1
MAML3,NOTCH2
MAML3,PIAS1
MAML3,SENP1
MAML3,SNW1
MAP1B,PLD2
MAP2K6,FOS
MAP3K4,AXIN1
MAP3K4,CDC42
MAP3K4,DVL1
MAP3K4,FLNA
MAP3K4,JUN
MAP3K4,MFNG
MAP3K4,PRKCA
MAP3K4,PRKCD
MAP3K4,RAC1
MAP3K4,TRAF4
MAPK14,ATF2
MAPK14,CDC25B
MAPK14,CDC42
MAPK14,ELK1
MAPK14,JUN
MAPK14,KRT8
MAPK14,MEF2A
MAPK14,NCOA3
MAPK14,NFKB1
MAPK14,RAC1
MAPK14,RELA
MAPK14,SHC1
MAPK14,SMAD3
MAPK14,STAT1
MAPK14,STAT3
MAPK14,TAB1
MAPK14,TAB2
MAPK14,TP53
MAPK14,TRAF6
MBP,CDC42
MBP,MBP
MBP,NRAS
MBP,RAC1
MCC,TP53
MCM5,MCM7
MCM5,SMAD2
MCM5,STAT1
MCM5,TFDP1
MCM7,TFDP1
MCM7,TRAF2
MDM2,ABL1
MDM2,AKT1
MDM2,ARRB2
MDM2,CCNA2
MDM2,CDK2
MDM2,CDKN1A
MDM2,HDAC1
MDM2,NUMB
MDM2,PIAS1
MDM2,SUMO1
MDM2,TP53
MDM2,YY1
MEF2A,SMAD3
MEF2C,CASP3
MEF2C,HD
MEF2C,MEF2A
MEF2C,NUP214
MEF2C,SMAD3
MEK1,AKT1
MEK1,CDC42
MEK1,MAPK14
MEK1,PRKCZ
MEK1,RAF1
MEK1,SMAD2
MEK1,SMAD3
MEK2,MAPK14
MEK3,ATF2
MEK3,JUN
MEK3,MAPK14
MEK3,NFKB1
MEK3,PKN1
MEK3,RAC1
MEK3,RIPK1
MEK3,TAB1
MEK3,TAB2
MEK3,TP53
MEK3,TRADD
MEK3,TRAF6
MEK5,BAD
MEK5,FOS
MEK5,JUN
MEK5,MEF2A
MEK5,PRKCI
MEK5,PRKCZ
MEK5,STAT3
MEKK1,ATF2
MEKK1,AXIN1
MEKK1,CASP3
MEKK1,CDC42
MEKK1,CRK
MEKK1,CRKL
MEKK1,FADD
MEKK1,GRB2
MEKK1,JUN
MEKK1,JUNB
MEKK1,MAPK14
MEKK1,NFKB1
MEKK1,RAC1
MEKK1,RELA
MEKK1,RHOA
MEKK1,RIPK1
MEKK1,SMAD2
MEKK1,TRADD
MEKK1,TRAF2
MEKK1,TRAF3
MEKK1,TRAF6
MEKK2,MMP7
MEKK3,CCND1
MEKK3,GRB2
MEKK3,HRAS
MEKK3,MAPK14
MEKK3,NFKB1
MEKK3,NRAS
MEKK3,PRKCA
MEKK3,PRKCD
MEKK3,RAC1
MEKK3,RHOA
MEKK3,RIPK1
MEKK3,TAB1
MEKK3,TAB2
MEKK3,TRADD
MEKK3,TRAF6
MEKK3,WNK1
MET,ABL1
MET,NCK2
MET,PIK3R2
MET,PLCG1
MET,PLCG2
MET,RAN
MET,SHC1
MET,SOCS3
MET,SOS1
MET,SRC
MET,STAT1
MET,STAT3
MET,STAT5A
MET,STAT5B
MET,VAV2
MET,WASL
MFNG,NOTCH2
MIG6,RPL30
MIG6,RPL4
MIG6,RPL6
MIG6,RPL8
MIG6,RPS11
MIG6,UXT
MITF,ID2
MITF,ID3
MITF,MYC
MITF,NCOA3
MIZ1,CCND1
MIZ1,CDKN1A
MIZ1,ITGA6
MIZ1,MYC
MIZ1,NFYA
MIZ1,SHC1
MIZ1,SMAD2
MIZ1,SMAD4
MIZ1,SP1
MKP1,FOS
MKP1,JUN
MKP1,JUNB
MKP1,MAPK14
MKP1,NFKB1
MKP1,PRKCZ
MKP1,RAC1
MKP1,SKP2
MKP1,TP53
MSK1,AP2A1
MSK1,AP2B1
MSK1,ATF2
MSK1,BAD
MSK1,FOS
MSK1,JUN
MSK1,MAPK14
MSK1,NFKB1
MSK1,PRKAR2A
MSK1,RELA
MSK1,SMARCA4
MSK1,STAT1
MSK1,STAT3
MST1R,ABL1
MST1R,CDC25A
MST1R,CRK
MST1R,ERBB2
MST1R,FYN
MST1R,GRB10
MST1R,GRB2
MST1R,JAK1
MST1R,LCK
MST1R,LYN
MST1R,MET
MST1R,PIK3R2
MST1R,PLCG1
MST1R,RAF1
MST1R,SHC1
MST1R,SOCS3
MST1R,SOS1
MST1R,SRC
MST1R,STAT1
MST1R,STAT3
MST1R,STAT5A
MST1R,STAT5B
MST1R,WASL
MTA2,RBBP7
MUPP1,FBXW7
MUPP1,NUMB
MUPP1,RNF4
MUPP1,SHC1
MUPP1,SNW1
MUPP1,SRC
MYB,SMAD2
MYB,SMAD3
MYB,STAT1
MYB,TCF3
MYC,NCOA3
MYC,TCF3
MYF6,TCF12
MYF6,TCF3
MYOD1,ID1
MYOD1,ID2
MYOD1,ID3
MYOD1,MYC
MYOD1,NCOA3
MYOD1,TCF12
MYOD1,TCF3
MYOG,TCF12
MYOG,TCF3
NCK,SNRPD2
NCK2,ABL1
NCK2,PIK3R2
NCK2,PTK2
NCK2,RAF1
NCK2,RBL1
NCK2,SMAD1
NCK2,SMAD2
NCK2,SMAD3
NCK2,SRC
NCK2,STAT1
NCK2,STAT3
NCK2,STAT5A
NCK2,STAT5B
NCK2,TGFB1
NCK2,WASL
NCOA3,TCF3
NFKB2,AKT1
NFKB2,APP
NFKB2,BCL3
NFKB2,CCND1
NFKB2,NFKB1
NFKB2,RELA
NFKB2,SP1
NFKB2,TRAF2
NFKB2,TRAF3
NFKB2,TRAF6
NFYC,NFYA
NGAP,AKT1
NGAP,CAV2
NGAP,CDK7
NGAP,DAB2
NGAP,HRAS
NGAP,NFKB2
NGAP,TRADD
NIK,AKT1
NIK,CASP2
NIK,EIF4E
NIK,FADD
NIK,HSPA8
NIK,MBP
NIK,NFKB1
NIK,NFKB2
NIK,RELA
NIK,RIPK1
NIK,SP1
NIK,TP53
NIK,TRADD
NIK,TRAF2
NIK,TRAF3
NIK,TRAF6
NKD1,AXIN1
NKD1,CTNNB1
NKD1,DKK1
NKD1,DVL2
NKD1,DVL3
NKD1,FOS
NKD1,JUN
NKD1,NLK
NKD1,PPP2CA
NKIRAS1,AKT1
NKIRAS1,BCL3
NKIRAS1,CDC34
NKIRAS1,NFKB1
NKIRAS1,NFKB2
NKIRAS1,RELA
NKIRAS1,TRAF2
NKIRAS1,TRAF6
NKIRAS2,AKT1
NKIRAS2,BCL3
NKIRAS2,CDC34
NKIRAS2,CDK6
NKIRAS2,CTNNB1
NKIRAS2,NFKB1
NKIRAS2,NFKB2
NKIRAS2,PSMD3
NKIRAS2,RELA
NKIRAS2,TRAF2
NKIRAS2,TRAF6
NOTCH1,JAG1
NOTCH1,MFNG
NOTCH2,PLCG1
NOTCH2,PSEN1
NOTCH2,PSEN2
NOTCH2,SMAD3
NOTCH3,CASP3
NOTCH3,NOTCH2
NOTCH4,CASP3
NOTCH4,NOTCH2
NR0B2,KRT18
NR3C1,BAG1
NR3C1,CALR
NR3C1,FOS
NR3C1,HDAC2
NR3C1,HDAC6
NR3C1,JUN
NR3C1,NCOA3
NR3C1,NCOR1
NR3C1,NFKB1
NR3C1,RELA
NR3C1,SMAD4
NR3C1,SMARCA4
NR3C1,SP1
NR3C1,STAT3
NR3C1,STAT5A
NR3C1,STAT5B
NR3C1,TP53
NRAS,NRAS
NRAS,PIK3CB
NRAS,PKN2
NRAS,PRKACA
NRAS,PRKCA
NRAS,PRKCI
NRAS,PRKCZ
NRAS,PSMC1
NRAS,RAF1
NRAS,RALGDS
NRAS,RBL2
NRAS,SOS1
NRAS,SRC
NSMAF,GRB10
NSMAF,TRADD
NSMAF,TRAF2
NUMBL,APP
NUMBL,EPS15
NUMBL,FZD9
NUMBL,NOTCH2
NUMBL,TAB2
NUMBL,TRAF6
NUP153,EPS15
NUP153,ERBB2
NUP153,RANBP9
NUP214,G3BP2
NUP214,SOS1
OTF1,BRCA1
OTF1,NFYA
OTF1,POLR2L
OTF1,SP1
OTF2,MCM5
P70S6K,CUL1
P70S6K,MET
P70S6K,SKP1
P70S6K,SKP2
P70S6K,SMAD4
P204,LYN
PAF53,POLR1A
PAF53,POLR1B
PAK1,AKT1
PAK1,CASP3
PAK1,CDC42
PAK1,FLNA
PAK1,GIT1
PAK1,GRB10
PAK1,GRB2
PAK1,NCK2
PAK1,PXN
PAK1,RAC1
PAK1,RAF1
PAK1,RHOA
PAK6,PRKCZ
PAN2,HDAC1
PAN2,PFDN2
PAN2,TRAF2
PAN2,TRAF6
PAPOLA,CTBP1
PAPOLA,CUL1
PAPOLA,KPNB1
PARD3,PRKCI
PARD3,PRKCZ
PARD3,RAF1
PATZ,NCOR1
PATZ,RNF4
PAX5,CEBPA
PAX5,ELK1
PAX5,ETS1
PAX5,FOXO1A
PAX5,HD
PAX5,JUN
PAX5,KPNA2
PAX5,MCM5
PAX5,MCM7
PAX5,MYB
PAX5,NCOA3
PAX5,PCAF
PAX5,PIAS1
PAX5,PIK3CD
PAX5,RELA
PAX5,SMAD2
PAX5,SMAD3
PAX5,SMAD4
PAX5,STAT1
PAX5,TCF3
PAX5,TP53
PCAF,SMAD1
PCAF,SMAD2
PCAF,SMAD3
PCAF,SMARCA4
PCAF,STAT1
PCAF,TCF3
PCAF,TRAF2
PCAF,ZFHX1B
PEG3,CDC25B
PEG3,GRB10
PEG3,TRAF2
PEG3,UBE3A
PEN2,APH1A
PEN2,APP
PEN2,CTNNB1
PEN2,NOTCH2
PEN2,PSEN1
PEN2,PSEN2
PEN2,TRAF6
PFDN2,SUMO1
PIAS1,NCOA3
PIAS1,PIK3CD
PIAS1,SMAD2
PIAS1,SMAD3
PIAS1,SPEN
PIAS1,STAT1
PIAS1,STAT5A
PIAS1,STAT5B
PIAS1,SUMO2
PIAS3,SMAD1
PIAS3,SMAD2
PIAS3,ZFHX1B
PIAS4,SMAD3
PIAS4,SMARCC2
PIAS4,STAT5A
PIAS4,STAT5B
PIAS4,SUMO1
PIK3CA,AKT1
PIK3CA,AKT2
PIK3CA,BCAR1
PIK3CA,CCND1
PIK3CA,CTNNB1
PIK3CA,ERBB2
PIK3CA,HRAS
PIK3CA,JAK1
PIK3CA,LCK
PIK3CA,LYN
PIK3CA,NRAS
PIK3CA,PIK3R1
PIK3CA,PIK3R2
PIK3CA,PRKCD
PIK3CA,RAC1
PIK3CA,RELA
PIK3CA,SHC1
PIK3CA,SRC
PIK3CA,STAT3
PIK3CA,TP53
PIK3CB,STAT1
PIK3CB,STAT3
PIK3CB,STAT5A
PIK3CD,PSEN1
PIK3CD,PSEN2
PIK3CD,SMAD2
PIK3CD,SMAD3
PIK3CD,STAT1
PIK3CD,TCF3
PIK3CG,CRKL
PIK3CG,CSK
PIK3CG,FYN
PIK3CG,LYN
PIK3CG,MCM5
PIK3CG,SOS1
PIK3CG,STAT5A
PIK3CG,STAT5B
PIK3CG,WASL
PIK3R2,ABL1
PIK3R2,PTK2
PIK3R2,RAF1
PIK3R2,SMAD1
PIK3R2,SMAD2
PIK3R2,SMAD3
PIK3R2,SOCS3
PIK3R2,SOS1
PIK3R2,SRC
PIK3R2,STAT1
PIK3R2,STAT3
PIK3R2,STAT5A
PIK3R2,STAT5B
PIK3R2,WASL
PITPN,ARRB2
PITPN,CAMK2D
PITPN,CRK
PITPN,PLCG1
PKN1,PSEN1
PKN1,RELA
PKN2,PLD2
PKN2,PSEN1
PKN2,WASL
PLCE1,HRAS
PLCE1,PIK3C2B
PLCE1,PIK3CB
PLCE1,PIK3CD
PLCE1,PIK3R1
PLCE1,PLCG1
PLCE1,PLCG2
PLCG1,PLD2
PLCG1,PTK2
PLCG1,SRC
PLCG2,ABL1
PLCG2,SRC
PLD1,ERBB2
PLD1,PLD2
PLD2,RAC1
PLD2,SMAD3
PML,HDAC1
POLR1A,RBX1
POLR2H,BRCA1
POLR2H,POLR1A
POLR2H,POLR2L
POLR2H,STAT5B
PPP2CA,STAT1
PPP2CA,STAT3
PPP2CA,STAT5A
PPP2CA,STAT5B
PPP2R5B,PPP2CA
PRKACA,BAD
PRKACA,CTNNB1
PRKACA,PRKAR1A
PRKACA,PRKAR2A
PRKACA,PRKCA
PRKACA,PSEN1
PRKACA,RELA
PRKAR2A,SMAD1
PRKAR2A,SMAD2
PRKCA,PRKCZ
PRKCA,SRC
PRKCA,STAT5A
PRKCA,STAT5B
PRKCA,TGFBR1
PRKCB,GJA1
PRKCB,JAK1
PRKCB,LCK
PRKCB,PLCG1
PRKCB,PLCG2
PRKCB,PRKCA
PRKCB,RAF1
PRKCB,RHOA
PRKCG,ADD1
PRKCG,APP
PRKCG,BAD
PRKCG,CCNB1
PRKCG,CCNB2
PRKCG,CDC25A
PRKCG,CDC25C
PRKCG,CDC42
PRKCG,CDK2
PRKCG,CRKL
PRKCG,CSK
PRKCG,FGR
PRKCG,FYN
PRKCG,GRB2
PRKCG,KRT18
PRKCG,PARD3
PRKCG,PIK3R2
PRKCG,PLD2
PRKCG,PRKACA
PRKCG,PRKCA
PRKCG,PRKCI
PRKCG,PRKCZ
PRKCG,RAC1
PRKCG,RAF1
PRKCG,SMAD3
PRKCG,SRC
PRKCG,STAT5A
PRKCG,STAT5B
PRKCG,TGFBR1
PRKCL,AKT1
PRKCL,AKT2
PRKCL,BCAR1
PRKCL,CASP3
PRKCL,CASP8
PRKCL,CASP9
PRKCL,CCND1
PRKCL,CD44
PRKCL,CDC42
PRKCL,GRB2
PRKCL,HSPA8
PRKCL,NRAS
PRKCL,PARD3
PRKCL,PRKCZ
PRKCL,RAC1
PRKCL,RAF1
PRKCL,RELA
PRKCL,SF1
PRKCL,SMAD3
PRKCL,TGFBR1
PRKCM,CCNE1
PRKCM,YAP1
PRKCZ,CASP8
PRKCZ,NUP153
PRKCZ,PRKCI
PRKCZ,RAC1
PRKCZ,RAF1
PRKCZ,SMAD2
PRKCZ,SMAD3
PRKCZ,STAT5A
PRKCZ,TGFBR1
PSD95,FYN
PSD95,SRC
PSEN1,CDC42
PSEN1,PSEN2
PSEN1,RAC1
PSEN1,VIM
PSMB5,PSMD12
PSMB5,PSMD4
PSMC1,PSMC2
PSMC1,PSMC3
PSMC1,PSMD1
PSMC1,PSMD12
PSMC1,PSMD13
PSMC1,PSMD3
PSMC1,PSMD4
PSMC1,PSMD7
PSMC1,TRAF6
PSMC2,PSMC3
PSMC2,PSMD1
PSMC2,PSMD12
PSMC2,PSMD13
PSMC2,PSMD3
PSMC2,PSMD4
PSMC2,PSMD7
PSMC2,RAF1
PSMC2,TRAF6
PSMC3,PSMD1
PSMC3,PSMD12
PSMC3,PSMD13
PSMC3,PSMD4
PSMC3,PSMD7
PSMD1,CLTC
PSMD1,PSMD12
PSMD1,PSMD13
PSMD1,PSMD3
PSMD1,PSMD4
PSMD1,PSMD7
PSMD3,COPS3
PSMD3,PSMD12
PSMD3,PSMD13
PSMD3,PSMD4
PSMD3,PSMD7
PSMD4,PSMD12
PSMD4,PSMD13
PSMD4,PSMD7
PSMD4,RELA
PSMD4,SUMO2
PSMD4,TRAF2
PSMD7,PSMD12
PSMD7,PSMD13
PSMD12,NFKB2
PSMD12,PSMD13
PSMD12,RIPK1
PSMD12,TRADD
PSMD13,ANAPC5
PSMD13,PSMB5
PTEN,CRKL
PTEN,CSK
PTEN,DVL3
PTEN,FGR
PTEN,FYN
PTEN,HDAC1
PTEN,HDAC2
PTEN,LYN
PTEN,PIK3CD
PTEN,RAF1
PTEN,RPL8
PTEN,STAT5A
PTEN,STAT5B
PTK2,ABL1
PTK2,SHC1
PTK2,SOCS3
PTK2,SRC
PTK2,STAT1
PTK2,STAT3
PTK2,STAT5A
PTK2,STAT5B
PTK6,ABL1
PTK6,CRK
PTK6,CRKL
PTK6,CSK
PTK6,ERBB2
PTK6,FGR
PTK6,FYN
PTK6,GRB10
PTK6,GRB2
PTK6,GRB7
PTK6,JAK1
PTK6,LCK
PTK6,LYN
PTK6,MET
PTK6,NCK2
PTK6,PIK3R2
PTK6,PLCG1
PTK6,PLCG2
PTK6,PTK2
PTK6,SHC1
PTK6,SOCS3
PTK6,SOCS5
PTK6,SRC
PTK6,STAT1
PTK6,STAT3
PTK6,STAT5A
PTK6,STAT5B
PTK6,VAV2
PTPN12,PRKAR1A
PTPN12,SOS1
PTPN12,SRC
PTPN12,STAT1
PTPN12,STAT5A
PTPN12,STAT5B
PTPN12,STUB1
PTPN12,WASL
PTP-SL,KPNA6
PTP-SL,MAPK14
PTP-SL,PRKACA
PYK2,ABL1
PYK2,CAMK2D
PYK2,CRK
PYK2,HRAS
PYK2,PRKCA
PYK2,PXN
PYK2,SRC
RAB5,AKT1
RAB5,APPL2
RAB5,CAV1
RAB5,CTNNB1
RAB5,EPS8
RAB5,MAPK14
RAB5,PIK3R1
RAB23,EPS8
RAC1,SMAD2
RAC1,SMAD3
RAC3,DVL3
RAC3,PLD2
RAC3,WASL
RACK1,FYN
RACK1,GRB2
RACK1,HRAS
RACK1,NSMAF
RACK1,PRKCA
RACK1,PRKCD
RACK1,RPL4
RACK1,RPS13
RACK1,SDC2
RACK1,SHC1
RACK1,SOS1
RACK1,SRC
RAD54L2,DYRK1A
RAD54L2,PKN1
RAD54L2,SUMO1
RAD54L2,SUMO2
RAF1,CDC25C
RAF1,PAPOLA
RAF1,PRKACA
RAF1,PRKAR1A
RAF1,PRKCI
RAF1,RHOA
RAF1,SF1
RAF1,SMAD2
RAF1,SMAD4
RAF1,SRC
RAF1,STAT1
RAF1,STAT3
RAF1,STAT5A
RAF1,STAT5B
RAF1,TCF3
RAF1,TP53
RAI,JUP
RAI,NFKB1
RAI,RELA
RAI,SP1
RAI,TP53
RAIDD,CASP2
RAIDD,CASP8
RAIDD,CASP9
RAIDD,DAXX
RAIDD,FADD
RAIDD,GRB10
RAIDD,NFKB1
RAIDD,RIPK1
RAIDD,TP53
RAIDD,TRADD
RAIDD,TRAF2
RALBP1,ABL1
RALBP1,CDC42
RALBP1,CSK
RALBP1,FGR
RALBP1,FYN
RALBP1,JAK1
RALBP1,LCK
RALBP1,LYN
RALBP1,MTIF2
RALBP1,NRAS
RALBP1,RAC1
RALBP1,RALB
RALBP1,RAN
RALBP1,RHOA
RAN,HDAC1
RAN,NUP214
RAN,RANBP9
RAN,RELA
RAN,SUMO1
RANK,AKT1
RANK,FHL2
RANK,FOS
RANK,NFKB1
RANK,RPS11
RANK,SRC
RANK,TAB2
RANK,TRAF2
RANK,TRAF3
RANK,TRAF5
RANK,TRAF6
RAP30,CCNH
RAP30,CDK9
RAP30,POLR2L
RAP74,CDK9
RB,FHL2
RBL1,SMAD1
RBL1,SMAD2
RBL1,SMAD3
RBL1,SMURF2
RBL1,SP1
RBL1,TGFBR1
RBL1,TP53
RBL1,ZFHX1B
RBL2,RELA
RBL2,SP1
RBPSUH,CTBP1
RBPSUH,CTBP2
RBPSUH,FHL1
RBPSUH,HDAC1
RBPSUH,HDAC2
RBPSUH,JAG1
RBPSUH,MAML1
RBPSUH,NFKB1
RBPSUH,NOTCH2
RBPSUH,POFUT1
RBPSUH,SNW1
RBPSUH,SPEN
RBX1,ANAPC2
RBX1,ZNF259
REL,PKN1
REL,RBL2
REL,RELA
RELA,PRKCI
RELA,SMAD2
RELA,SMAD3
RELA,SP1
RELA,SRC
RELA,STAT1
RELA,STAT3
RELA,STAT5A
RELA,STAT5B
RELA,TBK1
RELA,TCF3
RELA,TP53
RELB,HDAC1
RELB,KPNA2
RELB,PIAS1
RELB,PIAS4
RELB,PRKCI
RELB,RELA
RELB,STAT5A
RELB,STAT5B
REPS1,CRK
REPS1,GRB2
REPS1,RALB
REPS1,RALBP1
REPS2,CRKL
REQ,CASP7
REQ,FADD
REQ,FHL2
REQ,SMARCE1
RGS16,CCNB1
RGS16,IQGAP2
RGS16,PRKCI
RGS16,PRKCZ
RGS16,RELA
RHOA,PRKAR1A
RHOA,SMAD1
RHOA,SMAD2
RHOA,SMAD3
RHOA,TGFB1
RIP2,AKT1
RIP2,CDC42
RIP2,PTK2
RIP2,RAC1
RIP2,RHOA
RIP2,SRC
RIP140,CTBP1
RIP140,NCOR1
RIP140,SIN3A
RIPK1,NFKB2
RIPK1,STAT1
RIPK1,TRADD
RIPK1,TRAF2
RKIP,CDH1
RKIP,CDK2
RKIP,NFKB1
RKIP,PRKCA
RKIP,PRKCD
RKIP,PRKCZ
RKIP,RAF1
RKIP,SPRED1
RKIP,TRAF6
RKIP,YY1
RNF4,UBE2E1
ROCK1,FYN
ROCK1,LYN
ROCK1,PSEN1
ROCK1,RBL1
ROCK1,TBK1
ROR2,ABL1
ROR2,FYN
ROR2,GRB2
ROR2,PIK3R2
ROR2,SOCS3
ROR2,SOCS5
ROR2,STAT3
RPA5,POLR1A
RPA5,POLR1B
RPA5,POLR1D
RPA5,POLR2L
RPL4,RPL8
RPL4,STAT5A
RPL6,RPL8
RPL8,SOCS3
RSK1,AP2A1
RSK1,AP2B1
RSK1,BAD
RSK1,FOS
RSK1,GRB2
RSK1,HRAS
RSK1,NRAS
RSK1,PRKAR2A
RSK2,ELK1
RSK2,ETS1
RSK2,NRAS
RSK3,AP2A1
RSK3,AP2B1
RSK3,BAD
RSK3,EIF4E
RSK3,FOS
RSK3,HRAS
RSK3,JUN
RSK3,NRAS
RSK3,PRKCA
RTKN,AKT1
RTKN,CDC42
RTKN,PKN1
RTKN,RAC1
RTKN,RHOA
RTKN,SNX2
SALL1,CDC25C
SALL1,SIN3A
SALL1,SP1
SAM68,CD44
SAM68,CRK
SAM68,CSK
SAM68,FYN
SAM68,GRB10
SAM68,GRB2
SAM68,LCK
SAM68,LYN
SAM68,PIK3R1
SAM68,PIK3R2
SAM68,PLCG1
SAM68,PRMT1
SAM68,SRC
SAM68,STAT3
SAP97,ADAM10
SAP97,CDK2
SAP97,SRC
SAP97,UBE3A
SCF,APH1A
SCF,BRCA1
SCF,CTNNB1
SCF,CUL1
SCF,FBXW7
SCF,RBX1
SCF,SKP1
SCF,SKP2
SCF,UBE2L3
SENP1,HDAC1
SENP1,LRP6
SENP1,MTA2
SENP1,PIAS1
SENP1,PIAS4
SENP1,RNF4
SENP1,SUMO1
SENP1,SUMO2
SF1,PRKCI
SH2D3C,BCAR1
SH2D3C,EIF4E
SH2D3C,G3BP2
SH2D3C,SRC
SH3GL3,CTBP1
SH3GL3,HIP1
SH3GL3,MET
SH3GL3,SRC
SH3GL3,WASL
SHC1,SRC
SHIP,CRKL
SHIP,GRB2
SHIP,HRAS
SHIP,JAK1
SHIP,LYN
SHIP,MET
SHIP,PIK3C2B
SHIP,PIK3CA
SHIP,PIK3CB
SHIP,PIK3CD
SHIP,PIK3R1
SHIP,PIK3R2
SHIP,RAF1
SHIP,SHC1
SHIP2,AKT1
SHIP2,AKT2
SHIP2,BCAR1
SHIP2,CRK
SHIP2,GRB2
SHIP2,MET
SHIP2,PIK3R1
SHIP2,PIK3R2
SHIP2,PLCG1
SHIP2,PLCG2
SHIP2,SHC1
SHIP2,SRC
SHOC2,NRAS
SHOC2,PAPOLA
SHOC2,RAF1
SHP2,AKT1
SHP2,CEACAM1
SHP2,ERBB2
SHP2,FYN
SHP2,GRB2
SHP2,HRAS
SHP2,JAK1
SHP2,MET
SHP2,NRAS
SHP2,PIK3R1
SHP2,PIK3R2
SHP2,PTK2
SHP2,PXN
SHP2,SOCS3
SHP2,SOS1
SHP2,STAT1
SHP2,STAT3
SHP2,STAT5A
SIN3A,SMARCC2
SIN3A,SP1
SIN3A,SPEN
SIN3A,YY1
SINK,AKT1
SINK,AKT2
SINK,ATF2
SINK,ATF3
SINK,PPP2CA
SINK,RELA
SKI,ETS1
SKI,FOXO1A
SKI,HIPK2
SKI,PIAS1
SKI,PIAS4
SKI,SMAD1
SKI,SMAD2
SKI,SMAD3
SKI,SMAD4
SKI,SMURF2
SKIL,SMAD1
SKIL,SMAD2
SKIL,SMAD3
SKIL,SMURF2
SKP1,AXIN1
SKP1,CCNA2
SKP1,CDK2
SKP1,CDKN1A
SKP1,CTNNB1
SKP1,FBXW7
SKP1,NFKB1
SKP1,PSMC2
SKP1,PSMD12
SKP1,RBX1
SKP1,SKP2
SMAD1,COPS5
SMAD1,NUP153
SMAD1,NUP214
SMAD1,RAN
SMAD1,SMAD2
SMAD1,SMAD3
SMAD1,SMAD4
SMAD1,SMURF2
SMAD1,SP1
SMAD1,STUB1
SMAD1,TCF8
SMAD1,TGFB1
SMAD1,TGFBR1
SMAD1,TGFBR2
SMAD1,TP53
SMAD1,VIM
SMAD1,ZFHX1B
SMAD2,NCOA3
SMAD2,NUP153
SMAD2,NUP214
SMAD2,RAN
SMAD2,SMAD3
SMAD2,SMAD4
SMAD2,SMURF2
SMAD2,SP1
SMAD2,SPEN
SMAD2,STAT1
SMAD2,STAT3
SMAD2,STAT5A
SMAD2,STUB1
SMAD2,TCF3
SMAD2,TCF8
SMAD2,TGFB1
SMAD2,TGFBR1
SMAD2,TGFBR2
SMAD2,TP53
SMAD2,VIM
SMAD2,YY1
SMAD2,ZFHX1B
SMAD3,NCOA3
SMAD3,NUP153
SMAD3,NUP214
SMAD3,PRKCI
SMAD3,RAN
SMAD3,SMAD4
SMAD3,SMURF2
SMAD3,SP1
SMAD3,SPEN
SMAD3,STAT1
SMAD3,STAT3
SMAD3,STUB1
SMAD3,TCF3
SMAD3,TCF8
SMAD3,TGFB1
SMAD3,TGFBR1
SMAD3,TGFBR2
SMAD3,TP53
SMAD3,UBE2E1
SMAD3,ZFHX1B
SMAD4,SMURF2
SMAD4,STAT1
SMAD4,TCF3
SMAD4,TGFB1
SMAD4,TGFBR1
SMAD4,TP53
SMAD6,ARF4
SMAD6,FBXW7
SMAD7,RAF1
SMAD7,SMAD1
SMAD7,SMAD2
SMAD7,SMAD3
SMAD7,TGFB1
SMARCB1,CCND1
SMARCB1,CCNE1
SMARCB1,CDKN1A
SMARCB1,HDAC1
SMARCB1,MYC
SMARCB1,NCOR1
SMARCB1,SIN3A
SMARCB1,SMARCA4
SMARCB1,SMARCC1
SMARCB1,SMARCC2
SMARCB1,SMARCE1
SMARCB1,TP53
SMARCB1,VIM
SMARCC1,FOXO1A
SMARCC1,HDAC1
SMARCC1,HDAC2
SMARCC1,HDAC6
SMARCC1,MYB
SMARCC1,NCOR1
SMARCC1,NFYA
SMARCC1,PCAF
SMARCC1,SMARCA4
SMARCC1,TCF8
SMARCC2,SMARCA4
SMARCC2,SMARCC1
SMOH,ABL1
SMOH,ARRB2
SMOH,CCND1
SMOH,CSNK1A1
SMOH,HIP1
SMOH,NUMB
SMOH,PRKAR2A
SMOH,RAB23
SMRT,CTBP1
SMRT,NCOR1
SMRT,SIN3A
SMURF1,CAV1
SMURF1,CDC42
SMURF1,HDAC1
SMURF1,MET
SMURF1,RHOA
SMURF1,SMAD1
SMURF1,SMAD2
SMURF1,SMAD3
SMURF1,SMAD4
SMURF1,SMURF2
SMURF1,TGFBR1
SMURF1,TGFBR2
SMURF2,NUP214
SMURF2,RAN
SNCA,BCAR1
SNCA,CASP3
SNCA,CDC25A
SNCA,CRKL
SNCA,CSK
SNCA,FGR
SNCA,FYN
SNCA,HDAC1
SNCA,HDAC2
SNCA,IQGAP2
SNCA,LYN
SNCA,PRKCI
SNCA,RAF1
SNCA,RELA
SNIP1,KPNA6
SNW1,CDK9
SNW1,MYC
SNW1,NOTCH2
SNW1,RBL1
SNW1,RBL2
SNW1,SMAD2
SNW1,SMAD3
SNX1,EPS15
SNX1,HGS
SNX1,RAC1
SNX1,SNX2
SNX1,SNX6
SNX4,ABL1
SNX4,AKT1
SNX4,CDK9
SNX4,CSK
SNX4,FGR
SNX4,FYN
SNX4,JAK1
SNX4,LYN
SNX4,RIPK1
SNX4,SOS1
SNX4,SRC
SNX6,JAK1
SOCS1,CRKL
SOCS1,ERBB2
SOCS1,FYN
SOCS1,GRB2
SOCS1,GRB7
SOCS1,LYN
SOCS1,NCK2
SOCS1,PIK3R2
SOCS1,SOCS3
SOCS1,STAT1
SOCS1,STAT3
SOCS1,STAT5A
SOCS1,STAT5B
SOCS3,ABL1
SOCS3,NUP153
SOCS3,RAN
SOCS3,SRC
SOCS3,STAT1
SOCS3,STAT3
SOCS3,STAT5A
SOCS3,STAT5B
SOCS5,STAT5A
SOCS5,STAT5B
SOCS6,ABL1
SOCS6,CSK
SOCS6,ERBB2
SOCS6,FES
SOCS6,FGR
SOCS6,FYN
SOCS6,JAK1
SOCS6,LCK
SOCS6,LYN
SOCS6,MET
SOCS6,PTK2
SOCS6,SRC
SODD,BAG1
SODD,CASP2
SODD,DAXX
SODD,FADD
SODD,HSPA8
SODD,NFKB1
SODD,NKIRAS2
SODD,PPP2R2A
SODD,PSMD3
SODD,RIPK1
SODD,STUB1
SODD,TRADD
SODD,TRAF2
SOS1,ABL1
SOS1,CRK
SOS1,SHC1
SOS1,SRC
SOS1,STAT3
SOS1,STAT5A
SOS1,SVIL
SOS1,VAV2
SOS1,WASL
SOS2,GRB2
SOS2,GRB7
SOS2,MET
SOS2,SOS1
SOS2,STAT5A
SOS2,WASL
SP1,SPEN
SP1,STAT3
SP1,SUMO2
SPEN,STAT1
SPEN,TCF3
SPRY2,LRP1
SRC,STAT1
SRC,STAT3
SRC,STAT5A
SRC,STAT5B
SRC,VAV2
SRC,WASL
STAMBPL1,CLTC
STAMBPL1,COPS5
STAMBPL1,GRB2
STAMBPL1,SMAD2
STAP1,ABL1
STAP1,LYN
STAP1,PFDN2
STAP1,RUVBL1
STAP1,SRC
STAP1,STAT5A
STAT1,ABL1
STAT1,NCOA3
STAT1,PAPOLA
STAT1,RAC1
STAT1,RAN
STAT1,STAT3
STAT1,STAT5A
STAT1,STAT5B
STAT1,TCF3
STAT1,TP53
STAT2,ABL1
STAT2,CRKL
STAT2,CSK
STAT2,CTBP1
STAT2,FGR
STAT2,FYN
STAT2,GRB2
STAT2,HDAC1
STAT2,HDAC2
STAT2,JAK1
STAT2,KPNA2
STAT2,LCK
STAT2,LYN
STAT2,PTK2
STAT2,SMAD2
STAT2,SMAD3
STAT2,SOCS3
STAT2,SP1
STAT2,SRC
STAT2,STAT1
STAT2,STAT3
STAT2,STAT5A
STAT2,STAT5B
STAT2,TCF3
STAT3,CCND1
STAT3,MYC
STAT3,PIAS3
STAT3,RAC1
STAT5A,NUP153
STAT5A,PAPOLA
STAT5A,RAC1
STAT5A,SHC1
STAT5A,STAT3
STAT5A,STAT5B
STAT5A,TCF3
STAT5A,TGFB1
STAT5A,TP53
STAT5A,TRADD
STAT5A,VAV3
STAT5B,ABL1
STAT5B,NUP153
STAT5B,RAC1
STAT5B,STAT3
STAT5B,TGFB1
STAT5B,TRADD
STAT5B,VAV3
STEP,FYN
STEP,MAPK14
STK11,HGS
STK11,PCAF
STK36,CDK9
STUB1,TGFB1
SUMO1,SMARCA4
SUMO1,SUMO2
SUMO1,ZNF259
SVIL,TRADD
SVIL,WASL
T2BP,DVL2
T2BP,JUN
T2BP,NFKB1
T2BP,SMURF2
T2BP,TRADD
T2BP,TRAF2
T2BP,TRAF3
T2BP,TRAF5
T2BP,TRAF6
TAB1,HIPK2
TAB1,RIPK1
TAB1,TAB2
TAB1,TGFBR1
TAB1,TGFBR2
TAB1,TRADD
TAB1,TRAF2
TAB1,TRAF6
TAB2,HIPK2
TAB2,NCOR1
TAB2,NFKB1
TAB2,NLK
TAB2,RIPK1
TAB2,TGFBR1
TAB2,TGFBR2
TAB2,TRADD
TAB2,TRAF2
TAB2,TRAF6
TAB3,ATF2
TAB3,MAPK14
TAB3,NFKB1
TAB3,PKN1
TAB3,RIPK1
TAB3,TAB1
TAB3,TAB2
TAB3,TRAF2
TAB3,TRAF6
TAK1,NR0B2
TAK1,TAB1
TAK1,TAB2
TAK1,TRAF2
TAK1,TRAF6
TBK1,WASL
TBP,JUN
TBP,JUND
TBP,NCOR1
TBP,PSMC2
TBP,PSMC3
TBP,PSMD4
TBP,RANBP9
TBP,RUVBL1
TBP,SMARCA4
TBP,SMARCB1
TBP,SMARCC2
TBPIP,BRCA1
TBPIP,CCNB2
TBPIP,PSMC3
TCF3,STAT3
TCF3,TCF12
TCF3,TP53
TCF4,ID3
TCF4,TCF12
TCF4,TCF3
TCF8,ZFHX1B
TEC,ABL1
TEC,CRK
TEC,CRKL
TEC,CSK
TEC,EPOR
TEC,ERBB2
TEC,FGR
TEC,FYN
TEC,GRB10
TEC,GRB2
TEC,GRB7
TEC,HSPA8
TEC,JAK1
TEC,KPNA2
TEC,LCK
TEC,LYN
TEC,MET
TEC,NCK2
TEC,PCAF
TEC,PIK3R2
TEC,PLCG1
TEC,PPP2CA
TEC,PRKCA
TEC,PRKCD
TEC,PRKCI
TEC,PTK2
TEC,PTPN12
TEC,RAF1
TEC,SHC1
TEC,SMAD1
TEC,SMAD2
TEC,SMAD3
TEC,SOCS3
TEC,SRC
TEC,STAT1
TEC,STAT3
TEC,STAT5A
TEC,STAT5B
TEC,TGFB1
TEC,WASL
TFDP2,CDC25A
TFDP2,CDC25B
TFDP2,CDC25C
TFIIH,CCNH
TGFB1,RAN
TGFB1,TGFBR1
TGFB1,TGFBR2
TGFB2,TGFBR2
TGFB3,TGFB1
TGFBR1,NUP214
TGFBR1,PRKCI
TGFBR1,RAN
TGFBR1,TGFBR2
TGFBR3,ARRB2
TGFBR3,CD44
TGFBR3,NCOA3
TGFBR3,SDC2
TGFBR3,SMAD2
TGFBR3,SMAD3
TGFBR3,SMAD4
TGFBR3,TGFB1
TGFBR3,TGFBR1
TGFBR3,TGFBR2
TGFBRAP1,NCOR1
TGFBRAP1,SMAD2
TGFBRAP1,SMAD3
TGFBRAP1,SMAD4
TGFBRAP1,TGFB1
TGFBRAP1,TGFBR1
TGFBRAP1,TGFBR2
TGFBRAP1,TGFBR3
TIEG2,FAF1
TIEG2,HDAC6
TIP1,CTNNB1
TIP60,APP
TIP60,FANCD2
TIP60,HDAC1
TIP60,MYC
TIP60,NCOR1
TIP60,NFKB1
TIP60,RUVBL1
TIP60,STAT3
TIP60,TP53
TNAP,DKK1
TNAP,SMAD1
TNAP,TRAF2
TNAP,TRAF3
TNF,TRADD
TNF,WASL
TNFR1,CASP2
TNFR1,CASP3
TNFR1,CASP8
TNFR1,FADD
TNFR1,JAK1
TNFR1,NFKB1
TNFR1,NSMAF
TNFR1,RELA
TNFR1,RIPK1
TNFR1,STAT1
TNFR1,TAB1
TNFR1,TRADD
TNFR1,TRAF2
TNFR1,TRAF3
TNFR1,TRAF5
TNFR1,TRAF6
TNFR2,CSNK1A1
TNFR2,NFKB1
TNFR2,PRKAR2A
TNFR2,RIPK1
TNFR2,STAT1
TNFR2,TRADD
TNFR2,TRAF2
TNIP1,NFKB1
TNK2,BCAR1
TNK2,CDC42
TNK2,CLTC
TNK2,DVL3
TNK2,FYN
TNK2,GRB2
TNK2,RAC1
TNK2,VAV2
TNK2,WASL
TP53,COPS5
TP53,NUP153
TP53,RAN
TP73,CCNB2
TP73,CDC25A
TP73,KPNA2
TP73,SMAD1
TP73,SMAD2
TP73,SMAD3
TP73,SMURF2
TP73,STAT1
TP73,TCF3
TPL2,AKT1
TPL2,AKT2
TPL2,JUN
TPL2,NFKB1
TPL2,NFKB2
TPL2,RELA
TPL2,RIPK1
TPL2,TRAF2
TPL2,TRAF6
TR4,NR0B2
TR4,TAB1
TR4,TAB2
TR4,TRAF2
TR4,TRAF6
TRADD,NFKB2
TRADD,STAT3
TRADD,TRAF2
TRADD,TRAF5
TRAF1,FADD
TRAF1,FYN
TRAF1,PSEN1
TRAF1,RIPK1
TRAF1,SOS1
TRAF1,TRADD
TRAF1,TRAF2
TRAF1,TRAF5
TRAF1,TRAF6
TRAF2,NUP153
TRAF2,TRAF5
TRAF2,WASL
TRAF5,TRAF6
TRAF6,TRAF2
TRAILR1,CASP8
TRAILR1,FADD
TRAILR1,NFKB1
TRAILR1,RIPK1
TRAILR1,TP53
TRAILR1,TRADD
TRIP,CTNNB1
TRIP,ETS1
TRIP,SP1
TRUSS,APH1A
TRUSS,APP
TRUSS,CTNNB1
TRUSS,MYC
TRUSS,NCOR1
TRUSS,PSEN1
TRUSS,PSEN2
TRUSS,RBX1
TRUSS,RIPK1
TRUSS,TRADD
TRUSS,TRAF2
TRUSS,UBE2D1
TVL1,CASP8
TVL1,KRT7
TVL1,MYC
TVL1,NFYA
TVL1,NFYB
TVL1,NFYC
TVL1,RAF1
UBC9,CASP3
UBC9,DSP
UBC9,STAT5A
UBCH5B,CUL1
UBCH5B,RBX1
UBCH5B,STUB1
UBCH5B,SUMO1
UBCH5B,UBE3A
UBCH5C,PFDN2
UBCH5C,PPP2CA
UBCH5C,RAN
UBE3A,HDAC1
UBE3A,MCM7
UBE3A,RBBP7
UBE3A,SAP18
UBE3A,SIN3A
UBE3A,TP53
UBE3A,UBE2D1
UBE3A,UBE2E1
UBE3A,UBE2L3
UNC5CL,NFKB1
UNC5CL,NFKB2
UNC5CL,RELA
USP9,CCND1
USP9,SUMO1
USP9,SUMO2
UXT,RPL4
VANGL2,AXIN1
VANGL2,CALR
VANGL2,CTNNB1
VANGL2,DVL1
VANGL2,DVL2
VANGL2,DVL3
VANGL2,FZD1
VANGL2,FZD7
VANGL2,MAGI3
VANGL2,NKD1
VAV1,ABL1
VAV1,BCAR1
VAV1,CASP3
VAV1,CAV1
VAV1,CRKL
VAV1,CSK
VAV1,EPOR
VAV1,ERBB2
VAV1,FGR
VAV1,FYN
VAV1,GRB10
VAV1,GRB2
VAV1,HSPA8
VAV1,JAK1
VAV1,LCK
VAV1,LYN
VAV1,MET
VAV1,NCK2
VAV1,NRAS
VAV1,PIK3CD
VAV1,PIK3R2
VAV1,PLD2
VAV1,PRKCA
VAV1,PRKCZ
VAV1,PSEN1
VAV1,PTK2
VAV1,RAF1
VAV1,RAN
VAV1,RHOA
VAV1,SOCS3
VAV1,SOCS5
VAV1,SOS1
VAV1,SRC
VAV1,STAT1
VAV1,STAT3
VAV1,STAT5A
VAV1,STAT5B
VAV1,TGFBR1
VAV1,TGFBR2
VAV1,VAV2
VAV1,WASL
VAV2,ABL1
VAV2,WASL
VAV3,WASL
VDR,FOS
VDR,KPNA2
VDR,SMAD1
VDR,SMAD2
VDR,SMAD3
VDR,STAT1
VDR,STAT3
VDR,STAT5A
VDR,STAT5B
VDR,TCF3
VDR,TGFBR1
VIM,PRKAR1A
WASL,ABL1
WASL,CRK
WASL,RAC1
WASL,SHC1
WASL,SNX1
WASL,STAT3
WNT1,FZD4
WNT1,FZD7
WNT1,FZD9
WNT1,SFRP1
WNT4,FZD1
WNT4,FZD4
WNT4,FZD7
WNT4,SFRP1
WNT5A,FZD7
YES,ABL1
YES,CSK
YES,CTNND1
YES,FGR
YES,FYN
YES,GRB7
YES,LCK
YES,LYN
YES,MAPK14
YES,PLCG1
YES,RAC1
YES,SOS1
YES,SRC
YY1,PAPOLA
ZIN,RIPK1
ZIN,STAT3
ZIN,UBE2L3
ZNF216,CDC34
ZNF216,RELA
ZNF216,RIPK1
ZNF216,TRAF6
